{"event":[{"query":{"id":[{"timestamp_usec":"1388534391199307"}],"query_text":"(Current Location) -> Love's Travel Stop, 5115 N 300 E, Whiteland, IN 46184"}},{"query":{"id":[{"timestamp_usec":"1388534278999617"}],"query_text":"(Current Location) -> Interstate 65, Whiteland, IN 46184"}},{"query":{"id":[{"timestamp_usec":"1388534278064998"}],"query_text":"in near Interstate 65, Whiteland, IN"}},{"query":{"id":[{"timestamp_usec":"1388534097214932"}],"query_text":"(Current Location) -> 520 Williamson St, Whiteland, IN 46184"}},{"query":{"id":[{"timestamp_usec":"1388517811876666"}],"query_text":"www.lowes.com/survey"}},{"query":{"id":[{"timestamp_usec":"1388501588931274"}],"query_text":"jobs in whiteland indiana"}},{"query":{"id":[{"timestamp_usec":"1388443637554092"}],"query_text":"(Current Location) -> 520 Williamson St, Whiteland, IN 46184"}},{"query":{"id":[{"timestamp_usec":"1388443608544132"}],"query_text":"520 Williamson St, Whiteland, IN"}},{"query":{"id":[{"timestamp_usec":"1388440207555116"},{"timestamp_usec":"1388440543803537"},{"timestamp_usec":"1388440700696455"},{"timestamp_usec":"1388440709533352"}],"query_text":"(Current Location) -> Lowe's Home Improvement, 3500 10th St, Columbus, IN 47201"}},{"query":{"id":[{"timestamp_usec":"1388436485124432"},{"timestamp_usec":"1388436567429061"},{"timestamp_usec":"1388436570792225"},{"timestamp_usec":"1388436572261509"},{"timestamp_usec":"1388436584040564"},{"timestamp_usec":"1388436587659577"},{"timestamp_usec":"1388436593080468"},{"timestamp_usec":"1388436639470936"},{"timestamp_usec":"1388436644780227"},{"timestamp_usec":"1388436759942702"},{"timestamp_usec":"1388436781059006"},{"timestamp_usec":"1388436781385560"},{"timestamp_usec":"1388436951831470"},{"timestamp_usec":"1388437121162934"},{"timestamp_usec":"1388437143262037"},{"timestamp_usec":"1388437444145591"},{"timestamp_usec":"1388437446550168"},{"timestamp_usec":"1388437451248831"}],"query_text":"(Current Location) -> Lowe's Home Improvement, 3500 10th St, Columbus, IN 47201"}},{"query":{"id":[{"timestamp_usec":"1388428514219345"}],"query_text":"fazoli's in franklin in"}},{"query":{"id":[{"timestamp_usec":"1388428302578575"},{"timestamp_usec":"1388428312520298"}],"query_text":"thing a use to block the drafts coming from bottom of door"}},{"query":{"id":[{"timestamp_usec":"1388427932849309"}],"query_text":"door drafts what to out under my door"}},{"query":{"id":[{"timestamp_usec":"1388427827725339"},{"timestamp_usec":"1388427842819943"},{"timestamp_usec":"1388427846518735"},{"timestamp_usec":"1388427858208896"}],"query_text":"door drafts what to out under m door"}},{"query":{"id":[{"timestamp_usec":"1388426031636334"}],"query_text":"fazolis in franklin in"}},{"query":{"id":[{"timestamp_usec":"1388393507485127"}],"query_text":"dreams"}},{"query":{"id":[{"timestamp_usec":"1388358310083955"}],"query_text":"my web history"}},{"query":{"id":[{"timestamp_usec":"1388333839109574"}],"query_text":"is methadone an opiate blocker"}},{"query":{"id":[{"timestamp_usec":"1388333663534116"}],"query_text":"is there a methadone clinic open on sunday"}},{"query":{"id":[{"timestamp_usec":"1388333284950515"}],"query_text":"wishard hospital indianapolis indiana phone number"}},{"query":{"id":[{"timestamp_usec":"1388322614989221"}],"query_text":"wishard hospital indianapolis indiana phone number"}},{"query":{"id":[{"timestamp_usec":"1388099818853547"}],"query_text":"my history"}},{"query":{"id":[{"timestamp_usec":"1388087279977122"}],"query_text":"my history"}},{"query":{"id":[{"timestamp_usec":"1388087161622643"}],"query_text":"me on the web"}},{"query":{"id":[{"timestamp_usec":"1388023217557694"}],"query_text":"what stores are open on xmas night in franklin in"}},{"query":{"id":[{"timestamp_usec":"1388023079377224"}],"query_text":"walmart in franklin in"}},{"query":{"id":[{"timestamp_usec":"1387958609912620"}],"query_text":"space rock explodes over russia"}},{"query":{"id":[{"timestamp_usec":"1387947579687054"}],"query_text":"tuna casserole"}},{"query":{"id":[{"timestamp_usec":"1387931824658265"}],"query_text":"tuna casserole"}},{"query":{"id":[{"timestamp_usec":"1387860973050500"}],"query_text":"brazil indiana+population"}},{"query":{"id":[{"timestamp_usec":"1387860907700933"}],"query_text":"linton indiana population"}},{"query":{"id":[{"timestamp_usec":"1387756554913955"}],"query_text":"walmart in franklin in"}},{"query":{"id":[{"timestamp_usec":"1387756279028634"}],"query_text":"520 Williamson St"}},{"query":{"id":[{"timestamp_usec":"1387756166931549"}],"query_text":"(Current Location) -> 520 Williamson St, Whiteland, IN"}},{"query":{"id":[{"timestamp_usec":"1387750131624961"}],"query_text":"walmart in franklin in"}},{"query":{"id":[{"timestamp_usec":"1387738661597676"}],"query_text":"(Current Location) -> 520 Williamson St, Whiteland, IN 46184"}},{"query":{"id":[{"timestamp_usec":"1387738658719268"}],"query_text":"520 Williamson St, Whiteland, IN"}},{"query":{"id":[{"timestamp_usec":"1387726279625761"}],"query_text":"84 lumber in Greenwood Indiana"}},{"query":{"id":[{"timestamp_usec":"1387713568881379"},{"timestamp_usec":"1387714604311817"}],"query_text":"(Current Location) -> 4650 Pennwood Dr, Indianapolis, IN 46205"}},{"query":{"id":[{"timestamp_usec":"1387713565159395"}],"query_text":"4650 Pennwood Dr, Indianapolis, IN"}},{"query":{"id":[{"timestamp_usec":"1387690759981054"},{"timestamp_usec":"1387690950032956"}],"query_text":"fox 59 indianapolis weather"}},{"query":{"id":[{"timestamp_usec":"1387688177259194"}],"query_text":"how long do migraines last"}},{"query":{"id":[{"timestamp_usec":"1387683345677394"}],"query_text":"(Current Location) -> Center Grove Bantam Football, 5185 W County Road 144, Bargersville, IN 46106"}},{"query":{"id":[{"timestamp_usec":"1387683305882047"}],"query_text":"bantan road in bargersville indiana"}},{"query":{"id":[{"timestamp_usec":"1387681771186986"}],"query_text":"(Current Location) -> 480 Center St, Franklin, IN 46131"}},{"query":{"id":[{"timestamp_usec":"1387564061937549"}],"query_text":"(Current Location) -> Johnson Memorial Hospital, 1125 W Jefferson St, Franklin, IN 46131"}},{"query":{"id":[{"timestamp_usec":"1387561813237879"}],"query_text":"(Current Location) -> Johnson Memorial Hospital, 1125 W Jefferson St, Franklin, IN 46131"}},{"query":{"id":[{"timestamp_usec":"1387561812049594"}],"query_text":"Johnson Memorial Hospital, W Jefferson St, Franklin, IN"}},{"query":{"id":[{"timestamp_usec":"1387550113974397"},{"timestamp_usec":"1387550911860994"},{"timestamp_usec":"1387551552298911"}],"query_text":"(Current Location) -> 4650 Pennwood Dr, Indianapolis, IN 46205"}},{"query":{"id":[{"timestamp_usec":"1387550108948888"}],"query_text":"4650 Pennwood Dr, Indianapolis, IN"}},{"query":{"id":[{"timestamp_usec":"1387497944936973"}],"query_text":"hip plan of indiana"}},{"query":{"id":[{"timestamp_usec":"1387495290590647"}],"query_text":"30 gb ipod classic"}},{"query":{"id":[{"timestamp_usec":"1387479637151493"}],"query_text":"how do i rebuild a nova 390 prostep paint sprayer"}},{"query":{"id":[{"timestamp_usec":"1387477431875362"}],"query_text":"cymbalta"}},{"query":{"id":[{"timestamp_usec":"1387471149134290"}],"query_text":"how do I rebuild a Nova 390 prostep paint sprayer"}},{"query":{"id":[{"timestamp_usec":"1387470238136446"}],"query_text":"how do I fix my primer valve on my Nova 390 spray pump"}},{"query":{"id":[{"timestamp_usec":"1387406324926331"},{"timestamp_usec":"1387406376912298"},{"timestamp_usec":"1387406405684768"},{"timestamp_usec":"1387407145668899"}],"query_text":"(Current Location) -> Johnson Memorial Hospital, 1125 W Jefferson St, Franklin, IN 46131"}},{"query":{"id":[{"timestamp_usec":"1387406323877143"}],"query_text":"Johnson Memorial Hospital, W Jefferson St, Franklin, IN"}},{"query":{"id":[{"timestamp_usec":"1387381959037231"}],"query_text":"meag millions"}},{"query":{"id":[{"timestamp_usec":"1387313413709217"}],"query_text":"(Current Location) -> Main Source Bank, 597 Banta St, Franklin, IN 46131"}},{"query":{"id":[{"timestamp_usec":"1387313412317418"},{"timestamp_usec":"1387313412975482"}],"query_text":"Main Source Bank, Banta Street, Franklin, IN"}},{"query":{"id":[{"timestamp_usec":"1387295626854778"}],"query_text":"how do i install a thermostat on a 1996 lincoln town car with the 4.6 liter motor"}},{"query":{"id":[{"timestamp_usec":"1387295314402806"}],"query_text":"how do I install a thermostat on a 1996 Lincoln Town Car with the 4.6 liter motor"}},{"query":{"id":[{"timestamp_usec":"1387243145970891"}],"query_text":"(Current Location) -> Johnson Memorial Hospital, 1125 W Jefferson St, Franklin, IN 46131"}},{"query":{"id":[{"timestamp_usec":"1387243144750280"}],"query_text":"Johnson county hospital in franklin indiana"}},{"query":{"id":[{"timestamp_usec":"1387220590836985"}],"query_text":"(Current Location) -> Deal's Gap Motorcycle Resort, 17548 Tapoco Rd, Robbinsville, NC 28771"}},{"query":{"id":[{"timestamp_usec":"1387220569123387"}],"query_text":"gas stations"}},{"query":{"id":[{"timestamp_usec":"1387068066226123"}],"query_text":"free vision tests in Whiteland Indiana"}},{"query":{"id":[{"timestamp_usec":"1387064673565703"}],"query_text":"(Current Location) -> 520 Williamson St, Whiteland, IN 46184"}},{"query":{"id":[{"timestamp_usec":"1387064669315142"}],"query_text":"520 Williamson St, Whiteland, IN"}},{"query":{"id":[{"timestamp_usec":"1387064293024779"}],"query_text":"(Current Location) -> 520 Williamson St, Whiteland, IN 46184"}},{"query":{"id":[{"timestamp_usec":"1387064269722966"}],"query_text":"520 Williamson St, Whiteland, IN"}},{"query":{"id":[{"timestamp_usec":"1387064233338456"}],"query_text":"(Current Location) -> N Banta Rd, Bargersville, IN 46106"}},{"query":{"id":[{"timestamp_usec":"1387057310490782"}],"query_text":"(Current Location) -> N Banta Rd, Bargersville, IN 46106"}},{"query":{"id":[{"timestamp_usec":"1386961585527198"},{"timestamp_usec":"1386961599926800"},{"timestamp_usec":"1386961600773896"},{"timestamp_usec":"1386961816150682"},{"timestamp_usec":"1386961827772758"},{"timestamp_usec":"1386962598310609"},{"timestamp_usec":"1386962968318779"},{"timestamp_usec":"1386962969975137"}],"query_text":"(Current Location) -> 520 Williamson St, Whiteland, IN"}},{"query":{"id":[{"timestamp_usec":"1386949653216601"}],"query_text":"how can I get the security code for my 30gb ipod classic"}},{"query":{"id":[{"timestamp_usec":"1386948754669459"},{"timestamp_usec":"1386948886194420"}],"query_text":"(Current Location) -> E 46th St & N Park Ave, Indianapolis, IN 46205"}},{"query":{"id":[{"timestamp_usec":"1386948634010358"},{"timestamp_usec":"1386948697143174"},{"timestamp_usec":"1386948700130929"},{"timestamp_usec":"1386948707258928"},{"timestamp_usec":"1386948713470684"},{"timestamp_usec":"1386948720350828"},{"timestamp_usec":"1386948726169988"},{"timestamp_usec":"1386948732382121"}],"query_text":"(Current Location) -> E 46th St, Indianapolis, IN"}},{"query":{"id":[{"timestamp_usec":"1386948610082954"}],"query_text":"E 46th St, Indianapolis, IN"}},{"query":{"id":[{"timestamp_usec":"1386938066799208"}],"query_text":"fox 59 indy sxhool delays"}},{"query":{"id":[{"timestamp_usec":"1386918820075002"}],"query_text":"sani seal"}},{"query":{"id":[{"timestamp_usec":"1386918794455142"}],"query_text":"sani"}},{"query":{"id":[{"timestamp_usec":"1386918019436847"}],"query_text":"familyhandyman.com"}},{"query":{"id":[{"timestamp_usec":"1386899673581939"}],"query_text":"(Current Location) -> 520 Williamson St, Whiteland, IN 46184"}},{"query":{"id":[{"timestamp_usec":"1386899665330987"}],"query_text":"520 Williamson St, Whiteland, IN"}},{"query":{"id":[{"timestamp_usec":"1386890610400218"}],"query_text":"(Current Location) -> E 46th St & N Park Ave, Indianapolis, IN 46205"}},{"query":{"id":[{"timestamp_usec":"1386890609407188"}],"query_text":"46th street and park ave indianapolis Indiana"}},{"query":{"id":[{"timestamp_usec":"1386890582600928"}],"query_text":"E 46th St, Indianapolis, IN"}},{"query":{"id":[{"timestamp_usec":"1386887302277184"},{"timestamp_usec":"1386887430315579"},{"timestamp_usec":"1386887440374830"},{"timestamp_usec":"1386887469333382"},{"timestamp_usec":"1386887538136543"},{"timestamp_usec":"1386887554767918"},{"timestamp_usec":"1386887566266469"},{"timestamp_usec":"1386887712201909"},{"timestamp_usec":"1386887713210344"}],"query_text":"(Current Location) -> Lowe's, 6002 N Rural St, Indianapolis, IN 46220"}},{"query":{"id":[{"timestamp_usec":"1386887072256500"}],"query_text":"Lowes near 46th Street and Park Avenue Indianapolis Indiana"}},{"query":{"id":[{"timestamp_usec":"1386887019497539"}],"query_text":"lowes Indianapolis Indiana"}},{"query":{"id":[{"timestamp_usec":"1386886975138911"}],"query_text":"Lowe's, Madison Avenue, Indianapolis, IN"}},{"query":{"id":[{"timestamp_usec":"1386886911073626"}],"query_text":"lowes near me"}},{"query":{"id":[{"timestamp_usec":"1386883363838417"}],"query_text":"(Current Location) -> E 46th St & N Park Ave, Indianapolis, IN 46205"}},{"query":{"id":[{"timestamp_usec":"1386883350381386"}],"query_text":"46th street and park ave. indianapolis indiana"}},{"query":{"id":[{"timestamp_usec":"1386883311497683"}],"query_text":"E 46th St, Indianapolis, IN"}},{"query":{"id":[{"timestamp_usec":"1386882644576066"}],"query_text":"(Current Location) -> E 46th St & N Park Ave, Indianapolis, IN 46205"}},{"query":{"id":[{"timestamp_usec":"1386882577449712"}],"query_text":"(Current Location) -> E 46th St, Indianapolis, IN"}},{"query":{"id":[{"timestamp_usec":"1386882561073601"}],"query_text":"E 46th St"}},{"query":{"id":[{"timestamp_usec":"1386864809842095"}],"query_text":"child survices in franklin indiana"}},{"query":{"id":[{"timestamp_usec":"1386861997788090"},{"timestamp_usec":"1386862420086801"},{"timestamp_usec":"1386862421122405"}],"query_text":"(Current Location) -> 520 Williamson St, Whiteland, IN"}},{"query":{"id":[{"timestamp_usec":"1386861417719509"},{"timestamp_usec":"1386861527645738"}],"query_text":"(Current Location) -> E 46th St & N Park Ave, Indianapolis, IN 46205"}},{"query":{"id":[{"timestamp_usec":"1386860414140884"},{"timestamp_usec":"1386861355129645"},{"timestamp_usec":"1386861359138582"},{"timestamp_usec":"1386861364207152"},{"timestamp_usec":"1386861368150690"},{"timestamp_usec":"1386861374450882"},{"timestamp_usec":"1386861380915610"}],"query_text":"(Current Location) -> E 46th St, Indianapolis, IN"}},{"query":{"id":[{"timestamp_usec":"1386860359914821"},{"timestamp_usec":"1386860393260591"}],"query_text":"(Current Location) -> E 46th St & N Park Ave, Indianapolis, IN 46205"}},{"query":{"id":[{"timestamp_usec":"1386860309052241"}],"query_text":"46th street and park street in indianapolis indiana"}},{"query":{"id":[{"timestamp_usec":"1386860256914194"}],"query_text":"E 46th St, Indianapolis, IN"}},{"query":{"id":[{"timestamp_usec":"1386859349812404"}],"query_text":"straight talk"}},{"query":{"id":[{"timestamp_usec":"1386806699087821"},{"timestamp_usec":"1386806717776715"},{"timestamp_usec":"1386806717793603"},{"timestamp_usec":"1386806753824949"},{"timestamp_usec":"1386806753897344"},{"timestamp_usec":"1386806828964172"},{"timestamp_usec":"1386807238185937"},{"timestamp_usec":"1386807240203255"}],"query_text":"(Current Location) -> 520 Williamson St, Whiteland, IN 46184"}},{"query":{"id":[{"timestamp_usec":"1386806698006567"}],"query_text":"520 Williamson St, Whiteland, IN"}},{"query":{"id":[{"timestamp_usec":"1386799609568450"}],"query_text":"how long should ibtake it easy after a concussion"}},{"query":{"id":[{"timestamp_usec":"1386796090858401"}],"query_text":"(Current Location) -> E 46th St, Indianapolis, IN"}},{"query":{"id":[{"timestamp_usec":"1386795083548297"}],"query_text":"(Current Location) -> McDonald's, 37 W 38th St, Indianapolis, IN"}},{"query":{"id":[{"timestamp_usec":"1386791378457973"},{"timestamp_usec":"1386791389340273"}],"query_text":"(Current Location) -> E 46th St & N Park Ave, Indianapolis, IN 46205"}},{"query":{"id":[{"timestamp_usec":"1386788696671462"},{"timestamp_usec":"1386789171144915"},{"timestamp_usec":"1386789188557992"},{"timestamp_usec":"1386789321219997"}],"query_text":"(Current Location) -> E 46th St & N Park Ave, Indianapolis, IN 46205"}},{"query":{"id":[{"timestamp_usec":"1386788692993072"}],"query_text":"46th and park street in indianapolis Indiana"}},{"query":{"id":[{"timestamp_usec":"1386777360647807"}],"query_text":"(Current Location) -> 520 Williamson St, Whiteland, IN 46184"}},{"query":{"id":[{"timestamp_usec":"1386777359558283"}],"query_text":"520 Williamson St, Whiteland, IN"}},{"query":{"id":[{"timestamp_usec":"1386775138398161"},{"timestamp_usec":"1386775580301305"},{"timestamp_usec":"1386777285414535"},{"timestamp_usec":"1386777286914907"}],"query_text":"(Current Location) -> E 46th St & N Park Ave, Indianapolis, IN 46205"}},{"query":{"id":[{"timestamp_usec":"1386775129636604"}],"query_text":"46th St & Park Ave, Indianapolis, IN"}},{"query":{"id":[{"timestamp_usec":"1386775017306809"}],"query_text":"E 46th St, Indianapolis, IN"}},{"query":{"id":[{"timestamp_usec":"1386773538525759"},{"timestamp_usec":"1386773885082116"}],"query_text":"(Current Location) -> McDonald's, 37 W 38th St, Indianapolis, IN 46208"}},{"query":{"id":[{"timestamp_usec":"1386773180146281"}],"query_text":"(Current Location) -> E 46th St & N Park Ave, Indianapolis, IN 46205"}},{"query":{"id":[{"timestamp_usec":"1386773131186693"}],"query_text":"46th and park indianapolis Indiana"}},{"query":{"id":[{"timestamp_usec":"1386730376873087"}],"query_text":"what does a complementary angle look like"}},{"query":{"id":[{"timestamp_usec":"1386730293492740"}],"query_text":"what is a complementary angle"}},{"query":{"id":[{"timestamp_usec":"1386716930331650"}],"query_text":"(Current Location) -> 8823 Madison Ave, Indianapolis, IN"}},{"query":{"id":[{"timestamp_usec":"1386700626369014"}],"query_text":"how do I change the brake shoes on my 2000 Chrysler Town and Country minivan"}},{"query":{"id":[{"timestamp_usec":"1386656713197213"}],"query_text":"where do I find out if franklin indiana schools are delayed tomorrow december 10 2013"}},{"query":{"id":[{"timestamp_usec":"1386656387835266"}],"query_text":"fox 59 indy news school delays"}},{"query":{"id":[{"timestamp_usec":"1386645484407249"}],"query_text":"meat markets in whiteland in"}},{"query":{"id":[{"timestamp_usec":"1386637552014328"},{"timestamp_usec":"1386638468817815"}],"query_text":"morton family dentistry in franklin indiana"}},{"query":{"id":[{"timestamp_usec":"1386626992695021"}],"query_text":"chicago's pizza in bargersville indiana"}},{"query":{"id":[{"timestamp_usec":"1386626966669507"}],"query_text":"meat markets in whiteland in"}},{"query":{"id":[{"timestamp_usec":"1386617393507462"}],"query_text":"meat markets in whiteland in"}},{"query":{"id":[{"timestamp_usec":"1386617187666997"}],"query_text":"Chicago's pizza in Bargersville Indiana"}},{"query":{"id":[{"timestamp_usec":"1386597655716611"}],"query_text":"Morton Family Dentistry in Franklin Indiana"}},{"query":{"id":[{"timestamp_usec":"1386532328268276"},{"timestamp_usec":"1386532391956087"},{"timestamp_usec":"1386532392493512"},{"timestamp_usec":"1386532409421303"},{"timestamp_usec":"1386532429263799"},{"timestamp_usec":"1386532445362030"},{"timestamp_usec":"1386532594320414"}],"query_text":"(Current Location) -> Franciscan St. Francis Home Health Services, 438 S. Emerson Ave., Emerson south of Main Street, Greenwood, IN 46143"}},{"query":{"id":[{"timestamp_usec":"1386532269980866"}],"query_text":"(Current Location) -> 1001 N Madison Ave, Greenwood, IN 46142"}},{"query":{"id":[{"timestamp_usec":"1386532242962671"}],"query_text":"hospital in greenwood indiana"}},{"query":{"id":[{"timestamp_usec":"1386531104425604"},{"timestamp_usec":"1386532188840830"}],"query_text":"hospital near me"}},{"query":{"id":[{"timestamp_usec":"1386527914825507"}],"query_text":"(Current Location) -> 300 E, Whiteland, IN 46184"}},{"query":{"id":[{"timestamp_usec":"1386527895302700"}],"query_text":"laundy mat in whiteland Indiana"}},{"query":{"id":[{"timestamp_usec":"1386523493874861"},{"timestamp_usec":"1386524026222296"},{"timestamp_usec":"1386524056817288"},{"timestamp_usec":"1386524057343712"},{"timestamp_usec":"1386524361008632"},{"timestamp_usec":"1386524362168162"},{"timestamp_usec":"1386524383723774"},{"timestamp_usec":"1386524900842787"},{"timestamp_usec":"1386524901141637"},{"timestamp_usec":"1386525126303113"},{"timestamp_usec":"1386525206158919"},{"timestamp_usec":"1386525209240173"},{"timestamp_usec":"1386525754860012"},{"timestamp_usec":"1386525767693989"},{"timestamp_usec":"1386526373111585"},{"timestamp_usec":"1386526510430598"}],"query_text":"(Current Location) -> 459 Indiana 135, Greenwood, IN 46142"}},{"query":{"id":[{"timestamp_usec":"1386523359009187"},{"timestamp_usec":"1386523372343028"}],"query_text":"(Current Location) -> 518 N Meridian St, Greenwood, IN 46143"}},{"query":{"id":[{"timestamp_usec":"1386523318901477"}],"query_text":"laundrymat in Greenwood Indiana"}},{"query":{"id":[{"timestamp_usec":"1386523259844977"}],"query_text":"(Current Location) -> Greenwood Laundromat, 518 N Meridian St, Greenwood, IN 46143"}},{"query":{"id":[{"timestamp_usec":"1386523197874724"}],"query_text":"(Current Location) -> Hilton Garden Inn Indianapolis South/Greenwood, 5255 Noggle Way, Indianapolis, IN 46237"}},{"query":{"id":[{"timestamp_usec":"1386451111051413"}],"query_text":"paul walker car crash"}},{"query":{"id":[{"timestamp_usec":"1386433436894412"}],"query_text":"(Current Location) -> Forum Credit Union, 8935 U.S. 31 S, Indianapolis, IN 46227"}},{"query":{"id":[{"timestamp_usec":"1386431766334960"}],"query_text":"palk walker crash"}},{"query":{"id":[{"timestamp_usec":"1386429135165619"}],"query_text":"paul walker car crash"}},{"query":{"id":[{"timestamp_usec":"1386375687309240"}],"query_text":"(Current Location) -> 3113 north gram road franklin indiana"}},{"query":{"id":[{"timestamp_usec":"1386374285773561"},{"timestamp_usec":"1386374584283476"},{"timestamp_usec":"1386374601138786"},{"timestamp_usec":"1386374602240567"},{"timestamp_usec":"1386374616222586"},{"timestamp_usec":"1386375127690568"},{"timestamp_usec":"1386375130634417"},{"timestamp_usec":"1386375148125505"},{"timestamp_usec":"1386375152528028"},{"timestamp_usec":"1386375154206068"},{"timestamp_usec":"1386375161764401"},{"timestamp_usec":"1386375236861907"},{"timestamp_usec":"1386375330528378"},{"timestamp_usec":"1386375331143616"},{"timestamp_usec":"1386375355744842"}],"query_text":"(Current Location) -> 2681 Traditions Ct, Franklin, IN 46131"}},{"query":{"id":[{"timestamp_usec":"1386374278351619"}],"query_text":"2681 traditions court franklin indiana"}},{"query":{"id":[{"timestamp_usec":"1386373609451103"}],"query_text":"walmart in franklin in"}},{"query":{"id":[{"timestamp_usec":"1386358683345788"},{"timestamp_usec":"1386359478147688"}],"query_text":"franks guitar in franklin indiana"}},{"query":{"id":[{"timestamp_usec":"1386349768726691"}],"query_text":"anns resaurant in franklin indiana"}},{"query":{"id":[{"timestamp_usec":"1386347357526106"},{"timestamp_usec":"1386348324246468"}],"query_text":"(Current Location) -> 7143 W County Road 144, Bargersville, IN 46106"}},{"query":{"id":[{"timestamp_usec":"1386345199549706"}],"query_text":"fox 59 indianapolis weather"}},{"query":{"id":[{"timestamp_usec":"1386333032100397"}],"query_text":"fox 59 indianapolis weather"}},{"query":{"id":[{"timestamp_usec":"1386324524923570"}],"query_text":"school delays and closing for johnson country indiana"}},{"query":{"id":[{"timestamp_usec":"1386324118865181"}],"query_text":"fox 59 indianapolis weather"}},{"query":{"id":[{"timestamp_usec":"1386300836418458"},{"timestamp_usec":"1386301504660062"}],"query_text":"fox 59 indianapolis weather"}},{"query":{"id":[{"timestamp_usec":"1386277360694852"},{"timestamp_usec":"1386277384550586"},{"timestamp_usec":"1386279029570393"}],"query_text":"(Current Location) -> (Home)"}},{"query":{"id":[{"timestamp_usec":"1386276661058040"}],"query_text":"(Current Location) -> 480 Center St, Franklin, IN 46131"}},{"query":{"id":[{"timestamp_usec":"1386275944051209"},{"timestamp_usec":"1386276061027931"},{"timestamp_usec":"1386276349152645"}],"query_text":"(Current Location) -> (Home)"}},{"query":{"id":[{"timestamp_usec":"1386275733750230"}],"query_text":"480 Center St, Franklin, IN"}},{"query":{"id":[{"timestamp_usec":"1386274064350094"},{"timestamp_usec":"1386274078684373"}],"query_text":"kroots in columbus indiana"}},{"query":{"id":[{"timestamp_usec":"1386272567407734"}],"query_text":"(Current Location) -> 2915 State St, Columbus, IN 47201"}},{"query":{"id":[{"timestamp_usec":"1386272565349071"}],"query_text":"2915 state street columbus indiana"}},{"query":{"id":[{"timestamp_usec":"1386272446016083"}],"query_text":"kruts in columbus indiana"}},{"query":{"id":[{"timestamp_usec":"1386272359216665"}],"query_text":"kruts sctap yard in columbus indiana"}},{"query":{"id":[{"timestamp_usec":"1386244983351512"}],"query_text":"8823 Madison Ave, Indianapolis, IN"}},{"query":{"id":[{"timestamp_usec":"1386209012334729"}],"query_text":"(Current Location) -> 520 Williamson St, Whiteland, IN 46184"}},{"query":{"id":[{"timestamp_usec":"1386209011061706"}],"query_text":"520 Williamson St, Whiteland, IN"}},{"query":{"id":[{"timestamp_usec":"1386197274300508"}],"query_text":"future fighter aircraft"}},{"query":{"id":[{"timestamp_usec":"1386197049428267"}],"query_text":"f 35 lightning cockpit"}},{"query":{"id":[{"timestamp_usec":"1386196708459687"}],"query_text":"(Current Location) -> 8823 Madison Ave, Indianapolis, IN 46227"}},{"query":{"id":[{"timestamp_usec":"1386089771757996"}],"query_text":"west port homes"}},{"query":{"id":[{"timestamp_usec":"1386024897333445"}],"query_text":"paul walker dead"}},{"query":{"id":[{"timestamp_usec":"1386024607376734"}],"query_text":"paul walker dead pictures"}},{"query":{"id":[{"timestamp_usec":"1386024429417376"}],"query_text":"paul walker dead"}},{"query":{"id":[{"timestamp_usec":"1386008166781502"}],"query_text":"morton family dentis in franklin indiana"}},{"query":{"id":[{"timestamp_usec":"1385994256726146"}],"query_text":"http://m.youtube.com/my_history?layout=mobile&client=mv-google"}},{"query":{"id":[{"timestamp_usec":"1385960293330069"},{"timestamp_usec":"1385960350441121"},{"timestamp_usec":"1385960363238987"}],"query_text":"sfg.google.com"}},{"query":{"id":[{"timestamp_usec":"1385959749333957"},{"timestamp_usec":"1385959761094496"},{"timestamp_usec":"1385959916110811"},{"timestamp_usec":"1385959997981063"}],"query_text":"h"}},{"query":{"id":[{"timestamp_usec":"1385959732297970"}],"query_text":"d"}},{"query":{"id":[{"timestamp_usec":"1385922392936036"}],"query_text":"pill finder"}},{"query":{"id":[{"timestamp_usec":"1385902369130938"}],"query_text":"winning lottery ticket numbers"}},{"query":{"id":[{"timestamp_usec":"1385861651998730"},{"timestamp_usec":"1385861893815542"},{"timestamp_usec":"1385861898103141"},{"timestamp_usec":"1385861904220762"},{"timestamp_usec":"1385861927625864"},{"timestamp_usec":"1385861976024559"}],"query_text":"(Current Location) -> 520 Williamson St, Whiteland, IN"}},{"query":{"id":[{"timestamp_usec":"1385861515577978"},{"timestamp_usec":"1385861587583732"},{"timestamp_usec":"1385861595696492"}],"query_text":"(Current Location) -> 520 williamson st whiteland indiana 46184"}},{"query":{"id":[{"timestamp_usec":"1385861416638189"}],"query_text":"(Current Location) -> 480 Center St, Franklin, IN 46131"}},{"query":{"id":[{"timestamp_usec":"1385861300304424"}],"query_text":"how do I lay laminate floors"}},{"query":{"id":[{"timestamp_usec":"1385837109622795"}],"query_text":"how high is a basketball hoop"}},{"query":{"id":[{"timestamp_usec":"1385834781846377"}],"query_text":"pill finder"}},{"query":{"id":[{"timestamp_usec":"1385674255609597"}],"query_text":"what time do the playstation 3 go on sale"}},{"query":{"id":[{"timestamp_usec":"1385670741044543"}],"query_text":"(Current Location) -> 38 Hughes Ave, Winchester, KY 40391"}},{"query":{"id":[{"timestamp_usec":"1385624655862875"},{"timestamp_usec":"1385624655974518"}],"query_text":"No"}},{"query":{"id":[{"timestamp_usec":"1385623926829437"}],"query_text":"catwoman naked"}},{"query":{"id":[{"timestamp_usec":"1385623790035676"},{"timestamp_usec":"1385623793033413"},{"timestamp_usec":"1385623860329654"}],"query_text":"No"}},{"query":{"id":[{"timestamp_usec":"1385616574838555"}],"query_text":"what is the cheapest and best way to get wireless internet on my laptop"}},{"query":{"id":[{"timestamp_usec":"1385586112523829"}],"query_text":"how do I get the security password off my samsung highlight from tmobile"}},{"query":{"id":[{"timestamp_usec":"1385566412690346"}],"query_text":"how do i tighten the belt on my maytag dryer"}},{"query":{"id":[{"timestamp_usec":"1385563104195587"}],"query_text":"how do I tighten the belt on my maytag dryer"}},{"query":{"id":[{"timestamp_usec":"1385562403860001"},{"timestamp_usec":"1385562411376951"},{"timestamp_usec":"1385562411898675"}],"query_text":"(Current Location) -> 4650 Pennwood Dr, Indianapolis, IN 46205"}},{"query":{"id":[{"timestamp_usec":"1385562400527403"}],"query_text":"4650 Pennwood Dr, Indianapolis, IN"}},{"query":{"id":[{"timestamp_usec":"1385531956116367"},{"timestamp_usec":"1385532048257227"}],"query_text":"white castle in franklin in"}},{"query":{"id":[{"timestamp_usec":"1385505808538615"}],"query_text":"(Current Location) -> Medaryville, IN 47957"}},{"query":{"id":[{"timestamp_usec":"1385505807806750"}],"query_text":"Medaryville, IN"}},{"query":{"id":[{"timestamp_usec":"1385491435622922"}],"query_text":"maytag dryer model number de482 how do I put thw belt back on"}},{"query":{"id":[{"timestamp_usec":"1385481129039075"}],"query_text":"Lowes in Greenwood Indiana"}},{"query":{"id":[{"timestamp_usec":"1385434446341675"}],"query_text":"(Current Location) -> 45 Overlook Dr, Bargersville, IN 46106"}},{"query":{"id":[{"timestamp_usec":"1385412905538969"}],"query_text":"(Current Location) -> 480 Center St, Franklin, IN 46131"}},{"query":{"id":[{"timestamp_usec":"1385407697104094"}],"query_text":"how do I change the heating element on my Maytag dryer"}},{"query":{"id":[{"timestamp_usec":"1385403234189017"}],"query_text":"Burger King in Whiteland Indiana"}},{"query":{"id":[{"timestamp_usec":"1385395646763821"}],"query_text":"fast track student loans"}},{"query":{"id":[{"timestamp_usec":"1385395196633737"}],"query_text":"hardees in whiteland in"}},{"query":{"id":[{"timestamp_usec":"1385390629689363"}],"query_text":"(Current Location) -> 38 Hughes Ave, Winchester, KY 40391"}},{"query":{"id":[{"timestamp_usec":"1385377056631450"}],"query_text":"marathon gas station in franklin indiana"}},{"query":{"id":[{"timestamp_usec":"1385331369134917"}],"query_text":"serial code for sim city 3000"}},{"query":{"id":[{"timestamp_usec":"1385253396867386"},{"timestamp_usec":"1385253753137053"}],"query_text":"finger knitting for kids"}},{"query":{"id":[{"timestamp_usec":"1385213039902312"}],"query_text":"(Current Location) -> 4650 Pennwood Dr, Indianapolis, IN 46205"}},{"query":{"id":[{"timestamp_usec":"1385213038548967"}],"query_text":"4650 Pennwood Dr, Indianapolis, IN"}},{"query":{"id":[{"timestamp_usec":"1385198149181253"},{"timestamp_usec":"1385198149809874"}],"query_text":"Doctor Who"}},{"query":{"id":[{"timestamp_usec":"1385198013447061"}],"query_text":"tight pants on girls"}},{"query":{"id":[{"timestamp_usec":"1385198013385455"}],"query_text":"girls wearing only t shirt"}},{"query":{"id":[{"timestamp_usec":"1385197879819715"}],"query_text":"girls wearing only panties"}},{"query":{"id":[{"timestamp_usec":"1385197836451278"}],"query_text":"girls wearing only t shirt"}},{"query":{"id":[{"timestamp_usec":"1385197446807928"},{"timestamp_usec":"1385197476288221"},{"timestamp_usec":"1385197763834022"}],"query_text":"tight pants on girls"}},{"query":{"id":[{"timestamp_usec":"1385197396657367"},{"timestamp_usec":"1385197399043621"}],"query_text":"Doctor Who"}},{"query":{"id":[{"timestamp_usec":"1385193147870183"},{"timestamp_usec":"1385193158600483"}],"query_text":"Doctor Who"}},{"query":{"id":[{"timestamp_usec":"1385192699558921"}],"query_text":"lesbian boobs"}},{"query":{"id":[{"timestamp_usec":"1385192649052865"}],"query_text":"boobs"}},{"query":{"id":[{"timestamp_usec":"1385147404974441"}],"query_text":"(Current Location) -> Bargersville Utilities Office, 24 N Main St, Bargersville, IN 46106"}},{"query":{"id":[{"timestamp_usec":"1385147230210693"}],"query_text":"(Current Location) -> Hampton Inn Huntington/Barboursville, 1 Cracker Barrel Dr, Barboursville, WV 25504"}},{"query":{"id":[{"timestamp_usec":"1385137617776050"}],"query_text":"Best Buy in Greenwood Indiana"}},{"query":{"id":[{"timestamp_usec":"1385134459936551"}],"query_text":"(Current Location) -> (Home)"}},{"query":{"id":[{"timestamp_usec":"1385134455996677"}],"query_text":"480 Center St, Franklin, IN"}},{"query":{"id":[{"timestamp_usec":"1385134022767648"},{"timestamp_usec":"1385134037344644"},{"timestamp_usec":"1385134211354831"},{"timestamp_usec":"1385134211419279"},{"timestamp_usec":"1385134212409685"},{"timestamp_usec":"1385134377618623"},{"timestamp_usec":"1385134413470793"},{"timestamp_usec":"1385134426772454"},{"timestamp_usec":"1385134428272184"},{"timestamp_usec":"1385134434244326"}],"query_text":"(Current Location) -> (Home)"}},{"query":{"id":[{"timestamp_usec":"1385134021907025"}],"query_text":"480 Center St, Franklin, IN"}},{"query":{"id":[{"timestamp_usec":"1385133937948702"}],"query_text":"(Current Location) -> (Home)"}},{"query":{"id":[{"timestamp_usec":"1385133936932622"}],"query_text":"480 Center St, Franklin, IN"}},{"query":{"id":[{"timestamp_usec":"1385133337377040"},{"timestamp_usec":"1385133378293423"},{"timestamp_usec":"1385133384421553"},{"timestamp_usec":"1385133385353398"},{"timestamp_usec":"1385133388173202"},{"timestamp_usec":"1385133391693432"},{"timestamp_usec":"1385133398281156"},{"timestamp_usec":"1385133403833489"},{"timestamp_usec":"1385133442707744"},{"timestamp_usec":"1385133487368985"},{"timestamp_usec":"1385133536158629"},{"timestamp_usec":"1385133549229591"},{"timestamp_usec":"1385133575337078"},{"timestamp_usec":"1385133578207856"},{"timestamp_usec":"1385133599261760"},{"timestamp_usec":"1385133623265282"},{"timestamp_usec":"1385133885651056"},{"timestamp_usec":"1385133925437481"}],"query_text":"(Current Location) -> (Home)"}},{"query":{"id":[{"timestamp_usec":"1385133336087725"}],"query_text":"480 Center St, Franklin, IN"}},{"query":{"id":[{"timestamp_usec":"1385130459424743"}],"query_text":"(Current Location) -> 4650 Pennwood Dr, Indianapolis, IN 46205"}},{"query":{"id":[{"timestamp_usec":"1385130456110313"}],"query_text":"4650 Pennwood Dr, Indianapolis, IN"}},{"query":{"id":[{"timestamp_usec":"1385069696308119"},{"timestamp_usec":"1385069993554391"},{"timestamp_usec":"1385070165359994"}],"query_text":"(Current Location) -> Whiteland Rd, Whiteland, IN 46184"}},{"query":{"id":[{"timestamp_usec":"1385063764004966"}],"query_text":"cvs in franklin indiana"}},{"query":{"id":[{"timestamp_usec":"1385061861953398"}],"query_text":"unlock code for verizon 4g lte optimus"}},{"query":{"id":[{"timestamp_usec":"1385061687062634"}],"query_text":"cell phone unlock"}},{"query":{"id":[{"timestamp_usec":"1385058723416284"}],"query_text":"low cost pharmacy in greenwood indiana"}},{"query":{"id":[{"timestamp_usec":"1385057130783139"}],"query_text":"unlock code for verizon 4g lte optimus"}},{"query":{"id":[{"timestamp_usec":"1385057034997008"}],"query_text":"cell phone unlock"}},{"query":{"id":[{"timestamp_usec":"1385050106754853"}],"query_text":"how do I unlock a verizon 4g lte"}},{"query":{"id":[{"timestamp_usec":"1385046985251589"}],"query_text":"how to unlock a verizon 4g lte"}},{"query":{"id":[{"timestamp_usec":"1385045313344074"}],"query_text":"porter paint in franklin indiana"}},{"query":{"id":[{"timestamp_usec":"1384990472495280"}],"query_text":"daily journal in franklin indiana"}},{"query":{"id":[{"timestamp_usec":"1384990115999163"}],"query_text":"(Current Location) -> (Home)"}},{"query":{"id":[{"timestamp_usec":"1384990114450097"}],"query_text":"480 Center St, Franklin, IN"}},{"query":{"id":[{"timestamp_usec":"1384987051668768"},{"timestamp_usec":"1384987683067479"},{"timestamp_usec":"1384987683655926"},{"timestamp_usec":"1384987684299532"},{"timestamp_usec":"1384987804833635"},{"timestamp_usec":"1384988425289887"}],"query_text":"(Current Location) -> 5084 Emmert Dr, Indianapolis, IN 46221"}},{"query":{"id":[{"timestamp_usec":"1384987050928256"}],"query_text":"5084 emmert dr indianapolis indiana"}},{"query":{"id":[{"timestamp_usec":"1384968461860905"},{"timestamp_usec":"1384968555844365"}],"query_text":"(Current Location) -> 5432 Lacy Way, Greenwood, IN 46142"}},{"query":{"id":[{"timestamp_usec":"1384968457825080"}],"query_text":"5432 Lacy Way, Greenwood, IN"}},{"query":{"id":[{"timestamp_usec":"1384963010349596"},{"timestamp_usec":"1384963033857396"}],"query_text":"(Current Location) -> 1117 E Sumner Ave, Indianapolis, IN 46227"}},{"query":{"id":[{"timestamp_usec":"1384963009461399"}],"query_text":"1117e East Sumner Avenue, Indianapolis, IN"}},{"query":{"id":[{"timestamp_usec":"1384959371494981"}],"query_text":"lowes in greenwood indiana"}},{"query":{"id":[{"timestamp_usec":"1384957045586846"}],"query_text":"menards on southport road in greenwood indiana"}},{"query":{"id":[{"timestamp_usec":"1384915412078933"}],"query_text":"imac g4"}},{"query":{"id":[{"timestamp_usec":"1384912091442787"}],"query_text":"apple imac g4"}},{"query":{"id":[{"timestamp_usec":"1384906223136726"}],"query_text":"rooms for rent in greenwood in"}},{"query":{"id":[{"timestamp_usec":"1384903122605065"}],"query_text":"daily journal in franklin indiana"}},{"query":{"id":[{"timestamp_usec":"1384892228915642"}],"query_text":"daily journal in franklin indiana"}},{"query":{"id":[{"timestamp_usec":"1384873861801465"}],"query_text":"Menards on Southport Road in Greenwood Indiana"}},{"query":{"id":[{"timestamp_usec":"1384872794588750"}],"query_text":"cline windows and doors"}},{"query":{"id":[{"timestamp_usec":"1384868487996521"},{"timestamp_usec":"1384868864746928"},{"timestamp_usec":"1384868884322081"},{"timestamp_usec":"1384868885865336"},{"timestamp_usec":"1384868886423400"},{"timestamp_usec":"1384868886582934"},{"timestamp_usec":"1384868887343232"},{"timestamp_usec":"1384868897069086"},{"timestamp_usec":"1384868903651610"}],"query_text":"menards o"}},{"query":{"id":[{"timestamp_usec":"1384832251375113"}],"query_text":"what do I need to be able to get wifi all the time on my lab top"}},{"query":{"id":[{"timestamp_usec":"1384799689291037"}],"query_text":"marathon gas station in franklin indiana"}},{"query":{"id":[{"timestamp_usec":"1384793214284026"},{"timestamp_usec":"1384794818960982"},{"timestamp_usec":"1384794823557247"}],"query_text":"(Current Location) -> Mutual Savings Bank, 80 E Jefferson St, Franklin, IN 46131"}},{"query":{"id":[{"timestamp_usec":"1384793194643957"}],"query_text":"Mutual Savings Bank, East Jefferson Street, Franklin, IN"}},{"query":{"id":[{"timestamp_usec":"1384792762325397"},{"timestamp_usec":"1384792813245430"}],"query_text":"(Current Location) -> Mutual Savings Bank, 80 E Jefferson St, Franklin, IN 46131"}},{"query":{"id":[{"timestamp_usec":"1384791731418084"}],"query_text":"p"}},{"query":{"id":[{"timestamp_usec":"1384791581153499"},{"timestamp_usec":"1384791585791785"},{"timestamp_usec":"1384791593921653"},{"timestamp_usec":"1384791605234918"}],"query_text":"free"}},{"query":{"id":[{"timestamp_usec":"1384791430757371"},{"timestamp_usec":"1384791453383001"},{"timestamp_usec":"1384791480867670"},{"timestamp_usec":"1384791489326312"},{"timestamp_usec":"1384791489535079"},{"timestamp_usec":"1384791492373484"},{"timestamp_usec":"1384791493574522"},{"timestamp_usec":"1384791495104297"},{"timestamp_usec":"1384791511745003"},{"timestamp_usec":"1384791511954595"}],"query_text":"free p"}},{"query":{"id":[{"timestamp_usec":"1384791364898102"},{"timestamp_usec":"1384791413395640"}],"query_text":"free people search"}},{"query":{"id":[{"timestamp_usec":"1384789987856446"}],"query_text":"forum bank in greenwood indiana"}},{"query":{"id":[{"timestamp_usec":"1384788256146126"}],"query_text":"discount windows in greenwood in"}},{"query":{"id":[{"timestamp_usec":"1384786877900748"}],"query_text":"Menards in Greenwood Indiana"}},{"query":{"id":[{"timestamp_usec":"1384786239764176"}],"query_text":"windows near greenwood indiana"}},{"query":{"id":[{"timestamp_usec":"1384786039433247"}],"query_text":"dmv in franklin indiana"}},{"query":{"id":[{"timestamp_usec":"1384784027519328"},{"timestamp_usec":"1384784178507696"},{"timestamp_usec":"1384784769195745"}],"query_text":"(Current Location) -> 4650 Pennwood Dr, Indianapolis, IN 46205"}},{"query":{"id":[{"timestamp_usec":"1384784026800433"}],"query_text":"4650 Pennwood Dr, Indianapolis, IN"}},{"query":{"id":[{"timestamp_usec":"1384782845421110"},{"timestamp_usec":"1384783199295881"}],"query_text":"(Current Location) -> 1129 E 16th St, Indianapolis, IN 46202"}},{"query":{"id":[{"timestamp_usec":"1384782841422870"}],"query_text":"1129 E 16th St, Indianapolis, IN"}},{"query":{"id":[{"timestamp_usec":"1384782288456494"},{"timestamp_usec":"1384782593038496"}],"query_text":"lowes in greenwood in"}},{"query":{"id":[{"timestamp_usec":"1384691854371134"},{"timestamp_usec":"1384691936625691"}],"query_text":"(Current Location) -> 4650 Pennwood Dr, Indianapolis, IN 46205"}},{"query":{"id":[{"timestamp_usec":"1384691850873402"}],"query_text":"4650 Pennwood Dr, Indianapolis, IN"}},{"query":{"id":[{"timestamp_usec":"1384691729561442"},{"timestamp_usec":"1384691803473707"},{"timestamp_usec":"1384691843020532"}],"query_text":"(Current Location) -> 480 Center St, Franklin, IN 46131"}},{"query":{"id":[{"timestamp_usec":"1384670138072512"}],"query_text":"what is disorderly conduct"}},{"query":{"id":[{"timestamp_usec":"1384666433794227"}],"query_text":"taco bell in franklin indiana"}},{"query":{"id":[{"timestamp_usec":"1384660103557603"}],"query_text":"where do I find the disk clean up on mu lab top"}},{"query":{"id":[{"timestamp_usec":"1384651182750074"}],"query_text":"places that sell hot wings"}},{"query":{"id":[{"timestamp_usec":"1384633991836530"}],"query_text":"(Current Location) -> 480 Center St, Franklin, IN 46131"}},{"query":{"id":[{"timestamp_usec":"1384631398686982"}],"query_text":"hill top motel indiana"}},{"query":{"id":[{"timestamp_usec":"1384605886210687"},{"timestamp_usec":"1384605891283606"},{"timestamp_usec":"1384605896499276"}],"query_text":"what time does forum Bank open in Greenwood Indiana"}},{"query":{"id":[{"timestamp_usec":"1384605884099433"}],"query_text":"forum bank in Greenwood Indiana"}},{"query":{"id":[{"timestamp_usec":"1384605348481204"},{"timestamp_usec":"1384605794492174"}],"query_text":"what time does forum Bank open in Greenwood Indiana"}},{"query":{"id":[{"timestamp_usec":"1384569282105159"}],"query_text":"popular mechanics archive"}},{"query":{"id":[{"timestamp_usec":"1384564068511040"}],"query_text":"pinger"}},{"query":{"id":[{"timestamp_usec":"1384536486138252"},{"timestamp_usec":"1384536505736573"},{"timestamp_usec":"1384536924848813"},{"timestamp_usec":"1384536926269030"}],"query_text":"(Current Location) -> 1001 N Madison Ave, Greenwood, IN 46142"}},{"query":{"id":[{"timestamp_usec":"1384536477808597"}],"query_text":"1001 N Madison Ave, Greenwood, IN"}},{"query":{"id":[{"timestamp_usec":"1384529494309040"}],"query_text":"local churches in Franklin Indiana"}},{"query":{"id":[{"timestamp_usec":"1384529235668082"}],"query_text":"(Current Location) -> Franciscan St. Francis Health-Indianapolis, 8111 S Emerson Ave, Indianapolis, IN 46237"}},{"query":{"id":[{"timestamp_usec":"1384529232057693"}],"query_text":"Franciscan St. Francis Health-Indianapolis, S Emerson Ave, Indianapolis, IN"}},{"query":{"id":[{"timestamp_usec":"1384529085330499"}],"query_text":"local churches in Franklin Indiana"}},{"query":{"id":[{"timestamp_usec":"1384528239480606"}],"query_text":"local churches near Franklin Indiana"}},{"query":{"id":[{"timestamp_usec":"1384526662217859"}],"query_text":"what do I do if I am homeless with two kids living in Johnson County Indiana"}},{"query":{"id":[{"timestamp_usec":"1384525971182128"}],"query_text":"what do I do if im homeless with 2 kids"}},{"query":{"id":[{"timestamp_usec":"1384525312211438"},{"timestamp_usec":"1384525327378335"},{"timestamp_usec":"1384525328149708"},{"timestamp_usec":"1384525455590013"},{"timestamp_usec":"1384525491270830"},{"timestamp_usec":"1384525538379944"},{"timestamp_usec":"1384525540200110"}],"query_text":"(Current Location) -> 4650 Pennwood Dr, Indianapolis, IN 46205"}},{"query":{"id":[{"timestamp_usec":"1384525310964217"}],"query_text":"4650 Pennwood Dr, Indianapolis, IN"}},{"query":{"id":[{"timestamp_usec":"1384524661673841"}],"query_text":"(Current Location) -> Franciscan St. Francis Health-Indianapolis, 8111 S Emerson Ave, Indianapolis, IN 46237"}},{"query":{"id":[{"timestamp_usec":"1384524652530691"}],"query_text":"Franciscan St. Francis Health-Indianapolis, S Emerson Ave, Indianapolis, IN"}},{"query":{"id":[{"timestamp_usec":"1384524545359145"},{"timestamp_usec":"1384524596399391"}],"query_text":"(Current Location) -> St Francis & Clare Catholic, 5901 Olive Branch Road, Greenwood, IN 46143"}},{"query":{"id":[{"timestamp_usec":"1384524532296216"}],"query_text":"St Francis & Clare Catholic, 5901 Olive Branch Road, Greenwood, IN"}},{"query":{"id":[{"timestamp_usec":"1384481204401483"}],"query_text":"free calculatoI"}},{"query":{"id":[{"timestamp_usec":"1384481035468097"}],"query_text":"free calculator"}},{"query":{"id":[{"timestamp_usec":"1384471280566108"}],"query_text":"free calculator"}},{"query":{"id":[{"timestamp_usec":"1384471200614965"}],"query_text":"free calculater"}},{"query":{"id":[{"timestamp_usec":"1384449915686162"},{"timestamp_usec":"1384450068242456"}],"query_text":"(Current Location) -> 5432 Lacy Way, Greenwood, IN 46142"}},{"query":{"id":[{"timestamp_usec":"1384449421219155"}],"query_text":"daily journal in franklin indiana"}},{"query":{"id":[{"timestamp_usec":"1384449418712766"}],"query_text":"suboxone clinic in indianapolis in"}},{"query":{"id":[{"timestamp_usec":"1384449211816447"}],"query_text":"(Current Location) -> 5432 Lacy Way, Greenwood, IN 46142"}},{"query":{"id":[{"timestamp_usec":"1384449206315027"}],"query_text":"5432 Lacy Way, Greenwood, IN"}},{"query":{"id":[{"timestamp_usec":"1384439816501593"},{"timestamp_usec":"1384440131521566"}],"query_text":"suboxone clinic in indianapolis in"}},{"query":{"id":[{"timestamp_usec":"1384439725296893"}],"query_text":"methadone clinic in indianapolis indiana"}},{"query":{"id":[{"timestamp_usec":"1384391118071297"}],"query_text":"how fast can an owel fly"}},{"query":{"id":[{"timestamp_usec":"1384391074796879"}],"query_text":"how fast can an ALF fly"}},{"query":{"id":[{"timestamp_usec":"1384379712201834"}],"query_text":"Daily Journal in Franklin Indiana"}},{"query":{"id":[{"timestamp_usec":"1384372850717692"}],"query_text":"hardware stores in Greenwood Indiana"}},{"query":{"id":[{"timestamp_usec":"1384372232104528"}],"query_text":"how much is my Dell insperion 1525 worth"}},{"query":{"id":[{"timestamp_usec":"1384352110836903"}],"query_text":"lipisus construction in franklin in"}},{"query":{"id":[{"timestamp_usec":"1384346632548085"}],"query_text":"st francis in greenwood in"}},{"query":{"id":[{"timestamp_usec":"1384301942441293"}],"query_text":"(Current Location) -> (Home)"}},{"query":{"id":[{"timestamp_usec":"1384301939690252"}],"query_text":"480 Center St, Franklin, IN"}},{"query":{"id":[{"timestamp_usec":"1384298875326818"},{"timestamp_usec":"1384299063681852"}],"query_text":"(Current Location) -> 5211 Red Stone Ln, Greenwood, IN 46142"}},{"query":{"id":[{"timestamp_usec":"1384298874469543"}],"query_text":"5211 Red Stone Ln, Greenwood, IN"}},{"query":{"id":[{"timestamp_usec":"1384295894800963"}],"query_text":"I am nauseous in my upper abdomen and burp a lot and been puking"}},{"query":{"id":[{"timestamp_usec":"1384295879362934"}],"query_text":"I am nauseous in my upper abdomen and burp a lot and been pucking"}},{"query":{"id":[{"timestamp_usec":"1384295835896817"}],"query_text":"I am nauseous in my upper abdomen and burp a lot what us that"}},{"query":{"id":[{"timestamp_usec":"1384295800856406"}],"query_text":"I am nauseous in my upper abdomian and purp a lot what us that"}},{"query":{"id":[{"timestamp_usec":"1384291820207314"},{"timestamp_usec":"1384292300230119"},{"timestamp_usec":"1384292317987413"}],"query_text":"(Current Location) -> Franciscan St. Francis Health-Indianapolis, 8111 S Emerson Ave, Indianapolis, IN 46237"}},{"query":{"id":[{"timestamp_usec":"1384291721508613"},{"timestamp_usec":"1384291733717544"},{"timestamp_usec":"1384291737216317"},{"timestamp_usec":"1384291750325518"},{"timestamp_usec":"1384291783181407"}],"query_text":"(Current Location) -> St Francis & Clare Catholic, 5901 Olive Branch Road, Greenwood, IN 46143"}},{"query":{"id":[{"timestamp_usec":"1384291720563176"}],"query_text":"St Francis & Clare Catholic, 5901 Olive Branch Road, Greenwood, IN"}},{"query":{"id":[{"timestamp_usec":"1384291046375701"}],"query_text":"(Current Location) -> 1001 N Madison Ave, Greenwood, IN 46142"}},{"query":{"id":[{"timestamp_usec":"1384291043109765"}],"query_text":"1001 N Madison Ave, Greenwood, IN"}},{"query":{"id":[{"timestamp_usec":"1384290969045574"}],"query_text":"(Current Location) -> St Francis & Clare Catholic, 5901 Olive Branch Road, Greenwood, IN 46143"}},{"query":{"id":[{"timestamp_usec":"1384290966110248"}],"query_text":"St Francis & Clare Catholic, Greenwood, IN"}},{"query":{"id":[{"timestamp_usec":"1384271627762847"}],"query_text":"5211 Red Stone Ln, Greenwood, IN"}},{"query":{"id":[{"timestamp_usec":"1384271501863759"}],"query_text":"(Current Location) -> (Home)"}},{"query":{"id":[{"timestamp_usec":"1384271500721646"}],"query_text":"480 Center St, Franklin, IN"}},{"query":{"id":[{"timestamp_usec":"1384270665090124"},{"timestamp_usec":"1384270679747894"}],"query_text":"(Current Location) -> 5211 Red Stone Ln, Greenwood, IN 46142"}},{"query":{"id":[{"timestamp_usec":"1384270428377237"}],"query_text":"what does it mean when I have a lump on my breast"}},{"query":{"id":[{"timestamp_usec":"1384270352020836"}],"query_text":"(Current Location) -> 5211 Red Stone Ln, Greenwood, IN 46142"}},{"query":{"id":[{"timestamp_usec":"1384270348372354"}],"query_text":"5211 Red Stone Ln, Greenwood, IN"}},{"query":{"id":[{"timestamp_usec":"1384269641526248"},{"timestamp_usec":"1384269680679889"},{"timestamp_usec":"1384269686184162"},{"timestamp_usec":"1384269702897791"},{"timestamp_usec":"1384269726210730"}],"query_text":"(Current Location) -> 606 Banta St, Franklin, IN 46131"}},{"query":{"id":[{"timestamp_usec":"1384269639693936"}],"query_text":"606 Banta St, Franklin, IN"}},{"query":{"id":[{"timestamp_usec":"1384215694338592"},{"timestamp_usec":"1384215701484904"},{"timestamp_usec":"1384215990525677"}],"query_text":"(Current Location) -> (Home)"}},{"query":{"id":[{"timestamp_usec":"1384215693259322"}],"query_text":"480 Center St, Franklin, IN"}},{"query":{"id":[{"timestamp_usec":"1384203240218105"}],"query_text":"(Current Location) -> 5211 Red Stone Ln, Greenwood, IN 46142"}},{"query":{"id":[{"timestamp_usec":"1384203217281947"}],"query_text":"5211 Red Stone Ln, Greenwood, IN"}},{"query":{"id":[{"timestamp_usec":"1384203199145648"}],"query_text":"5432 Lacy Way, Greenwood, IN"}},{"query":{"id":[{"timestamp_usec":"1384202926885987"}],"query_text":"(Current Location) -> 5432 Lacy Way, Greenwood, IN 46142"}},{"query":{"id":[{"timestamp_usec":"1384202919578281"}],"query_text":"5432 Lacy Way, Greenwood, IN"}},{"query":{"id":[{"timestamp_usec":"1384201046626383"}],"query_text":"(Current Location) -> 1129 E 16th St, Indianapolis, IN 46202"}},{"query":{"id":[{"timestamp_usec":"1384201044842262"}],"query_text":"1129 E 16th St, Indianapolis, IN"}},{"query":{"id":[{"timestamp_usec":"1384200780839208"},{"timestamp_usec":"1384200806221695"},{"timestamp_usec":"1384200807352475"},{"timestamp_usec":"1384200808238444"}],"query_text":"(Current Location) -> 1129 E 16th St, Indianapolis, IN 46202"}},{"query":{"id":[{"timestamp_usec":"1384200779343130"},{"timestamp_usec":"1384200779495395"}],"query_text":"1129 E 16th St, Indianapolis, IN"}},{"query":{"id":[{"timestamp_usec":"1384197356332386"}],"query_text":"(Current Location) -> 1129 E 16th St, Indianapolis, IN 46202"}},{"query":{"id":[{"timestamp_usec":"1384197355320810"}],"query_text":"1129 E 16th St, Indianapolis, IN"}},{"query":{"id":[{"timestamp_usec":"1384190288895082"}],"query_text":"hilltop motel and Edinburgh Indiana"}},{"query":{"id":[{"timestamp_usec":"1384181308965622"}],"query_text":"(Current Location) -> 480 Center St, Franklin, IN 46131"}},{"query":{"id":[{"timestamp_usec":"1384181027128723"},{"timestamp_usec":"1384181092230549"}],"query_text":"(Current Location) -> 5211 Red Stone Ln, Greenwood, IN 46142"}},{"query":{"id":[{"timestamp_usec":"1384179170790787"}],"query_text":"(Current Location) -> 5432 Lacy Way, Greenwood, IN 46142"}},{"query":{"id":[{"timestamp_usec":"1384179169834258"}],"query_text":"5432 Lacy Way, Greenwood, IN"}},{"query":{"id":[{"timestamp_usec":"1384172999588210"},{"timestamp_usec":"1384173072123113"},{"timestamp_usec":"1384174085278590"},{"timestamp_usec":"1384174176602875"},{"timestamp_usec":"1384174246691605"},{"timestamp_usec":"1384174398729366"}],"query_text":"(Current Location) -> (Home)"}},{"query":{"id":[{"timestamp_usec":"1384172997867110"}],"query_text":"480 Center St, Franklin, IN"}},{"query":{"id":[{"timestamp_usec":"1384168986111908"}],"query_text":"(Current Location) -> 4650 Pennwood Dr, Indianapolis, IN 46205"}},{"query":{"id":[{"timestamp_usec":"1384168983251994"}],"query_text":"4650 Pennwood Dr, Indianapolis, IN"}},{"query":{"id":[{"timestamp_usec":"1384168906161418"}],"query_text":"(Current Location) -> 1129 E 16th St, Indianapolis, IN 46202"}},{"query":{"id":[{"timestamp_usec":"1384168905377765"}],"query_text":"1129e 16th, Indianapolis, IN"}},{"query":{"id":[{"timestamp_usec":"1384167896457516"},{"timestamp_usec":"1384168261908970"},{"timestamp_usec":"1384168387417635"},{"timestamp_usec":"1384168617267626"},{"timestamp_usec":"1384168632530606"},{"timestamp_usec":"1384168643762886"},{"timestamp_usec":"1384168656428826"}],"query_text":"(Current Location) -> 4650 Pennwood Dr, Indianapolis, IN 46205"}},{"query":{"id":[{"timestamp_usec":"1384167887762509"}],"query_text":"4650 Pennwood Dr, Indianapolis, IN"}},{"query":{"id":[{"timestamp_usec":"1384089361294440"},{"timestamp_usec":"1384089381293747"},{"timestamp_usec":"1384089382455475"},{"timestamp_usec":"1384089454799074"}],"query_text":"(Current Location) -> (Home)"}},{"query":{"id":[{"timestamp_usec":"1384089358615614"}],"query_text":"480 Center St, Franklin, IN"}},{"query":{"id":[{"timestamp_usec":"1384086502010741"}],"query_text":"daily journal for johnson co"}},{"query":{"id":[{"timestamp_usec":"1383965814087788"}],"query_text":"what can I feed my alligator"}},{"query":{"id":[{"timestamp_usec":"1383954672053911"}],"query_text":"daily journal in franklin in"}},{"query":{"id":[{"timestamp_usec":"1383918407327668"}],"query_text":"va"}},{"query":{"id":[{"timestamp_usec":"1383915568501741"}],"query_text":"(Current Location) -> (Home)"}},{"query":{"id":[{"timestamp_usec":"1383915567598970"}],"query_text":"480 Center St, Franklin, IN"}},{"query":{"id":[{"timestamp_usec":"1383915490981853"}],"query_text":"(Current Location) -> 31 County Line Rd, Greenwood, IN 46143"}},{"query":{"id":[{"timestamp_usec":"1383912501694716"}],"query_text":"(Home) -> Waffle House, 98 N Lovers Ln, Franklin, IN 46131"}},{"query":{"id":[{"timestamp_usec":"1383912457728190"}],"query_text":"(Current Location) -> Waffle House, 98 N Lovers Ln, Franklin, IN 46131"}},{"query":{"id":[{"timestamp_usec":"1383912438567751"}],"query_text":"McDonald's off of 65 in franklin indiana -> (Home)"}},{"query":{"id":[{"timestamp_usec":"1383912426709736"}],"query_text":"McDonald's off of 65 in franklin indiana -> (Current Location)"}},{"query":{"id":[{"timestamp_usec":"1383912381157375"}],"query_text":"McDonald's, 2080 E King St, Franklin, IN 46131 -> (Current Location)"}},{"query":{"id":[{"timestamp_usec":"1383912360087524"}],"query_text":"(Current Location) -> McDonald's, 2080 E King St, Franklin, IN 46131"}},{"query":{"id":[{"timestamp_usec":"1383912358043357"}],"query_text":"mcdonalds franklin indiana"}},{"query":{"id":[{"timestamp_usec":"1383912248959749"},{"timestamp_usec":"1383912264935663"}],"query_text":"(Home) -> circle k in franklin indiana"}},{"query":{"id":[{"timestamp_usec":"1383911834717008"}],"query_text":"(Current Location) -> Circle K, 10 N Morton St, Franklin, IN 46131"}},{"query":{"id":[{"timestamp_usec":"1383911791550790"}],"query_text":"circle k franklin indiana"}},{"query":{"id":[{"timestamp_usec":"1383834170971565"},{"timestamp_usec":"1383835011180446"}],"query_text":"(Current Location) -> 5432 Lacy Way, Greenwood, IN 46142"}},{"query":{"id":[{"timestamp_usec":"1383834168330307"}],"query_text":"5432 Lacy Way, Greenwood, IN"}},{"query":{"id":[{"timestamp_usec":"1383831850151621"},{"timestamp_usec":"1383832378257918"}],"query_text":"(Current Location) -> 4650 Pennwood Dr, Indianapolis, IN 46205"}},{"query":{"id":[{"timestamp_usec":"1383831845089152"}],"query_text":"4650 Pennwood Dr, Indianapolis, IN"}},{"query":{"id":[{"timestamp_usec":"1383784782822196"},{"timestamp_usec":"1383784782881550"},{"timestamp_usec":"1383784966173451"}],"query_text":"does kfc sell a 10 piece"}},{"query":{"id":[{"timestamp_usec":"1383784782711301"},{"timestamp_usec":"1383784782782739"}],"query_text":"kfc order menu"}},{"query":{"id":[{"timestamp_usec":"1383784782689957"}],"query_text":"kfc in franklin in"}},{"query":{"id":[{"timestamp_usec":"1383764010744777"}],"query_text":"pill finder"}},{"query":{"id":[{"timestamp_usec":"1383763986629743"}],"query_text":"pill findet"}},{"query":{"id":[{"timestamp_usec":"1383755804629636"}],"query_text":"(Current Location) -> 520 Williamson St, Whiteland, IN 46184"}},{"query":{"id":[{"timestamp_usec":"1383755800586072"}],"query_text":"520 Williamson St, Whiteland, IN"}},{"query":{"id":[{"timestamp_usec":"1383754873422048"}],"query_text":"goof"}},{"query":{"id":[{"timestamp_usec":"1383754573135066"}],"query_text":"google"}},{"query":{"id":[{"timestamp_usec":"1383754225970522"}],"query_text":"facebook quotes best friend"}},{"query":{"id":[{"timestamp_usec":"1383754209227905"}],"query_text":"goof"}},{"query":{"id":[{"timestamp_usec":"1383743090420793"}],"query_text":"(Current Location) -> (Home)"}},{"query":{"id":[{"timestamp_usec":"1383743017939749"},{"timestamp_usec":"1383743089735575"}],"query_text":"480 Center St, Franklin, IN"}},{"query":{"id":[{"timestamp_usec":"1383738857196252"}],"query_text":"(Current Location) -> 4650 Pennwood Dr, Indianapolis, IN"}},{"query":{"id":[{"timestamp_usec":"1383705830945776"}],"query_text":"24 hr autozone in greenwood in"}},{"query":{"id":[{"timestamp_usec":"1383676200130066"}],"query_text":"bloomfield state bank linton indiana"}},{"query":{"id":[{"timestamp_usec":"1383674746043889"}],"query_text":"dollargeneral.com"}},{"query":{"id":[{"timestamp_usec":"1383673490415485"}],"query_text":"dollargeneral. com"}},{"query":{"id":[{"timestamp_usec":"1383673057064299"}],"query_text":"dollargeneral.com"}},{"query":{"id":[{"timestamp_usec":"1383653887312335"},{"timestamp_usec":"1383653914878718"},{"timestamp_usec":"1383653916260921"},{"timestamp_usec":"1383653983823345"},{"timestamp_usec":"1383653986223275"},{"timestamp_usec":"1383654639882701"},{"timestamp_usec":"1383654665805103"},{"timestamp_usec":"1383654753450227"},{"timestamp_usec":"1383654981994329"},{"timestamp_usec":"1383655008396193"}],"query_text":"(Current Location) -> (Home)"}},{"query":{"id":[{"timestamp_usec":"1383653630880049"},{"timestamp_usec":"1383653664054698"}],"query_text":"motels near whiteland indiana"}},{"query":{"id":[{"timestamp_usec":"1383653526522315"}],"query_text":"red carpet inn in greenwood indiana"}},{"query":{"id":[{"timestamp_usec":"1383653214176369"}],"query_text":"motels near whiteland indiana"}},{"query":{"id":[{"timestamp_usec":"1383652757640697"}],"query_text":"(Current Location) -> (Home)"}},{"query":{"id":[{"timestamp_usec":"1383652756589315"}],"query_text":"480 Center St, Franklin, IN"}},{"query":{"id":[{"timestamp_usec":"1383649151740355"}],"query_text":"(Current Location) -> 4650 Pennwood Drive, Indianapolis, IN"}},{"query":{"id":[{"timestamp_usec":"1383649145560641"}],"query_text":"(Current Location) -> 4650 Pennwood Dr, Indianapolis, IN 46205"}},{"query":{"id":[{"timestamp_usec":"1383649044758072"}],"query_text":"4600-4650 Pennwood Dr, Indianapolis, IN"}},{"query":{"id":[{"timestamp_usec":"1383627556153759"},{"timestamp_usec":"1383627561191921"},{"timestamp_usec":"1383627645473386"},{"timestamp_usec":"1383627678853579"}],"query_text":"daily journal in franklin indiana"}},{"query":{"id":[{"timestamp_usec":"1383600541194587"}],"query_text":"daily journal in franklin indiana"}},{"query":{"id":[{"timestamp_usec":"1383600006043451"}],"query_text":"motels in franklin in"}},{"query":{"id":[{"timestamp_usec":"1383587911322181"}],"query_text":"daily journal in franklin indiana"}},{"query":{"id":[{"timestamp_usec":"1383582485900471"}],"query_text":"(Current Location) -> 65 County Line Rd, Greenwood, IN 46142"}},{"query":{"id":[{"timestamp_usec":"1383582484983301"}],"query_text":"65 County Line Rd, Greenwood, IN"}},{"query":{"id":[{"timestamp_usec":"1383582048515438"}],"query_text":"lowes in greenwood in"}},{"query":{"id":[{"timestamp_usec":"1383581229089929"}],"query_text":"(Current Location) -> 5432 Lacy Way, Greenwood, IN 46142"}},{"query":{"id":[{"timestamp_usec":"1383581225323144"}],"query_text":"5432 Lacy Way, Greenwood, IN"}},{"query":{"id":[{"timestamp_usec":"1383579092811846"},{"timestamp_usec":"1383579128470473"},{"timestamp_usec":"1383579128497709"},{"timestamp_usec":"1383579204740978"},{"timestamp_usec":"1383580290047854"}],"query_text":"(Current Location) -> (Home)"}},{"query":{"id":[{"timestamp_usec":"1383579092101226"}],"query_text":"480 Center St, Franklin, IN"}},{"query":{"id":[{"timestamp_usec":"1383538536201712"},{"timestamp_usec":"1383538537334190"},{"timestamp_usec":"1383538544698967"}],"query_text":"(Current Location) -> 4600-4650 Pennwood Dr, Indianapolis, IN 46205"}},{"query":{"id":[{"timestamp_usec":"1383538391416050"}],"query_text":"suboxone clinics in indianapolis indiana"}},{"query":{"id":[{"timestamp_usec":"1383522674992903"}],"query_text":"google"}},{"query":{"id":[{"timestamp_usec":"1383522526626919"},{"timestamp_usec":"1383522574667579"}],"query_text":"ips schools job opening mechanic"}},{"query":{"id":[{"timestamp_usec":"1383522470511703"}],"query_text":"ips schools job opening"}},{"query":{"id":[{"timestamp_usec":"1383522438393232"}],"query_text":"google"}},{"query":{"id":[{"timestamp_usec":"1383521590071739"},{"timestamp_usec":"1383522424337417"}],"query_text":"suboxone clinics in indianapolis indiana"}},{"query":{"id":[{"timestamp_usec":"1383521418188939"}],"query_text":"what mg are green roxycodones"}},{"query":{"id":[{"timestamp_usec":"1383521233769094"}],"query_text":"pill identifier"}},{"query":{"id":[{"timestamp_usec":"1383511558167980"}],"query_text":"free people search"}},{"query":{"id":[{"timestamp_usec":"1383450642313594"}],"query_text":"what do I do if I get a bad spider bite"}},{"query":{"id":[{"timestamp_usec":"1383448029808702"},{"timestamp_usec":"1383448031008566"},{"timestamp_usec":"1383448194707367"}],"query_text":"the new xbox one"}},{"query":{"id":[{"timestamp_usec":"1383447949673527"},{"timestamp_usec":"1383447951763176"}],"query_text":"playstation 4"}},{"query":{"id":[{"timestamp_usec":"1383447889704531"},{"timestamp_usec":"1383447896445174"}],"query_text":"the new xbox one"}},{"query":{"id":[{"timestamp_usec":"1383446213424201"},{"timestamp_usec":"1383446518343517"},{"timestamp_usec":"1383446541845140"},{"timestamp_usec":"1383446606553023"},{"timestamp_usec":"1383446916762714"},{"timestamp_usec":"1383447009763333"},{"timestamp_usec":"1383447035594724"},{"timestamp_usec":"1383447879503021"},{"timestamp_usec":"1383447882744438"}],"query_text":"spider bite"}},{"query":{"id":[{"timestamp_usec":"1383363106225150"}],"query_text":"papa johns in franklin I n"}},{"query":{"id":[{"timestamp_usec":"1383349621199296"}],"query_text":"best places to trick or treat in franklin in"}},{"query":{"id":[{"timestamp_usec":"1383348616078175"}],"query_text":"best place to go trick or treating in franklin in"}},{"query":{"id":[{"timestamp_usec":"1383334000531447"}],"query_text":"free people search"}},{"query":{"id":[{"timestamp_usec":"1383333945313192"}],"query_text":"free porn"}},{"query":{"id":[{"timestamp_usec":"1383333893395419"}],"query_text":"french lick indiana"}},{"query":{"id":[{"timestamp_usec":"1383331162032090"}],"query_text":"staples in greenwood indiana"}},{"query":{"id":[{"timestamp_usec":"1383325934542399"}],"query_text":"vectren in franklin in"}},{"query":{"id":[{"timestamp_usec":"1383324170415291"}],"query_text":"(Current Location) -> Jacobi Sales Inc, 550 Earlywood Dr, Franklin, IN 46131"}},{"query":{"id":[{"timestamp_usec":"1383324099301850"}],"query_text":"jacobi in franklin in"}},{"query":{"id":[{"timestamp_usec":"1383324064775854"}],"query_text":"jaco"}},{"query":{"id":[{"timestamp_usec":"1383270532767215"},{"timestamp_usec":"1383270664713496"}],"query_text":"fox weather59"}},{"query":{"id":[{"timestamp_usec":"1383238429336341"}],"query_text":"hass vandivier & norris"}},{"query":{"id":[{"timestamp_usec":"1383238340489749"}],"query_text":"vectren in franklin in"}},{"query":{"id":[{"timestamp_usec":"1383237942846607"}],"query_text":"duke energy in franklin in"}},{"query":{"id":[{"timestamp_usec":"1383223103186699"}],"query_text":"bloomfield state bank greenwood"}},{"query":{"id":[{"timestamp_usec":"1383222679725257"}],"query_text":"bloomfield state bank linton indiana"}},{"query":{"id":[{"timestamp_usec":"1383174575327820"},{"timestamp_usec":"1383174599852521"},{"timestamp_usec":"1383174609300443"},{"timestamp_usec":"1383174633008754"},{"timestamp_usec":"1383174634736089"},{"timestamp_usec":"1383174639840824"},{"timestamp_usec":"1383174640693808"},{"timestamp_usec":"1383174689688445"}],"query_text":"(Current Location) -> 311 W 4th St, Greenfield, IN 46140"}},{"query":{"id":[{"timestamp_usec":"1383174559889326"},{"timestamp_usec":"1383174569170749"}],"query_text":"311 W 4th St, Greenfield, IN"}},{"query":{"id":[{"timestamp_usec":"1383172841779413"}],"query_text":"(Current Location) -> 311 W 4th St, Greenfield, IN 46140"}},{"query":{"id":[{"timestamp_usec":"1383172830024154"}],"query_text":"311w fourth st greenfield in 46140"}},{"query":{"id":[{"timestamp_usec":"1383172769997569"}],"query_text":"311 East 4th Street, Greenfield, IN"}},{"query":{"id":[{"timestamp_usec":"1383167388134236"}],"query_text":"how to find area of a rectangle"}},{"query":{"id":[{"timestamp_usec":"1383167301720324"}],"query_text":"how to find perimeter of a square"}},{"query":{"id":[{"timestamp_usec":"1383162165355077"},{"timestamp_usec":"1383162304623348"}],"query_text":"cub cadet greenwood, In"}},{"query":{"id":[{"timestamp_usec":"1383162040746104"},{"timestamp_usec":"1383162144075897"}],"query_text":"cub cadet"}},{"query":{"id":[{"timestamp_usec":"1383161551351039"}],"query_text":"(Current Location) -> BMO Harris Bank, 1696 Meridian Oaks Dr, Greenwood, IN 46142"}},{"query":{"id":[{"timestamp_usec":"1383153163334381"},{"timestamp_usec":"1383153171173459"},{"timestamp_usec":"1383153171703103"}],"query_text":"(Current Location) -> 5432 Lacy Way, Greenwood, IN 46142"}},{"query":{"id":[{"timestamp_usec":"1383153162602477"}],"query_text":"5432 Lacy Way, Greenwood, IN"}},{"query":{"id":[{"timestamp_usec":"1383150128482229"}],"query_text":"m&I bank in greenwood in"}},{"query":{"id":[{"timestamp_usec":"1383149612322543"},{"timestamp_usec":"1383149801755643"}],"query_text":"fidelity bank in greenwood in"}},{"query":{"id":[{"timestamp_usec":"1383143217073888"}],"query_text":"fidelity bank in franklin in 46131"}},{"query":{"id":[{"timestamp_usec":"1383143117234269"}],"query_text":"fidelity bank in franklin in"}},{"query":{"id":[{"timestamp_usec":"1383119372725237"}],"query_text":"when I give a receipt do I keep the white or yellow copy"}},{"query":{"id":[{"timestamp_usec":"1383116434545528"},{"timestamp_usec":"1383117942832184"},{"timestamp_usec":"1383118090852917"}],"query_text":"how do you fill out a money rent receipt book"}},{"query":{"id":[{"timestamp_usec":"1383115034755832"}],"query_text":"mylowes.com"}},{"query":{"id":[{"timestamp_usec":"1383110608123520"}],"query_text":"how do I install battlefield4 on my xbox360 without a harddrive"}},{"query":{"id":[{"timestamp_usec":"1383109313354495"},{"timestamp_usec":"1383109349574246"}],"query_text":"how do I install battlefield4 to my xbox without a harddrive"}},{"query":{"id":[{"timestamp_usec":"1383104189403825"}],"query_text":"why can't I play battlefield 4 on my xbox without a hard drive"}},{"query":{"id":[{"timestamp_usec":"1383095979412952"}],"query_text":"walmart in franklin in"}},{"query":{"id":[{"timestamp_usec":"1383069285080727"}],"query_text":"walmart in franklin in"}},{"query":{"id":[{"timestamp_usec":"1383065352655858"}],"query_text":"sherwin williams in greenwood in"}},{"query":{"id":[{"timestamp_usec":"1383064740070546"}],"query_text":"tnemic paint store in greenwood in"}},{"query":{"id":[{"timestamp_usec":"1383064107819129"}],"query_text":"home depot in greenwood in"}},{"query":{"id":[{"timestamp_usec":"1383064028368116"}],"query_text":"who sells to Niemiec paint"}},{"query":{"id":[{"timestamp_usec":"1383063977574997"}],"query_text":"who sells tnemic paint"}},{"query":{"id":[{"timestamp_usec":"1383005965043240"},{"timestamp_usec":"1383005970580085"},{"timestamp_usec":"1383006014004075"},{"timestamp_usec":"1383006017622607"}],"query_text":"pumpkin faces"}},{"query":{"id":[{"timestamp_usec":"1382981247534130"}],"query_text":"lowes in greenwood in"}},{"query":{"id":[{"timestamp_usec":"1382981172749040"}],"query_text":"(Current Location) -> 5432 Lacy Way, Greenwood, IN 46142"}},{"query":{"id":[{"timestamp_usec":"1382981171470714"}],"query_text":"5432 Lacy Way, Greenwood, IN"}},{"query":{"id":[{"timestamp_usec":"1382975442580256"}],"query_text":"(Current Location) -> Forum Credit Union, 8935 U.S. 31 S, Indianapolis, IN 46227"}},{"query":{"id":[{"timestamp_usec":"1382970451180581"}],"query_text":"address for Forum credit union near franklin indiana"}},{"query":{"id":[{"timestamp_usec":"1382893258402747"}],"query_text":"club cadet lawn mower dealers near franklin in"}},{"query":{"id":[{"timestamp_usec":"1382844282547478"}],"query_text":"russian fighter plane pics"}},{"query":{"id":[{"timestamp_usec":"1382844150860142"}],"query_text":"pics of a tu-204"}},{"query":{"id":[{"timestamp_usec":"1382841996631234"}],"query_text":"persons finder"}},{"query":{"id":[{"timestamp_usec":"1382731789917218"}],"query_text":"(Current Location) -> (Home)"}},{"query":{"id":[{"timestamp_usec":"1382731788801561"}],"query_text":"480 Center St, Franklin, IN"}},{"query":{"id":[{"timestamp_usec":"1382728114560539"}],"query_text":"core buyers in Edinburgh Indiana"}},{"query":{"id":[{"timestamp_usec":"1382727064616682"}],"query_text":"how to unlock a motorola mb855"}},{"query":{"id":[{"timestamp_usec":"1382717958090419"}],"query_text":"powerup rewards.com"}},{"query":{"id":[{"timestamp_usec":"1382575665116439"},{"timestamp_usec":"1382575677629000"},{"timestamp_usec":"1382575685396394"},{"timestamp_usec":"1382575685467578"},{"timestamp_usec":"1382575687970128"}],"query_text":"perimeter"}},{"query":{"id":[{"timestamp_usec":"1382535869680769"}],"query_text":"JavaScript"}},{"query":{"id":[{"timestamp_usec":"1382395903620654"}],"query_text":"median in math"}},{"query":{"id":[{"timestamp_usec":"1382395813709841"}],"query_text":"pill identifier"}},{"query":{"id":[{"timestamp_usec":"1382395702059822"},{"timestamp_usec":"1382395708056041"}],"query_text":"median in math"}},{"query":{"id":[{"timestamp_usec":"1382395620831800"}],"query_text":"line plot"}},{"query":{"id":[{"timestamp_usec":"1382395098395088"}],"query_text":"franklin community.comschool.com"}},{"query":{"id":[{"timestamp_usec":"1382391227879517"}],"query_text":"firing order for 96 Ford F 150 with a 4.9 motor"}},{"query":{"id":[{"timestamp_usec":"1382385923601941"}],"query_text":"how do I set the distributor on a 1995 Ford F 150 2 wheel drive pickup truck with a 4.9 motor"}},{"query":{"id":[{"timestamp_usec":"1382385498706645"},{"timestamp_usec":"1382385517727726"},{"timestamp_usec":"1382385523722245"}],"query_text":"(Current Location) -> Chase Bank, 1600 N Morton St, Franklin, IN 46131"}},{"query":{"id":[{"timestamp_usec":"1382371129227667"}],"query_text":"eppicard customer service"}},{"query":{"id":[{"timestamp_usec":"1382315713956608"}],"query_text":"walmart in franklin in"}},{"query":{"id":[{"timestamp_usec":"1382313832410062"}],"query_text":"walmart in franklin in"}},{"query":{"id":[{"timestamp_usec":"1382313059689032"},{"timestamp_usec":"1382313105269371"},{"timestamp_usec":"1382313112877950"},{"timestamp_usec":"1382313139428839"},{"timestamp_usec":"1382313143991379"},{"timestamp_usec":"1382313154168469"},{"timestamp_usec":"1382313159667600"}],"query_text":"(Current Location) -> 798 Graham Rd, Franklin, IN 46131"}},{"query":{"id":[{"timestamp_usec":"1382299209674006"},{"timestamp_usec":"1382299214471243"}],"query_text":"firing order for 1995 ford f150 5.0"}},{"query":{"id":[{"timestamp_usec":"1382295346751672"}],"query_text":"spears in franklin in"}},{"query":{"id":[{"timestamp_usec":"1382295301480482"}],"query_text":"napa in franklin in"}},{"query":{"id":[{"timestamp_usec":"1382280303452114"}],"query_text":"mapquest"}},{"query":{"id":[{"timestamp_usec":"1382219906611305"}],"query_text":"haunted trail Franklin in"}},{"query":{"id":[{"timestamp_usec":"1382059420746283"}],"query_text":"circle k in franklin in"}},{"query":{"id":[{"timestamp_usec":"1382059370127604"}],"query_text":"Circle K in Franklin Indiana"}},{"query":{"id":[{"timestamp_usec":"1382045447414752"}],"query_text":"wishing well motel whiteland indiana"}},{"query":{"id":[{"timestamp_usec":"1382041435701961"}],"query_text":"places to get business cards made near greenwood indiana"}},{"query":{"id":[{"timestamp_usec":"1382041367724374"}],"query_text":"where to make my own business cards in greenwood indiana"}},{"query":{"id":[{"timestamp_usec":"1382041060481412"}],"query_text":"places to get business cards made near greenwood indiana"}},{"query":{"id":[{"timestamp_usec":"1382037524426597"}],"query_text":"methadone clinics near 86 st & shadeland"}},{"query":{"id":[{"timestamp_usec":"1382037391845349"}],"query_text":"methadone clinics near 86st & shadeland"}},{"query":{"id":[{"timestamp_usec":"1381975677201462"}],"query_text":"clearance windows in indianapolis in"}},{"query":{"id":[{"timestamp_usec":"1381975577361192"}],"query_text":"clearance windows"}},{"query":{"id":[{"timestamp_usec":"1381965156089312"},{"timestamp_usec":"1381966162934082"}],"query_text":"pill identifier"}},{"query":{"id":[{"timestamp_usec":"1381956830931185"},{"timestamp_usec":"1381957479223077"},{"timestamp_usec":"1381957481147659"}],"query_text":"(Current Location) -> (Home)"}},{"query":{"id":[{"timestamp_usec":"1381956829862264"}],"query_text":"480 Center St, Franklin, IN"}},{"query":{"id":[{"timestamp_usec":"1381954779082945"},{"timestamp_usec":"1381954822754726"},{"timestamp_usec":"1381954827275917"}],"query_text":"(Current Location) -> 8235 Holmard Pl, Indianapolis, IN 46259"}},{"query":{"id":[{"timestamp_usec":"1381954777845302"}],"query_text":"8235 holmard place 46259 franklin twp flatbranch estates 2"}},{"query":{"id":[{"timestamp_usec":"1381953559514171"},{"timestamp_usec":"1381954007397117"},{"timestamp_usec":"1381954018214569"},{"timestamp_usec":"1381954569664375"},{"timestamp_usec":"1381954633164038"}],"query_text":"(Current Location) -> Franklin Central High School, 6215 S Franklin Rd, Indianapolis, IN 46259"}},{"query":{"id":[{"timestamp_usec":"1381948585814708"}],"query_text":"methadone clinic on 86th & shadeland"}},{"query":{"id":[{"timestamp_usec":"1381948473454458"}],"query_text":"suboxone clinics in indiana"}},{"query":{"id":[{"timestamp_usec":"1381937631697156"}],"query_text":"suboxone clinics in greenwood in"}},{"query":{"id":[{"timestamp_usec":"1381937241910949"}],"query_text":"suboxone treatment indianapolis indiana"}},{"query":{"id":[{"timestamp_usec":"1381936681128965"}],"query_text":"(Current Location) -> (Home)"}},{"query":{"id":[{"timestamp_usec":"1381936680050900"}],"query_text":"480 Center St, Franklin, IN"}},{"query":{"id":[{"timestamp_usec":"1381936082423619"},{"timestamp_usec":"1381936565921351"}],"query_text":"(Current Location) -> Hampton Inn Indianapolis-East, 2311 N Shadeland Ave, Indianapolis, IN 46219"}},{"query":{"id":[{"timestamp_usec":"1381935900069070"},{"timestamp_usec":"1381935964300088"},{"timestamp_usec":"1381935970231242"},{"timestamp_usec":"1381936069994566"},{"timestamp_usec":"1381936070070084"}],"query_text":"(Current Location) -> (Home)"}},{"query":{"id":[{"timestamp_usec":"1381935893871408"}],"query_text":"480 Center St, Franklin, IN"}},{"query":{"id":[{"timestamp_usec":"1381934173442044"}],"query_text":"(Current Location) -> 6301 E 32nd Ct, Indianapolis, IN 46226"}},{"query":{"id":[{"timestamp_usec":"1381934171448254"}],"query_text":"6301 E 32nd Ct, Indianapolis, IN"}},{"query":{"id":[{"timestamp_usec":"1381934100223710"}],"query_text":"(Current Location) -> 6301 E 32nd Ct, Indianapolis, IN 46226"}},{"query":{"id":[{"timestamp_usec":"1381934088119523"}],"query_text":"6301 E 32nd Ct, Indianapolis, IN"}},{"query":{"id":[{"timestamp_usec":"1381934012513634"}],"query_text":"(Current Location) -> 2700 S Belmont Ave, Indianapolis, IN 46221"}},{"query":{"id":[{"timestamp_usec":"1381934002399793"}],"query_text":"2700 S Belmont Ave, Indianapolis, IN"}},{"query":{"id":[{"timestamp_usec":"1381888797753110"}],"query_text":"forum credit union in franklin in"}},{"query":{"id":[{"timestamp_usec":"1381801783962371"},{"timestamp_usec":"1381802362130303"}],"query_text":"right under my ribs i been getting a nausea feeling"}},{"query":{"id":[{"timestamp_usec":"1381797764193363"}],"query_text":"right under my ribs I been getting a nausea feeling"}},{"query":{"id":[{"timestamp_usec":"1381772943228320"}],"query_text":"hip program in indiana"}},{"query":{"id":[{"timestamp_usec":"1381747579212868"}],"query_text":"www.legobatman2 cheat.com"}},{"query":{"id":[{"timestamp_usec":"1381743645434940"}],"query_text":"www.legobatman2 cheat.com"}},{"query":{"id":[{"timestamp_usec":"1381718925897677"}],"query_text":"www.legobatman2 cheat.com"}},{"query":{"id":[{"timestamp_usec":"1381709432627628"},{"timestamp_usec":"1381709456828686"},{"timestamp_usec":"1381709577688269"},{"timestamp_usec":"1381709590474090"}],"query_text":"what are these little black flying bugs that just came around in october"}},{"query":{"id":[{"timestamp_usec":"1381709285424206"}],"query_text":"bugs in greenwood Indiana"}},{"query":{"id":[{"timestamp_usec":"1381704154314851"}],"query_text":"things to say on a birthday invitation"}},{"query":{"id":[{"timestamp_usec":"1381702394368718"}],"query_text":"cymbalta 60mg"}},{"query":{"id":[{"timestamp_usec":"1381700381058459"}],"query_text":"party games with girls"}},{"query":{"id":[{"timestamp_usec":"1381700300407704"}],"query_text":"girl party gmaes"}},{"query":{"id":[{"timestamp_usec":"1381695311958221"}],"query_text":"party games with girls"}},{"query":{"id":[{"timestamp_usec":"1381600295129204"},{"timestamp_usec":"1381600365215464"},{"timestamp_usec":"1381600366871023"}],"query_text":"(Current Location) -> 5432 Lacy Way, Greenwood, IN 46142"}},{"query":{"id":[{"timestamp_usec":"1381600293905511"}],"query_text":"5432 Lacy Way, Greenwood, IN"}},{"query":{"id":[{"timestamp_usec":"1381597601563556"}],"query_text":"facebook.com login"}},{"query":{"id":[{"timestamp_usec":"1381597086492520"}],"query_text":"eppicard customer service"}},{"query":{"id":[{"timestamp_usec":"1381595991507368"}],"query_text":"(Current Location) -> 65 County Line Rd, Greenwood, IN 46142"}},{"query":{"id":[{"timestamp_usec":"1381595138388238"}],"query_text":"eppicard customer service"}},{"query":{"id":[{"timestamp_usec":"1381595090333543"}],"query_text":"face"}},{"query":{"id":[{"timestamp_usec":"1381593069279039"}],"query_text":"mansfield covered bridge festival"}},{"query":{"id":[{"timestamp_usec":"1381530675974911"}],"query_text":"cory monteith lea michele"}},{"query":{"id":[{"timestamp_usec":"1381527771491015"}],"query_text":"Johnson County Police Department non emergency number in Franklin Indiana"}},{"query":{"id":[{"timestamp_usec":"1381527702606788"}],"query_text":"johnson county police non emergency"}},{"query":{"id":[{"timestamp_usec":"1381519501831248"}],"query_text":"jvc exad retail"}},{"query":{"id":[{"timestamp_usec":"1381499337026829"},{"timestamp_usec":"1381499459328637"}],"query_text":"cory monteith lea michele"}},{"query":{"id":[{"timestamp_usec":"1381427100348487"},{"timestamp_usec":"1381427640479513"},{"timestamp_usec":"1381427641561078"},{"timestamp_usec":"1381427694269245"}],"query_text":"arons rental center in franklin in"}},{"query":{"id":[{"timestamp_usec":"1381359925761967"},{"timestamp_usec":"1381360011824110"}],"query_text":"marsh in franklin in"}},{"query":{"id":[{"timestamp_usec":"1381348278956027"}],"query_text":"aarons in franklin in"}},{"query":{"id":[{"timestamp_usec":"1381346741571702"},{"timestamp_usec":"1381346799676878"},{"timestamp_usec":"1381346846751012"}],"query_text":"Huntington bank in columbus in"}},{"query":{"id":[{"timestamp_usec":"1381339215317852"}],"query_text":"how do I set up my garmin nuvi"}},{"query":{"id":[{"timestamp_usec":"1381264862819103"}],"query_text":"xbox one"}},{"query":{"id":[{"timestamp_usec":"1381195778998374"}],"query_text":"why do the tips of my fingers go numb"}},{"query":{"id":[{"timestamp_usec":"1381189898097056"}],"query_text":"why do the tips of my fingers go numb"}},{"query":{"id":[{"timestamp_usec":"1381188123394646"}],"query_text":"lowes in greenwood indiana"}},{"query":{"id":[{"timestamp_usec":"1381187846313700"}],"query_text":"meijer in greenwood indiana"}},{"query":{"id":[{"timestamp_usec":"1381187735190642"}],"query_text":"meyer in greenwood indiana"}},{"query":{"id":[{"timestamp_usec":"1381183400197476"}],"query_text":"(Current Location) -> 600 Wood Dale Terrace, Greenwood, IN 46142"}},{"query":{"id":[{"timestamp_usec":"1381169089568237"}],"query_text":"drotor fung in whiteland Indiana"}},{"query":{"id":[{"timestamp_usec":"1381162330705181"}],"query_text":"(Current Location) -> The Tomlinson Tap Room, 222 E Market St, Indianapolis, IN 46204"}},{"query":{"id":[{"timestamp_usec":"1381161733619206"},{"timestamp_usec":"1381161825666569"},{"timestamp_usec":"1381162266902356"}],"query_text":"(Current Location) -> First Financial Bank, 125 3rd St, Columbus, IN 47201"}},{"query":{"id":[{"timestamp_usec":"1381160946337672"}],"query_text":"(Current Location) -> Kroot Corporation, 2915 State St, Columbus, IN 47201"}},{"query":{"id":[{"timestamp_usec":"1381160811534184"}],"query_text":"krootz in columbus in"}},{"query":{"id":[{"timestamp_usec":"1381153363028332"}],"query_text":"krootz in columbus in"}},{"query":{"id":[{"timestamp_usec":"1381153344051397"}],"query_text":"kroots in Columbus Indiana"}},{"query":{"id":[{"timestamp_usec":"1381014591291808"}],"query_text":"relax inn in franklin indiana"}},{"query":{"id":[{"timestamp_usec":"1380993304407466"}],"query_text":"fazolies"}},{"query":{"id":[{"timestamp_usec":"1380992871558340"},{"timestamp_usec":"1380992962775563"}],"query_text":"Wendys in greenwood indiana"}},{"query":{"id":[{"timestamp_usec":"1380992818754909"}],"query_text":"fazolies"}},{"query":{"id":[{"timestamp_usec":"1380940351843879"}],"query_text":"walmart"}},{"query":{"id":[{"timestamp_usec":"1380940286863531"}],"query_text":"walmart franklin indiana"}},{"query":{"id":[{"timestamp_usec":"1380919063563545"}],"query_text":"bloomfield state bank linton indiana"}},{"query":{"id":[{"timestamp_usec":"1380908483628685"},{"timestamp_usec":"1380908487951469"},{"timestamp_usec":"1380908511742216"}],"query_text":"redbox"}},{"query":{"id":[{"timestamp_usec":"1380892850349748"}],"query_text":"(Current Location) -> (Home)"}},{"query":{"id":[{"timestamp_usec":"1380892348854413"}],"query_text":"bmv in franklin indiana"}},{"query":{"id":[{"timestamp_usec":"1380891892064426"},{"timestamp_usec":"1380892337056429"}],"query_text":"dmv in franklin indiana"}},{"query":{"id":[{"timestamp_usec":"1380888904543440"},{"timestamp_usec":"1380889253014617"},{"timestamp_usec":"1380889639703306"},{"timestamp_usec":"1380889643710080"}],"query_text":"(Current Location) -> (Home)"}},{"query":{"id":[{"timestamp_usec":"1380888903223195"}],"query_text":"480 Center St, Franklin, IN"}},{"query":{"id":[{"timestamp_usec":"1380862976531629"}],"query_text":"gmai"}},{"query":{"id":[{"timestamp_usec":"1380769746244643"}],"query_text":"how do I set up my garmin nuvi"}},{"query":{"id":[{"timestamp_usec":"1380749938349786"}],"query_text":"(Current Location) -> 5432 Lacy Way, Greenwood, IN 46142"}},{"query":{"id":[{"timestamp_usec":"1380749934065300"}],"query_text":"5432 Lacy Way, Greenwood, IN"}},{"query":{"id":[{"timestamp_usec":"1380747510076263"}],"query_text":"(Current Location) -> 2700 S Belmont Ave, Indianapolis, IN 46221"}},{"query":{"id":[{"timestamp_usec":"1380747434519525"}],"query_text":"auto return in indianapolis indiana"}},{"query":{"id":[{"timestamp_usec":"1380747136355155"}],"query_text":"(Current Location) -> Hubler Chevrolet, 8220 U.S. 31 S, Indianapolis, IN 46227"}},{"query":{"id":[{"timestamp_usec":"1380740901935880"}],"query_text":"(Current Location) -> 5432 Lacy Way, Greenwood, IN 46142"}},{"query":{"id":[{"timestamp_usec":"1380740900820600"}],"query_text":"5432 Lacy Way, Greenwood, IN"}},{"query":{"id":[{"timestamp_usec":"1380739060491890"},{"timestamp_usec":"1380739070935025"},{"timestamp_usec":"1380739071721721"},{"timestamp_usec":"1380739091262889"},{"timestamp_usec":"1380739112635043"},{"timestamp_usec":"1380739131372445"},{"timestamp_usec":"1380739141238471"},{"timestamp_usec":"1380739147299285"},{"timestamp_usec":"1380739452813287"}],"query_text":"(Current Location) -> 31 E Stop 11 Rd, Indianapolis, IN 46227"}},{"query":{"id":[{"timestamp_usec":"1380738604710646"}],"query_text":"(Current Location) -> U.S. 31 & E Stop 11 Rd, Indianapolis, IN 46227"}},{"query":{"id":[{"timestamp_usec":"1380738600673845"}],"query_text":"stop 11 & 31 in greenwood in"}},{"query":{"id":[{"timestamp_usec":"1380736260908867"},{"timestamp_usec":"1380736280172736"},{"timestamp_usec":"1380736280196358"},{"timestamp_usec":"1380736363506053"},{"timestamp_usec":"1380736363604350"},{"timestamp_usec":"1380736680289963"},{"timestamp_usec":"1380736880783441"},{"timestamp_usec":"1380737029632035"},{"timestamp_usec":"1380737558457738"},{"timestamp_usec":"1380737877230952"}],"query_text":"(Current Location) -> 5432 Lacy Way, Greenwood, IN 46142"}},{"query":{"id":[{"timestamp_usec":"1380736257317359"}],"query_text":"5432 Lacy Way, Greenwood, IN"}},{"query":{"id":[{"timestamp_usec":"1380734501207437"},{"timestamp_usec":"1380735340061408"}],"query_text":"(Current Location) -> IU Health Methodist Hospital, 1701 N Senate Blvd, Indianapolis, IN 46202"}},{"query":{"id":[{"timestamp_usec":"1380734500213551"}],"query_text":"Methodist Hospital, North Senate Boulevard, Indianapolis, IN"}},{"query":{"id":[{"timestamp_usec":"1380734118277455"}],"query_text":"(Current Location) -> W Dr Martin Luther King Jr St, Indianapolis, IN"}},{"query":{"id":[{"timestamp_usec":"1380734114460956"}],"query_text":"(Current Location) -> W Dr Martin Luther King Jr St, Indianapolis, IN 46208"}},{"query":{"id":[{"timestamp_usec":"1380734102682625"}],"query_text":"W Dr Martin Luther King Jr St, Indianapolis, IN"}},{"query":{"id":[{"timestamp_usec":"1380734082953874"}],"query_text":"(Current Location) -> W Dr Martin Luther King Jr St, Indianapolis, IN 46208"}},{"query":{"id":[{"timestamp_usec":"1380734066023147"}],"query_text":"dr martin Luther king street in indianapolis Indiana"}},{"query":{"id":[{"timestamp_usec":"1380733970707442"}],"query_text":"(Current Location) -> Bond St, Indianapolis, IN 46208"}},{"query":{"id":[{"timestamp_usec":"1380733959501823"}],"query_text":"bond street in indianapolis Indiana"}},{"query":{"id":[{"timestamp_usec":"1380733794522436"}],"query_text":"(Current Location) -> 25th St, Indianapolis, IN 46229"}},{"query":{"id":[{"timestamp_usec":"1380733769104241"}],"query_text":"25th St, Indianapolis, IN"}},{"query":{"id":[{"timestamp_usec":"1380733695283322"}],"query_text":"25th street in indianapolis Indiana"}},{"query":{"id":[{"timestamp_usec":"1380721107594554"}],"query_text":"auto return in indianapolis indiana"}},{"query":{"id":[{"timestamp_usec":"1380719635441418"}],"query_text":"Auto return in Indianapolis Indiana"}},{"query":{"id":[{"timestamp_usec":"1380719318465354"}],"query_text":"phone number for the impound yard in Lawrence Indiana"}},{"query":{"id":[{"timestamp_usec":"1380671235205068"}],"query_text":"pics of a 1994 mustang"}},{"query":{"id":[{"timestamp_usec":"1380666120365151"}],"query_text":"uppercase living clocks"}},{"query":{"id":[{"timestamp_usec":"1380621369819853"}],"query_text":"pics of a 1994 mazda rx7"}},{"query":{"id":[{"timestamp_usec":"1380620054594001"}],"query_text":"pics of a mazda"}},{"query":{"id":[{"timestamp_usec":"1380619413489512"}],"query_text":"pics of a 1994 mazda rx7"}},{"query":{"id":[{"timestamp_usec":"1380619378470633"}],"query_text":"pics of a mazda"}},{"query":{"id":[{"timestamp_usec":"1380597144324060"}],"query_text":"pill finder"}},{"query":{"id":[{"timestamp_usec":"1380596498951951"}],"query_text":"pill identifier"}},{"query":{"id":[{"timestamp_usec":"1380596458311734"}],"query_text":"pill finder"}},{"query":{"id":[{"timestamp_usec":"1380596455992663"}],"query_text":"pill identifyer"}},{"query":{"id":[{"timestamp_usec":"1380596053131673"},{"timestamp_usec":"1380596451943034"}],"query_text":"pill finder"}},{"query":{"id":[{"timestamp_usec":"1380594740428881"}],"query_text":"www tellthebell.com"}}]}