{"event":[{"query":{"id":[{"timestamp_usec":"1380573787691253"},{"timestamp_usec":"1380573892217213"},{"timestamp_usec":"1380574085185586"}],"query_text":"(Current Location) -> 5432 Lacy Way, Greenwood, IN"}},{"query":{"id":[{"timestamp_usec":"1380571825505567"},{"timestamp_usec":"1380571835382806"},{"timestamp_usec":"1380571835860519"},{"timestamp_usec":"1380572188007882"}],"query_text":"(Current Location) -> 8800 Madison Ave, Indianapolis, IN 46227"}},{"query":{"id":[{"timestamp_usec":"1380571819963702"}],"query_text":"8800 Madison Ave, Indianapolis, IN"}},{"query":{"id":[{"timestamp_usec":"1380570457518511"}],"query_text":"(Current Location) -> 5432 Lacy Way, Greenwood, IN 46142"}},{"query":{"id":[{"timestamp_usec":"1380570456539082"}],"query_text":"5432 Lacy Way, Greenwood, IN"}},{"query":{"id":[{"timestamp_usec":"1380566963417978"},{"timestamp_usec":"1380566969583878"},{"timestamp_usec":"1380566969698912"}],"query_text":"(Current Location) -> 8800 Madison Ave, Indianapolis, IN 46227"}},{"query":{"id":[{"timestamp_usec":"1380566670105376"}],"query_text":"lowes greenwood indiana number"}},{"query":{"id":[{"timestamp_usec":"1380558233078889"},{"timestamp_usec":"1380558336273447"}],"query_text":"(Current Location) -> 5432 Lacy Way, Greenwood, IN 46142"}},{"query":{"id":[{"timestamp_usec":"1380558232172963"}],"query_text":"5432 Lacy Way, Greenwood, IN"}},{"query":{"id":[{"timestamp_usec":"1380521128298139"}],"query_text":"how do i fix my ps3 disc drive"}},{"query":{"id":[{"timestamp_usec":"1380508046016762"}],"query_text":"sabrered.com"}},{"query":{"id":[{"timestamp_usec":"1380500463627986"}],"query_text":"franklin public Library"}},{"query":{"id":[{"timestamp_usec":"1380493544233539"}],"query_text":"narcos pills vs vicodin"}},{"query":{"id":[{"timestamp_usec":"1380489251996549"}],"query_text":"20 mg oxycodone"}},{"query":{"id":[{"timestamp_usec":"1380482311470636"}],"query_text":"menards in greenwood indiana"}},{"query":{"id":[{"timestamp_usec":"1380480861715089"},{"timestamp_usec":"1380480868423480"},{"timestamp_usec":"1380480868788168"},{"timestamp_usec":"1380480881838155"},{"timestamp_usec":"1380480890103135"}],"query_text":"(Current Location) -> 5432 Lacy Way, Greenwood, IN 46142"}},{"query":{"id":[{"timestamp_usec":"1380480856942457"}],"query_text":"5432 Lacy Way, Greenwood, IN"}},{"query":{"id":[{"timestamp_usec":"1380477500268710"}],"query_text":"stuff to do for a 14 year old girls birthday party"}},{"query":{"id":[{"timestamp_usec":"1380468717741100"}],"query_text":"colts schedule"}},{"query":{"id":[{"timestamp_usec":"1380463027909453"}],"query_text":"jw Marriott parking garage"}},{"query":{"id":[{"timestamp_usec":"1380462931966266"}],"query_text":"cameras in parking garage at jw Marriott"}},{"query":{"id":[{"timestamp_usec":"1380410556812826"},{"timestamp_usec":"1380411190995165"},{"timestamp_usec":"1380411198082225"}],"query_text":"(Current Location) -> 5432 Lacy Way, Greenwood, IN 46142"}},{"query":{"id":[{"timestamp_usec":"1380410555982198"}],"query_text":"5432 Lacy Way, Greenwood, IN"}},{"query":{"id":[{"timestamp_usec":"1380408740568093"},{"timestamp_usec":"1380408747400974"},{"timestamp_usec":"1380409266235918"},{"timestamp_usec":"1380410191215012"}],"query_text":"(Current Location) -> 5284 Tracey Jo Rd, Greenwood, IN 46142"}},{"query":{"id":[{"timestamp_usec":"1380408737258131"}],"query_text":"5284 Tracey Jo Rd, Greenwood, IN"}},{"query":{"id":[{"timestamp_usec":"1380407617606516"}],"query_text":"rv camp grounds near greenwood indiana"}},{"query":{"id":[{"timestamp_usec":"1380401909710110"},{"timestamp_usec":"1380401936645274"}],"query_text":"12180n us31 edinburgh in 46124"}},{"query":{"id":[{"timestamp_usec":"1380395511755257"},{"timestamp_usec":"1380395537487124"},{"timestamp_usec":"1380395540000310"}],"query_text":"(Current Location) -> (Home)"}},{"query":{"id":[{"timestamp_usec":"1380395510695869"}],"query_text":"480 Center St, Franklin, IN"}},{"query":{"id":[{"timestamp_usec":"1380393159899439"},{"timestamp_usec":"1380393275270252"},{"timestamp_usec":"1380393293185956"},{"timestamp_usec":"1380393311076193"}],"query_text":"business cards made in franklin indiana"}},{"query":{"id":[{"timestamp_usec":"1380392233573202"}],"query_text":"porn"}},{"query":{"id":[{"timestamp_usec":"1380391975402243"}],"query_text":"pentelten prison in indiana"}},{"query":{"id":[{"timestamp_usec":"1380386517544094"}],"query_text":"(Current Location) -> 5284 Tracey Jo Rd, Greenwood, IN 46142"}},{"query":{"id":[{"timestamp_usec":"1380384818313603"}],"query_text":"Pendleton prison in indiana"}},{"query":{"id":[{"timestamp_usec":"1380382854748241"}],"query_text":"(Current Location) -> 5284 Tracey Jo Rd, Greenwood, IN 46142"}},{"query":{"id":[{"timestamp_usec":"1380382656885175"}],"query_text":"5284 Tracey Jo Rd, Greenwood, IN"}},{"query":{"id":[{"timestamp_usec":"1380381519550977"}],"query_text":"scrap yards in franklin in"}},{"query":{"id":[{"timestamp_usec":"1380381447919319"}],"query_text":"places to take copper in franklin in"}},{"query":{"id":[{"timestamp_usec":"1380326182860832"}],"query_text":"fletcherchrysler"}},{"query":{"id":[{"timestamp_usec":"1380306078887755"}],"query_text":"places near franklin in that sell pepper spray and home defense products"}},{"query":{"id":[{"timestamp_usec":"1380306058243828"}],"query_text":"places near franklin in that sell pepper spr and home defense products"}},{"query":{"id":[{"timestamp_usec":"1380306044867230"}],"query_text":"places near franklin in that sell pepper spray and home defense products"}},{"query":{"id":[{"timestamp_usec":"1380306032038862"}],"query_text":"(Current Location) -> 480 Center St, Franklin, IN 46131"}},{"query":{"id":[{"timestamp_usec":"1380305298331642"}],"query_text":"what is stronger mace or pepper spray"}},{"query":{"id":[{"timestamp_usec":"1380302895825154"}],"query_text":"(Current Location) -> 480 Center St, Franklin, IN 46131"}},{"query":{"id":[{"timestamp_usec":"1380302237085870"}],"query_text":"(Current Location) -> (Home)"}},{"query":{"id":[{"timestamp_usec":"1380302236089067"}],"query_text":"480 Center St, Franklin, IN"}},{"query":{"id":[{"timestamp_usec":"1380298379783606"},{"timestamp_usec":"1380299076214070"}],"query_text":"(Current Location) -> 6301 E 32nd Ct, Indianapolis, IN 46226"}},{"query":{"id":[{"timestamp_usec":"1380298203778723"}],"query_text":"applied coatings in Indianapolis Indiana"}},{"query":{"id":[{"timestamp_usec":"1380193974262270"},{"timestamp_usec":"1380194070983623"},{"timestamp_usec":"1380194536480638"},{"timestamp_usec":"1380194540559849"}],"query_text":"(Current Location) -> (Home)"}},{"query":{"id":[{"timestamp_usec":"1380193905815689"},{"timestamp_usec":"1380193969532639"}],"query_text":"480 center st franklin in"}},{"query":{"id":[{"timestamp_usec":"1380192619188916"},{"timestamp_usec":"1380192619202537"},{"timestamp_usec":"1380192633872584"},{"timestamp_usec":"1380192693795881"}],"query_text":"480 center street franklin Indiana -> Cummings engineering company in Seymour Indiana"}},{"query":{"id":[{"timestamp_usec":"1380191679611981"}],"query_text":"(Current Location) -> Cummings Lighthouse, 7462 U.S. 31, Seymour, IN 47274"}},{"query":{"id":[{"timestamp_usec":"1380191636569235"}],"query_text":"Cummings in Seymour Indiana"}},{"query":{"id":[{"timestamp_usec":"1380143567806486"}],"query_text":"(Current Location) -> Huntington Bank, 1267 N Emerson Ave, Greenwood, IN 46143"}},{"query":{"id":[{"timestamp_usec":"1380135620129435"}],"query_text":"480 Center St, Franklin, IN 46131"}},{"query":{"id":[{"timestamp_usec":"1379548108251961"}],"query_text":"ducks unlimited 2002 knife"}},{"query":{"id":[{"timestamp_usec":"1379547994252058"}],"query_text":"ducks unlimited knife of the year"}},{"query":{"id":[{"timestamp_usec":"1379538907487347"},{"timestamp_usec":"1379538907806130"}],"query_text":"Léon Foucault"}},{"query":{"id":[{"timestamp_usec":"1379538833996886"}],"query_text":"Indiana girls hoop league"}},{"query":{"id":[{"timestamp_usec":"1379531263743877"}],"query_text":"(Current Location) -> Forum Credit Union, U.S. 31, Indianapolis, IN"}},{"query":{"id":[{"timestamp_usec":"1379530698298277"},{"timestamp_usec":"1379531157606981"},{"timestamp_usec":"1379531160996578"},{"timestamp_usec":"1379531218890153"},{"timestamp_usec":"1379531228067225"}],"query_text":"(Current Location) -> FORUM Credit Union, 5210 E Southport Rd, Indianapolis, IN 46237"}},{"query":{"id":[{"timestamp_usec":"1379508437563959"},{"timestamp_usec":"1379508446960578"},{"timestamp_usec":"1379508458953421"}],"query_text":"forum credit union in franklin in"}},{"query":{"id":[{"timestamp_usec":"1379455776629801"}],"query_text":"5284 Tracey Jo Road, Greenwood, IN"}},{"query":{"id":[{"timestamp_usec":"1379455313845699"},{"timestamp_usec":"1379455431008864"}],"query_text":"Tracey Jo Rd, Greenwood, IN -> Slippery Noodle Inn, 372 S Meridian St, Indianapolis, IN"}},{"query":{"id":[{"timestamp_usec":"1379455306595847"}],"query_text":"tracey jo Road in Greenwood Indiana -> Slippery Noodle Inn, 372 S Meridian St, Indianapolis, IN"}},{"query":{"id":[{"timestamp_usec":"1379455293525525"}],"query_text":"(Current Location) -> Slippery Noodle Inn, 372 S Meridian St, Indianapolis, IN"}},{"query":{"id":[{"timestamp_usec":"1379452715957449"}],"query_text":"Johnson County Daily Journal"}},{"query":{"id":[{"timestamp_usec":"1379452638645399"}],"query_text":"apt for rent in franklin in"}},{"query":{"id":[{"timestamp_usec":"1379418352577883"}],"query_text":"(Current Location) -> Slippery Noodle Inn, 372 S Meridian St, Indianapolis, IN"}},{"query":{"id":[{"timestamp_usec":"1379390620601244"}],"query_text":"storage in franklin in"}},{"query":{"id":[{"timestamp_usec":"1379390503191240"}],"query_text":"you store it"}},{"query":{"id":[{"timestamp_usec":"1379370004530792"}],"query_text":"chuck e cheese coupons"}},{"query":{"id":[{"timestamp_usec":"1379369967893870"}],"query_text":"good"}},{"query":{"id":[{"timestamp_usec":"1379222226407439"}],"query_text":"syphilis"}},{"query":{"id":[{"timestamp_usec":"1379205717451442"}],"query_text":"syphilis"}},{"query":{"id":[{"timestamp_usec":"1379205711904130"}],"query_text":"syphillis"}},{"query":{"id":[{"timestamp_usec":"1379201492087034"}],"query_text":"how do I put a timing belt on a 2001 Volkswagen Golf with a 2.0 motor"}},{"query":{"id":[{"timestamp_usec":"1379188750475480"}],"query_text":"how do I remove the water pump on a Volkswagen Golf 2.0"}},{"query":{"id":[{"timestamp_usec":"1379188721597343"}],"query_text":"how do I remove the water pump on a 2001 Volkswagen Golf with a 2.0"}},{"query":{"id":[{"timestamp_usec":"1379184805347036"}],"query_text":"where is the water pump on a 2001 Volkswagen Golf with a 2.0 motor"}},{"query":{"id":[{"timestamp_usec":"1379131444267356"}],"query_text":"will my wii play movies"}},{"query":{"id":[{"timestamp_usec":"1379127441529953"},{"timestamp_usec":"1379127455475971"},{"timestamp_usec":"1379127586309974"},{"timestamp_usec":"1379127619639028"},{"timestamp_usec":"1379127836288721"},{"timestamp_usec":"1379127838238165"}],"query_text":"(Current Location) -> 480 Center St, Franklin, IN 46131"}},{"query":{"id":[{"timestamp_usec":"1379126100605984"},{"timestamp_usec":"1379126126942976"},{"timestamp_usec":"1379126290453152"}],"query_text":"(Current Location) -> Delaware & south st in indianapolis in"}},{"query":{"id":[{"timestamp_usec":"1379125899953971"},{"timestamp_usec":"1379126010449472"},{"timestamp_usec":"1379126016322313"}],"query_text":"(Current Location) -> S Delaware St, Indianapolis, IN"}},{"query":{"id":[{"timestamp_usec":"1379125768755893"},{"timestamp_usec":"1379125789276237"}],"query_text":"delaware & south street in indianapolis in"}},{"query":{"id":[{"timestamp_usec":"1379125718073788"},{"timestamp_usec":"1379125720845915"}],"query_text":"(Current Location) -> South St, Fishers, IN 46038"}},{"query":{"id":[{"timestamp_usec":"1379120752251627"},{"timestamp_usec":"1379120876267670"},{"timestamp_usec":"1379121222420315"},{"timestamp_usec":"1379121255409938"},{"timestamp_usec":"1379121267662177"}],"query_text":"(Current Location) -> Slippery Noodle Inn, 372 S Meridian St, Indianapolis, IN 46225"}},{"query":{"id":[{"timestamp_usec":"1379120576806365"}],"query_text":"where is the fair in indianapolis Indiana on September 13 2013"}},{"query":{"id":[{"timestamp_usec":"1379119410049543"},{"timestamp_usec":"1379120272179612"},{"timestamp_usec":"1379120383465082"},{"timestamp_usec":"1379120411313365"},{"timestamp_usec":"1379120431704242"},{"timestamp_usec":"1379120445792317"}],"query_text":"(Current Location) -> Slippery Noodle Inn, 372 S Meridian St, Indianapolis, IN 46225"}},{"query":{"id":[{"timestamp_usec":"1379119408861051"}],"query_text":"Slippery Noodle Inn, South Meridian Street, Indianapolis, IN"}},{"query":{"id":[{"timestamp_usec":"1379101664601270"},{"timestamp_usec":"1379101723767608"},{"timestamp_usec":"1379101727264736"},{"timestamp_usec":"1379101736250998"},{"timestamp_usec":"1379101752570413"},{"timestamp_usec":"1379101767370481"},{"timestamp_usec":"1379101781368620"},{"timestamp_usec":"1379101787286946"},{"timestamp_usec":"1379101942174814"}],"query_text":"(Current Location) -> 480 Center St, Franklin, IN 46131"}},{"query":{"id":[{"timestamp_usec":"1379101600800719"}],"query_text":"480 Center St, Franklin, IN"}},{"query":{"id":[{"timestamp_usec":"1379101079297864"}],"query_text":"things to do for free tonight in Indianapolis Indiana"}},{"query":{"id":[{"timestamp_usec":"1379101035444707"}],"query_text":"things to do tonite in indianapolis in"}},{"query":{"id":[{"timestamp_usec":"1379051777510208"}],"query_text":"mike thompson facebook"}},{"query":{"id":[{"timestamp_usec":"1378991551354409"}],"query_text":"how long do ops stay in my system"}},{"query":{"id":[{"timestamp_usec":"1378959895544836"}],"query_text":"how can I stop phone taps"}},{"query":{"id":[{"timestamp_usec":"1378959305250688"}],"query_text":"mike thompson facebook"}},{"query":{"id":[{"timestamp_usec":"1378956884946642"}],"query_text":"dope wars"}},{"query":{"id":[{"timestamp_usec":"1378951042634990"}],"query_text":"what are the winning powerball numbers tonight"}},{"query":{"id":[{"timestamp_usec":"1378949241601932"}],"query_text":"how to find y axis bar graph"}},{"query":{"id":[{"timestamp_usec":"1378949227403861"}],"query_text":"how to find y axis"}},{"query":{"id":[{"timestamp_usec":"1378904150870797"}],"query_text":"health department in johnson country indiana"}},{"query":{"id":[{"timestamp_usec":"1378847309871617"}],"query_text":"health department in Johnson country indiana"}},{"query":{"id":[{"timestamp_usec":"1378825102978219"},{"timestamp_usec":"1378825175531823"}],"query_text":"dr gannon in franklin in"}},{"query":{"id":[{"timestamp_usec":"1378824862245247"},{"timestamp_usec":"1378824998181296"}],"query_text":"dr mator in franklin in"}},{"query":{"id":[{"timestamp_usec":"1378823784232743"}],"query_text":"suboxen doctors"}},{"query":{"id":[{"timestamp_usec":"1378821429440632"}],"query_text":"dr gannon in franklin in"}},{"query":{"id":[{"timestamp_usec":"1378766963433554"},{"timestamp_usec":"1378767239033632"}],"query_text":"funny.comcard"}},{"query":{"id":[{"timestamp_usec":"1378759463337097"}],"query_text":"tane sikes facebook"}},{"query":{"id":[{"timestamp_usec":"1378759401400865"}],"query_text":"angie mardis bailbonds"}},{"query":{"id":[{"timestamp_usec":"1378759019179650"}],"query_text":"Angie Martinez bail bonds in Franklin Indiana"}},{"query":{"id":[{"timestamp_usec":"1378735054395254"}],"query_text":"blum hinges"}},{"query":{"id":[{"timestamp_usec":"1378735049819205"}],"query_text":"bkum hindges"}},{"query":{"id":[{"timestamp_usec":"1378697380653470"}],"query_text":"stormcodec"}},{"query":{"id":[{"timestamp_usec":"1378684601106015"}],"query_text":"chile info"}},{"query":{"id":[{"timestamp_usec":"1378684535874039"}],"query_text":"chile"}},{"query":{"id":[{"timestamp_usec":"1378613961623141"},{"timestamp_usec":"1378613978514004"},{"timestamp_usec":"1378614067960683"},{"timestamp_usec":"1378614073080370"},{"timestamp_usec":"1378614149751524"},{"timestamp_usec":"1378614627096833"},{"timestamp_usec":"1378614722299292"}],"query_text":"spider bites"}},{"query":{"id":[{"timestamp_usec":"1378602380948934"}],"query_text":"dog and suds in greenwood indiana"}},{"query":{"id":[{"timestamp_usec":"1378574831090783"}],"query_text":"1998 sensor diagram for a Winnebago adventure with a 454 big block"}},{"query":{"id":[{"timestamp_usec":"1378572065845285"}],"query_text":"sensor placement on a 1998 winabago adventure with a big block 454"}},{"query":{"id":[{"timestamp_usec":"1378522013807246"}],"query_text":"http://c.appsdt.com/click/phoenix/"}},{"query":{"id":[{"timestamp_usec":"1378521918724266"}],"query_text":"http://c.appsdt.com/click/phoenix/d3def1ed-306d-4618-ba98-f558a9e6f00f?udid=f3c3ced225b9f6778f9d8137149e3c8f&odin1=f65b589eb6b71ae2411d7fe41350f850ba00e339&clickId=d6df8798-0140-1000-eb44-3f0f24cf0040&ts=1377994547023&sa=0&act=0&at=2&am=1"}},{"query":{"id":[{"timestamp_usec":"1378521550763167"}],"query_text":"indy girls hoops league schedule"}},{"query":{"id":[{"timestamp_usec":"1378474877992964"}],"query_text":"craigslist ibdiana"}},{"query":{"id":[{"timestamp_usec":"1378456943583234"}],"query_text":"showtimes theme song"}},{"query":{"id":[{"timestamp_usec":"1378247065348693"}],"query_text":"indy girls hoops league schedule"}},{"query":{"id":[{"timestamp_usec":"1378243518854195"}],"query_text":"indy girls hoops league schedule"}},{"query":{"id":[{"timestamp_usec":"1378243498828153"}],"query_text":"indy girls hoops"}},{"query":{"id":[{"timestamp_usec":"1378241275391611"}],"query_text":"sound track The Skulls"}},{"query":{"id":[{"timestamp_usec":"1378131484493381"}],"query_text":"spoton.com"}},{"query":{"id":[{"timestamp_usec":"1378061320886865"},{"timestamp_usec":"1378061350075328"},{"timestamp_usec":"1378061357107964"},{"timestamp_usec":"1378061381320573"}],"query_text":"imagine"}},{"query":{"id":[{"timestamp_usec":"1378057311035889"},{"timestamp_usec":"1378057399313107"},{"timestamp_usec":"1378057890425671"}],"query_text":"things to do in indianapolis in"}},{"query":{"id":[{"timestamp_usec":"1377991977293034"},{"timestamp_usec":"1377991994556098"}],"query_text":"things to do in indianapolis in for free"}},{"query":{"id":[{"timestamp_usec":"1377991954259231"}],"query_text":"things to do in indianapolis in"}},{"query":{"id":[{"timestamp_usec":"1377975273130947"}],"query_text":"canary Creek in Franklin Indiana"}},{"query":{"id":[{"timestamp_usec":"1377972831898554"},{"timestamp_usec":"1377972980549443"},{"timestamp_usec":"1377973711559077"}],"query_text":"(Current Location) -> E 16th St & N Tacoma Ave"}},{"query":{"id":[{"timestamp_usec":"1377972803066815"}],"query_text":"(Current Location) -> E 16th St & N Tacoma Ave, Indianapolis, IN"}},{"query":{"id":[{"timestamp_usec":"1377972794607504"}],"query_text":"(Current Location) -> E 16th St & N Tacoma Ave, Indianapolis, IN 46201"}},{"query":{"id":[{"timestamp_usec":"1377972453900646"}],"query_text":"how much is a Graco Magnum DX spray pump worth"}},{"query":{"id":[{"timestamp_usec":"1377971998707422"}],"query_text":"2324e16st Street, Indianapolis, IN"}},{"query":{"id":[{"timestamp_usec":"1377971930085972"}],"query_text":"2324e West 61st Street, Indianapolis, IN"}},{"query":{"id":[{"timestamp_usec":"1377920382718020"}],"query_text":"canary creek cinena in franklin Indiana"}},{"query":{"id":[{"timestamp_usec":"1377828967132662"}],"query_text":"facebook.com login"}},{"query":{"id":[{"timestamp_usec":"1377780234410056"}],"query_text":"johndeer in franklin in"}},{"query":{"id":[{"timestamp_usec":"1377738817481978"},{"timestamp_usec":"1377738825162330"},{"timestamp_usec":"1377738827051855"}],"query_text":"(Current Location) -> 480 E South St, Franklin, IN"}},{"query":{"id":[{"timestamp_usec":"1377696159343135"}],"query_text":"(Current Location) -> 4565 N Park Ave, Indianapolis, IN"}},{"query":{"id":[{"timestamp_usec":"1377643989162929"}],"query_text":"when is the next storage auction in Franklin Indiana"}},{"query":{"id":[{"timestamp_usec":"1377628048379088"},{"timestamp_usec":"1377628052749357"},{"timestamp_usec":"1377628099921336"}],"query_text":"1701 North Senate Blvd., Indianapolis, IN 46202"}},{"query":{"id":[{"timestamp_usec":"1377627994777996"}],"query_text":"med Methodist Hospital in Indianapolis Indiana medical records department"}},{"query":{"id":[{"timestamp_usec":"1377627971991085"}],"query_text":"Methodist Hospital Medical Records Department"}},{"query":{"id":[{"timestamp_usec":"1377623082039532"},{"timestamp_usec":"1377623085311492"}],"query_text":"(Current Location) -> Centra Credit Union, 1430 N National Rd, Columbus, IN 47201"}},{"query":{"id":[{"timestamp_usec":"1377622822456893"}],"query_text":"centura credit union in columbus indiana"}},{"query":{"id":[{"timestamp_usec":"1377622640283936"}],"query_text":"centura credit union in columbus in"}},{"query":{"id":[{"timestamp_usec":"1377569636092133"}],"query_text":"list of adjectives"}},{"query":{"id":[{"timestamp_usec":"1377561377011426"}],"query_text":"a headache obly on the right side"}},{"query":{"id":[{"timestamp_usec":"1377553254582455"}],"query_text":"lowes customer support"}},{"query":{"id":[{"timestamp_usec":"1377542883388753"}],"query_text":"funny.comcard"}},{"query":{"id":[{"timestamp_usec":"1377542573229749"},{"timestamp_usec":"1377542883080459"}],"query_text":"funny ecard.com"}},{"query":{"id":[{"timestamp_usec":"1377542552312832"}],"query_text":"funny.comcard"}},{"query":{"id":[{"timestamp_usec":"1377479174565575"}],"query_text":"hypothesis"}},{"query":{"id":[{"timestamp_usec":"1377479155204770"}],"query_text":"formula for hypothesis"}},{"query":{"id":[{"timestamp_usec":"1377476588222102"}],"query_text":"Penn station Franklin in"}},{"query":{"id":[{"timestamp_usec":"1377462685114480"},{"timestamp_usec":"1377462692404177"},{"timestamp_usec":"1377462742919583"}],"query_text":"hurting love quotes"}},{"query":{"id":[{"timestamp_usec":"1377462365310362"},{"timestamp_usec":"1377462680859063"}],"query_text":"hurting love quotes Facebook"}},{"query":{"id":[{"timestamp_usec":"1377462337647599"}],"query_text":"hurting love quotes"}},{"query":{"id":[{"timestamp_usec":"1377307607280611"}],"query_text":"ticket master"}},{"query":{"id":[{"timestamp_usec":"1377305941171439"},{"timestamp_usec":"1377305945018695"},{"timestamp_usec":"1377305946111964"}],"query_text":"crystal meth body"}},{"query":{"id":[{"timestamp_usec":"1377293807708678"},{"timestamp_usec":"1377293880621242"},{"timestamp_usec":"1377293887049617"},{"timestamp_usec":"1377293920577568"}],"query_text":"(Current Location) -> 5047-5113 Madison Ave, Indianapolis, IN 46227"}},{"query":{"id":[{"timestamp_usec":"1377293749464561"}],"query_text":"Indiana members credit union in Indianapolis Indiana"}},{"query":{"id":[{"timestamp_usec":"1377292685727497"},{"timestamp_usec":"1377292891021205"},{"timestamp_usec":"1377292951096032"},{"timestamp_usec":"1377292979222523"},{"timestamp_usec":"1377293152324652"},{"timestamp_usec":"1377293172510173"},{"timestamp_usec":"1377293179192495"},{"timestamp_usec":"1377293345151781"}],"query_text":"(Current Location) -> 480 Center St, Franklin, IN 46131"}},{"query":{"id":[{"timestamp_usec":"1377292670386257"}],"query_text":"480 East Center Street Franklin Indiana"}},{"query":{"id":[{"timestamp_usec":"1377292656309080"}],"query_text":"48 East Center Street Franklin Indiana"}},{"query":{"id":[{"timestamp_usec":"1377292083452501"},{"timestamp_usec":"1377292392145820"}],"query_text":"(Current Location) -> National Bank of Indianapolis, 4930 North Pennsylvania Street, Indianapolis, IN"}},{"query":{"id":[{"timestamp_usec":"1377291614512377"}],"query_text":"(Current Location) -> National Bank of Indianapolis, 1 American Sq #100, Indianapolis, IN 46282"}},{"query":{"id":[{"timestamp_usec":"1377291371079297"}],"query_text":"(Current Location) -> National Bank of Indianapolis, 107 N Pennsylvania St #700, Indianapolis, IN 46204"}},{"query":{"id":[{"timestamp_usec":"1377291216906841"}],"query_text":"National Bank in Indianapolis Indiana"}},{"query":{"id":[{"timestamp_usec":"1377269334249044"},{"timestamp_usec":"1377269338294777"}],"query_text":"4851 N Collge Ave Indianapolis, IN 46205"}},{"query":{"id":[{"timestamp_usec":"1377269295434774"}],"query_text":"Little Caesars on College Avenue in Indianapolis Indiana"}},{"query":{"id":[{"timestamp_usec":"1377269290155463"}],"query_text":"Nick Donalds on 38th Street in Indianapolis Indiana"}},{"query":{"id":[{"timestamp_usec":"1377268882515292"}],"query_text":"McDonalds on 38th Street in Indianapolis Indiana"}},{"query":{"id":[{"timestamp_usec":"1377268859194945"}],"query_text":"Nick Donalds on 38th Street in Indianapolis Indiana"}},{"query":{"id":[{"timestamp_usec":"1377263211381628"},{"timestamp_usec":"1377263665443757"}],"query_text":"kid rock indianapolis"}},{"query":{"id":[{"timestamp_usec":"1377190082914780"}],"query_text":"firehouse subs ib franklin indiana"}},{"query":{"id":[{"timestamp_usec":"1377183126390951"}],"query_text":"relax inn in Franklin Indiana"}},{"query":{"id":[{"timestamp_usec":"1377178473334949"}],"query_text":"(Current Location) -> 480 Center St, Franklin, IN 46131"}},{"query":{"id":[{"timestamp_usec":"1377177896066257"}],"query_text":"480 Center St, Franklin, IN"}},{"query":{"id":[{"timestamp_usec":"1377175950259480"},{"timestamp_usec":"1377177388288437"},{"timestamp_usec":"1377177393284051"}],"query_text":"(Current Location) -> 4565 N Park Ave, Indianapolis, IN"}},{"query":{"id":[{"timestamp_usec":"1377085739525189"},{"timestamp_usec":"1377085747991362"}],"query_text":"E Southport Rd -> 4565 N Park Ave, Indianapolis, IN"}},{"query":{"id":[{"timestamp_usec":"1377085668833103"}],"query_text":"4565 N Park Ave"}},{"query":{"id":[{"timestamp_usec":"1377085621442655"},{"timestamp_usec":"1377085631444343"}],"query_text":"E Southport Rd -> 4565 N Park Ave, Indianapolis, IN"}},{"query":{"id":[{"timestamp_usec":"1377085181600009"}],"query_text":"southport rd greenwood in -> 4565 N Park Ave, Indianapolis, IN"}},{"query":{"id":[{"timestamp_usec":"1377085117585417"}],"query_text":"(Current Location) -> 4565 N Park Ave, Indianapolis, IN"}},{"query":{"id":[{"timestamp_usec":"1376930473983401"}],"query_text":"(Current Location) -> 4565 N Park Ave, Indianapolis, IN"}},{"query":{"id":[{"timestamp_usec":"1376863432869495"}],"query_text":"relax inn in Franklin Indiana"}},{"query":{"id":[{"timestamp_usec":"1376614676735156"}],"query_text":"qualitative observation"}},{"query":{"id":[{"timestamp_usec":"1376614521751988"}],"query_text":"observation and inference"}},{"query":{"id":[{"timestamp_usec":"1376613561879833"}],"query_text":"find range of number"}},{"query":{"id":[{"timestamp_usec":"1376613518585829"},{"timestamp_usec":"1376613526662205"},{"timestamp_usec":"1376613538202247"}],"query_text":"creekside elementary indiana principal"}},{"query":{"id":[{"timestamp_usec":"1376608401415516"}],"query_text":"walmart in columbus in"}},{"query":{"id":[{"timestamp_usec":"1376505239247301"},{"timestamp_usec":"1376505333845519"},{"timestamp_usec":"1376505338482018"},{"timestamp_usec":"1376505345225924"},{"timestamp_usec":"1376505959361457"},{"timestamp_usec":"1376506076222235"},{"timestamp_usec":"1376506159297993"},{"timestamp_usec":"1376506173768361"},{"timestamp_usec":"1376506291670008"},{"timestamp_usec":"1376506291873909"},{"timestamp_usec":"1376506292072198"},{"timestamp_usec":"1376506360537112"},{"timestamp_usec":"1376506377970403"},{"timestamp_usec":"1376506672931332"},{"timestamp_usec":"1376506673176818"},{"timestamp_usec":"1376506727112090"},{"timestamp_usec":"1376506822826520"},{"timestamp_usec":"1376506920906372"},{"timestamp_usec":"1376506924805382"},{"timestamp_usec":"1376506924807591"},{"timestamp_usec":"1376506954349667"},{"timestamp_usec":"1376507519227175"},{"timestamp_usec":"1376507649607093"},{"timestamp_usec":"1376507768170008"},{"timestamp_usec":"1376507827327558"},{"timestamp_usec":"1376507884218508"},{"timestamp_usec":"1376507899630923"},{"timestamp_usec":"1376507922801271"},{"timestamp_usec":"1376508119891028"},{"timestamp_usec":"1376508557453137"}],"query_text":"(Current Location) -> 4565 N Park Ave, Indianapolis, IN 46205"}},{"query":{"id":[{"timestamp_usec":"1376505180963062"}],"query_text":"4565n park ave indianapolis in"}},{"query":{"id":[{"timestamp_usec":"1376505087747201"}],"query_text":"480 south st franklin in -> 4565n park ave indianapolis in"}},{"query":{"id":[{"timestamp_usec":"1376439083922706"}],"query_text":"jacks pizza in Franklin indiana"}},{"query":{"id":[{"timestamp_usec":"1376202147468979"},{"timestamp_usec":"1376203100287817"}],"query_text":"who made the game football and when did it start"}},{"query":{"id":[{"timestamp_usec":"1376180773630439"},{"timestamp_usec":"1376180791629731"}],"query_text":"58 Lasalle Ct"}},{"query":{"id":[{"timestamp_usec":"1376152734259042"},{"timestamp_usec":"1376152739780804"}],"query_text":"bmv in franklin in"}},{"query":{"id":[{"timestamp_usec":"1376150237870838"}],"query_text":"bmv in franklin in"}},{"query":{"id":[{"timestamp_usec":"1376071985312140"},{"timestamp_usec":"1376072292550857"}],"query_text":"motels in greenwood area"}},{"query":{"id":[{"timestamp_usec":"1376071908943268"}],"query_text":"motels in greewood indiana"}},{"query":{"id":[{"timestamp_usec":"1375731022203658"}],"query_text":"creekside elementary Indiana principal"}},{"query":{"id":[{"timestamp_usec":"1375719221637934"}],"query_text":"creekside elementary Indiana principal"}},{"query":{"id":[{"timestamp_usec":"1375701911579144"}],"query_text":"positive quotes with pictures"}},{"query":{"id":[{"timestamp_usec":"1375557022774925"}],"query_text":"is new mexico a state"}},{"query":{"id":[{"timestamp_usec":"1375513178322541"}],"query_text":"4g Lte"}},{"query":{"id":[{"timestamp_usec":"1375512413911900"},{"timestamp_usec":"1375512936195698"}],"query_text":"android 4g Lte"}},{"query":{"id":[{"timestamp_usec":"1375508848901133"}],"query_text":"what would make my 1995 Chevy Lumina not start and run it has spark and fuel"}},{"query":{"id":[{"timestamp_usec":"1375508433875997"}],"query_text":"Attractions"}},{"query":{"id":[{"timestamp_usec":"1375388444466802"}],"query_text":"how do I change the plugs and wires on a 2002 Mazda MPV LX"}},{"query":{"id":[{"timestamp_usec":"1375325449002555"}],"query_text":"how can I give my cat a bath without him tripping out"}},{"query":{"id":[{"timestamp_usec":"1375322255583176"}],"query_text":"weather Franklin"}},{"query":{"id":[{"timestamp_usec":"1375314322791686"}],"query_text":"walmart in franklin in"}},{"query":{"id":[{"timestamp_usec":"1375309504437602"}],"query_text":"race city pcb"}},{"query":{"id":[{"timestamp_usec":"1375308885012827"}],"query_text":"pier park concerts panama city beach fl"}},{"query":{"id":[{"timestamp_usec":"1375308804415176"}],"query_text":"pier park events panama city beach"}},{"query":{"id":[{"timestamp_usec":"1375308680154945"},{"timestamp_usec":"1375308782175587"}],"query_text":"pier park panama city"}},{"query":{"id":[{"timestamp_usec":"1375308266068792"}],"query_text":"dirty dicks panama city"}},{"query":{"id":[{"timestamp_usec":"1375298517520171"}],"query_text":"post office in franklin in"}},{"query":{"id":[{"timestamp_usec":"1375246133941387"}],"query_text":"Attractions"}},{"query":{"id":[{"timestamp_usec":"1375142180342758"}],"query_text":"bishops panama city"}},{"query":{"id":[{"timestamp_usec":"1375142111778379"}],"query_text":"15201 Front Beach Road, Panama City Beach, FL"}},{"query":{"id":[{"timestamp_usec":"1375142082819332"}],"query_text":"sharkys seafood panama city beach fl"}},{"query":{"id":[{"timestamp_usec":"1375141704395136"}],"query_text":"seafood buffet panama city beach"}},{"query":{"id":[{"timestamp_usec":"1375141437239518"}],"query_text":"best seafood buffet panama city beach"}},{"query":{"id":[{"timestamp_usec":"1375123325570041"}],"query_text":"tripadvisor"}},{"query":{"id":[{"timestamp_usec":"1375121067283498"}],"query_text":"fishing charters panama city beach fl"}},{"query":{"id":[{"timestamp_usec":"1375099930519659"},{"timestamp_usec":"1375099932127182"}],"query_text":"johnson county indiana court house"}},{"query":{"id":[{"timestamp_usec":"1375087178862471"}],"query_text":"landlords rights"}},{"query":{"id":[{"timestamp_usec":"1375087075981282"},{"timestamp_usec":"1375087086856413"}],"query_text":"renters rights"}},{"query":{"id":[{"timestamp_usec":"1375078377530522"},{"timestamp_usec":"1375078378029473"}],"query_text":"facebook.com login"}},{"query":{"id":[{"timestamp_usec":"1375057016765677"}],"query_text":"j"}},{"query":{"id":[{"timestamp_usec":"1375056109261530"},{"timestamp_usec":"1375056118819694"}],"query_text":"facebook.com login"}},{"query":{"id":[{"timestamp_usec":"1375029609834853"}],"query_text":"58 Lasalle Court, Whiteland, IN"}},{"query":{"id":[{"timestamp_usec":"1374964027773911"}],"query_text":"kfc in franklin in"}},{"query":{"id":[{"timestamp_usec":"1374953021069833"}],"query_text":"how do I rebuild a carberator on a 20hp tecumseh engine #tvt691"}},{"query":{"id":[{"timestamp_usec":"1374940178244951"}],"query_text":"346 carriage lane Franklin indiana"}},{"query":{"id":[{"timestamp_usec":"1374904763704761"}],"query_text":"how do I unlock a iphone3s"}},{"query":{"id":[{"timestamp_usec":"1374883287952542"}],"query_text":"hepatitis b"}},{"query":{"id":[{"timestamp_usec":"1374883027003453"}],"query_text":"hepatitis c"}},{"query":{"id":[{"timestamp_usec":"1374829411379694"}],"query_text":"facebook.com login"}},{"query":{"id":[{"timestamp_usec":"1373370653086795"}],"query_text":"christina sikes obituary of indiana died in the 1970's"}},{"query":{"id":[{"timestamp_usec":"1373370627055374"}],"query_text":"christina sikes obituaray of indiana died in the 1970's"}},{"query":{"id":[{"timestamp_usec":"1373370579276340"}],"query_text":"christina sikes of indiana died in the 1970's"}},{"query":{"id":[{"timestamp_usec":"1373370212792060"},{"timestamp_usec":"1373370503687976"}],"query_text":"christine sikes obituary in indiana"}},{"query":{"id":[{"timestamp_usec":"1373296368005412"},{"timestamp_usec":"1373296386935679"},{"timestamp_usec":"1373296405566592"}],"query_text":"blu tank cell phone"}},{"query":{"id":[{"timestamp_usec":"1373295915359437"}],"query_text":"blue tank cell phone"}},{"query":{"id":[{"timestamp_usec":"1373294978045089"}],"query_text":"christine sikes obituary in indiana"}},{"query":{"id":[{"timestamp_usec":"1373293399577987"}],"query_text":"christine sikes obituarary in indiana"}},{"query":{"id":[{"timestamp_usec":"1373293353977459"}],"query_text":"chisel"}},{"query":{"id":[{"timestamp_usec":"1373293294763433"}],"query_text":"christine sikes obituarary"}},{"query":{"id":[{"timestamp_usec":"1373288598289054"}],"query_text":"where was james dean born"}},{"query":{"id":[{"timestamp_usec":"1373073824678611"},{"timestamp_usec":"1373074830121856"}],"query_text":"familymobile"}},{"query":{"id":[{"timestamp_usec":"1373069684920980"},{"timestamp_usec":"1373070024486592"}],"query_text":"familymobile"}},{"query":{"id":[{"timestamp_usec":"1373043095272903"}],"query_text":"rose walker supply columbus"}},{"query":{"id":[{"timestamp_usec":"1373041581380864"}],"query_text":"how do i find my utility lines so they can b marked"}},{"query":{"id":[{"timestamp_usec":"1373041231703507"}],"query_text":"johnson county utility services"}},{"query":{"id":[{"timestamp_usec":"1373040740771313"}],"query_text":"how do i find my utility lines so they can b marked"}},{"query":{"id":[{"timestamp_usec":"1372961289908637"},{"timestamp_usec":"1372961312903773"}],"query_text":"menards in columbus indiana"}},{"query":{"id":[{"timestamp_usec":"1372787977498540"}],"query_text":"when did mcdonalds open"}},{"query":{"id":[{"timestamp_usec":"1372733807604975"}],"query_text":"trimble outdoors navigator"}},{"query":{"id":[{"timestamp_usec":"1372711618327941"}],"query_text":"myfamily mobile"}}]}