{"event":[{"query":{"id":[{"timestamp_usec":"1364254996056606"}],"query_text":"google"}},{"query":{"id":[{"timestamp_usec":"1364220053785800"}],"query_text":"google"}},{"query":{"id":[{"timestamp_usec":"1364220052216754"}],"query_text":"how do i unlock my samsung windows phone"}},{"query":{"id":[{"timestamp_usec":"1364215653436328"},{"timestamp_usec":"1364215690189740"}],"query_text":"google"}},{"query":{"id":[{"timestamp_usec":"1364101946459630"}],"query_text":"google"}},{"query":{"id":[{"timestamp_usec":"1363893779397830"}],"query_text":"animal crafts i can makes out of sea shells"}},{"query":{"id":[{"timestamp_usec":"1363843480401197"}],"query_text":"animal crafts i can makes out of sea shells"}},{"query":{"id":[{"timestamp_usec":"1363750177698097"},{"timestamp_usec":"1363750200265279"},{"timestamp_usec":"1363750208598360"},{"timestamp_usec":"1363750323445990"},{"timestamp_usec":"1363750502214748"}],"query_text":"animal crafts i can makes out of sea shells"}},{"query":{"id":[{"timestamp_usec":"1363747298978412"},{"timestamp_usec":"1363748125465872"},{"timestamp_usec":"1363748247686107"},{"timestamp_usec":"1363748524467438"},{"timestamp_usec":"1363750124667015"}],"query_text":"craft things i can make out of seashells"}},{"query":{"id":[{"timestamp_usec":"1363657022966608"}],"query_text":"google"}},{"query":{"id":[{"timestamp_usec":"1363477978353150"}],"query_text":"pill identifier"}},{"query":{"id":[{"timestamp_usec":"1363477075409931"}],"query_text":"pill idenifer"}},{"query":{"id":[{"timestamp_usec":"1363463679750429"},{"timestamp_usec":"1363463699656490"},{"timestamp_usec":"1363463699692835"},{"timestamp_usec":"1363463711089391"}],"query_text":"google"}},{"query":{"id":[{"timestamp_usec":"1363388314962376"},{"timestamp_usec":"1363388376695733"}],"query_text":"walkthrough for 100 doors of revenge"}},{"query":{"id":[{"timestamp_usec":"1363384955315795"}],"query_text":"walkthrough for 100 doors of revenge"}},{"query":{"id":[{"timestamp_usec":"1363382820626961"},{"timestamp_usec":"1363383137600204"}],"query_text":"walkthrough for 100 doors of revenge"}},{"query":{"id":[{"timestamp_usec":"1363316160571453"},{"timestamp_usec":"1363316484094405"}],"query_text":"walkthrough for 100 doors of revenge"}},{"query":{"id":[{"timestamp_usec":"1363316114639117"}],"query_text":"big naked boobs"}},{"query":{"id":[{"timestamp_usec":"1363316112029661"}],"query_text":"vagina"}},{"query":{"id":[{"timestamp_usec":"1363315997049898"}],"query_text":"big naked boobs"}},{"query":{"id":[{"timestamp_usec":"1363315743988077"}],"query_text":"naled lesbiams having sex"}},{"query":{"id":[{"timestamp_usec":"1363315687367413"},{"timestamp_usec":"1363315698155072"},{"timestamp_usec":"1363315708437986"}],"query_text":"google"}},{"query":{"id":[{"timestamp_usec":"1363315423900389"}],"query_text":"naled lesbiams having sex"}},{"query":{"id":[{"timestamp_usec":"1363315370275746"},{"timestamp_usec":"1363315392418340"}],"query_text":"google"}},{"query":{"id":[{"timestamp_usec":"1363315255709688"}],"query_text":"naked pussy"}},{"query":{"id":[{"timestamp_usec":"1363315178418460"},{"timestamp_usec":"1363315205779671"},{"timestamp_usec":"1363315222431570"}],"query_text":"google"}},{"query":{"id":[{"timestamp_usec":"1363313471070993"},{"timestamp_usec":"1363313722436564"},{"timestamp_usec":"1363313930075817"},{"timestamp_usec":"1363314515959710"},{"timestamp_usec":"1363314675373220"},{"timestamp_usec":"1363314789691262"},{"timestamp_usec":"1363315151191844"}],"query_text":"walkthrough for 100 doors of revenge"}},{"query":{"id":[{"timestamp_usec":"1363207082041175"}],"query_text":"pill idenifer"}},{"query":{"id":[{"timestamp_usec":"1363110223698596"}],"query_text":"big naked boobs"}},{"query":{"id":[{"timestamp_usec":"1363056780010556"}],"query_text":"big naked boobs"}},{"query":{"id":[{"timestamp_usec":"1362967403067555"}],"query_text":"big naked boobs"}},{"query":{"id":[{"timestamp_usec":"1362967240343546"},{"timestamp_usec":"1362967240344742"},{"timestamp_usec":"1362967240462822"},{"timestamp_usec":"1362967241443926"},{"timestamp_usec":"1362967327062785"},{"timestamp_usec":"1362967329135884"},{"timestamp_usec":"1362967387789054"}],"query_text":"taylor swift naked"}},{"query":{"id":[{"timestamp_usec":"1362966887734898"},{"timestamp_usec":"1362966955796836"},{"timestamp_usec":"1362966959497097"},{"timestamp_usec":"1362967232430785"},{"timestamp_usec":"1362967235510598"},{"timestamp_usec":"1362967236697822"}],"query_text":"taylor withers"}},{"query":{"id":[{"timestamp_usec":"1362966615491237"},{"timestamp_usec":"1362966622306786"},{"timestamp_usec":"1362966624145862"}],"query_text":"big naked boobs"}},{"query":{"id":[{"timestamp_usec":"1362966612010279"}],"query_text":"big naked asses"}},{"query":{"id":[{"timestamp_usec":"1362966304661822"},{"timestamp_usec":"1362966308471122"}],"query_text":"big asses"}},{"query":{"id":[{"timestamp_usec":"1362966214811255"},{"timestamp_usec":"1362966232524330"},{"timestamp_usec":"1362966245606242"}],"query_text":"google"}},{"query":{"id":[{"timestamp_usec":"1362897192961238"}],"query_text":"free music"}},{"query":{"id":[{"timestamp_usec":"1362892158860894"},{"timestamp_usec":"1362892161313307"}],"query_text":"big boobs"}},{"query":{"id":[{"timestamp_usec":"1362892111834629"},{"timestamp_usec":"1362892121062939"},{"timestamp_usec":"1362892123893598"}],"query_text":"google"}},{"query":{"id":[{"timestamp_usec":"1362891731684090"},{"timestamp_usec":"1362891733695268"}],"query_text":"boobs"}},{"query":{"id":[{"timestamp_usec":"1362891670874349"},{"timestamp_usec":"1362891685480205"},{"timestamp_usec":"1362891687967671"}],"query_text":"google"}},{"query":{"id":[{"timestamp_usec":"1362858103429869"}],"query_text":"google"}},{"query":{"id":[{"timestamp_usec":"1362842003516397"}],"query_text":"google"}},{"query":{"id":[{"timestamp_usec":"1362842003113512"}],"query_text":"vagina"}},{"query":{"id":[{"timestamp_usec":"1362841927073715"},{"timestamp_usec":"1362841967863168"}],"query_text":"panties"}},{"query":{"id":[{"timestamp_usec":"1362841671225667"},{"timestamp_usec":"1362841675736569"}],"query_text":"vagina"}},{"query":{"id":[{"timestamp_usec":"1362841623102345"},{"timestamp_usec":"1362841639875429"},{"timestamp_usec":"1362841643842531"}],"query_text":"google"}},{"query":{"id":[{"timestamp_usec":"1362783363351903"}],"query_text":"girl ass"}},{"query":{"id":[{"timestamp_usec":"1362783285425219"},{"timestamp_usec":"1362783305790107"}],"query_text":"google"}},{"query":{"id":[{"timestamp_usec":"1362765650866636"}],"query_text":"attorney jeff bates from indiana"}},{"query":{"id":[{"timestamp_usec":"1362757117319650"}],"query_text":"attotnies in johnson county indiana"}},{"query":{"id":[{"timestamp_usec":"1362755748907002"}],"query_text":"arrested for credit card fraud what would my bail be"}},{"query":{"id":[{"timestamp_usec":"1362695723452580"}],"query_text":"scott a carter franklin police"}},{"query":{"id":[{"timestamp_usec":"1362695505286636"}],"query_text":"scott a carter franklin ploice"}},{"query":{"id":[{"timestamp_usec":"1362630087274166"}],"query_text":"a site that i tell all my mrdical systems and they give me the best diagnocis"}},{"query":{"id":[{"timestamp_usec":"1362568784535425"}],"query_text":"fox 59 indiana"}},{"query":{"id":[{"timestamp_usec":"1362534348385837"}],"query_text":"custer baker school in franklin indiana"}},{"query":{"id":[{"timestamp_usec":"1362534348384127"}],"query_text":"google"}},{"query":{"id":[{"timestamp_usec":"1362513701126987"},{"timestamp_usec":"1362513942666817"}],"query_text":"custer baker school in franklin indiana"}},{"query":{"id":[{"timestamp_usec":"1362450574556432"}],"query_text":"duke energy in franklin indiana"}},{"query":{"id":[{"timestamp_usec":"1362402463627945"}],"query_text":"duke energy in franklin indiana"}},{"query":{"id":[{"timestamp_usec":"1362402437739981"}],"query_text":"dr. mator in franklin indiana"}},{"query":{"id":[{"timestamp_usec":"1362402433621888"}],"query_text":"dr. mater in franklin indiana"}},{"query":{"id":[{"timestamp_usec":"1362304319577316"}],"query_text":"google"}},{"query":{"id":[{"timestamp_usec":"1362303482784644"},{"timestamp_usec":"1362303492531379"},{"timestamp_usec":"1362303538935980"},{"timestamp_usec":"1362303895157040"},{"timestamp_usec":"1362303895683252"},{"timestamp_usec":"1362303898372795"},{"timestamp_usec":"1362303984652423"},{"timestamp_usec":"1362304315550183"},{"timestamp_usec":"1362304318313357"}],"query_text":"adult sex games"}},{"query":{"id":[{"timestamp_usec":"1362303423595855"},{"timestamp_usec":"1362303437951400"}],"query_text":"google"}},{"query":{"id":[{"timestamp_usec":"1362272648021219"}],"query_text":"duke energy in franklin indiana"}},{"query":{"id":[{"timestamp_usec":"1362257634122659"}],"query_text":"duke energy in franklin indiana"}},{"query":{"id":[{"timestamp_usec":"1362246062034626"}],"query_text":"duke energy in franklin indiana"}},{"query":{"id":[{"timestamp_usec":"1362167619346853"}],"query_text":"dr. mater in franklin indiana"}},{"query":{"id":[{"timestamp_usec":"1362167526616139"}],"query_text":"dr. mator in franklin indiana"}},{"query":{"id":[{"timestamp_usec":"1362167491735132"}],"query_text":"walkthrough for 100 doors of revenge"}},{"query":{"id":[{"timestamp_usec":"1362087670551698"}],"query_text":"walkthrough for 100 doors of revenge"}},{"query":{"id":[{"timestamp_usec":"1362073292277169"}],"query_text":"blood in stool"}},{"query":{"id":[{"timestamp_usec":"1362071543864786"}],"query_text":"storage in franklin indiana"}},{"query":{"id":[{"timestamp_usec":"1362068642135930"}],"query_text":"storage in franklin indiana"}},{"query":{"id":[{"timestamp_usec":"1362068613720315"}],"query_text":"walkthrough for 100 doors of revenge"}},{"query":{"id":[{"timestamp_usec":"1362051665108517"},{"timestamp_usec":"1362051702531430"},{"timestamp_usec":"1362051959599040"}],"query_text":"walkthrough for 100 doors of revenge"}},{"query":{"id":[{"timestamp_usec":"1362013651357471"}],"query_text":"places fot rent in franklin indiana"}},{"query":{"id":[{"timestamp_usec":"1361906413161630"}],"query_text":"walkthrough for 100 doors of revenge"}},{"query":{"id":[{"timestamp_usec":"1361882945827395"}],"query_text":"daily journal indiana"}},{"query":{"id":[{"timestamp_usec":"1361688785520869"}],"query_text":"fizolis in greenwood indiana"}},{"query":{"id":[{"timestamp_usec":"1361669296063972"}],"query_text":"mexican restaurants"}},{"query":{"id":[{"timestamp_usec":"1361669291080594"}],"query_text":"Restaurants"}},{"query":{"id":[{"timestamp_usec":"1361668792763505"}],"query_text":"mexican restaurants"}},{"query":{"id":[{"timestamp_usec":"1361668776969351"}],"query_text":"Restaurants"}},{"query":{"id":[{"timestamp_usec":"1361666039220471"}],"query_text":"fizolis in greenwood indiana"}},{"query":{"id":[{"timestamp_usec":"1361507348431495"}],"query_text":"fox 59 indy indiana"}},{"query":{"id":[{"timestamp_usec":"1361292937289719"}],"query_text":"hotel and motel in edinburgh indiana"}},{"query":{"id":[{"timestamp_usec":"1361222489523204"}],"query_text":"12210 N Executive Dr, Edinburgh, IN 46124 @39.31252,-85.964132"}},{"query":{"id":[{"timestamp_usec":"1361222481888527"}],"query_text":"hotel and motel in edinburgh indiana"}},{"query":{"id":[{"timestamp_usec":"1361221030225681"}],"query_text":"12210 N Executive Dr, Edinburgh, IN 46124 @39.31252,-85.964132"}},{"query":{"id":[{"timestamp_usec":"1361220261849298"},{"timestamp_usec":"1361220880488525"}],"query_text":"hotel and motel in edinburgh indiana"}},{"query":{"id":[{"timestamp_usec":"1361219990103889"}],"query_text":"hotel and motel in edenburgh indiana"}},{"query":{"id":[{"timestamp_usec":"1360817689753091"}],"query_text":"epcard"}},{"query":{"id":[{"timestamp_usec":"1360805765557290"},{"timestamp_usec":"1360805799433103"},{"timestamp_usec":"1360805803369655"}],"query_text":"gggggggg"}},{"query":{"id":[{"timestamp_usec":"1360805702069105"}],"query_text":"ggggggg"}},{"query":{"id":[{"timestamp_usec":"1360780382606778"}],"query_text":"does prednisone help u sleep"}},{"query":{"id":[{"timestamp_usec":"1360737056134405"}],"query_text":"does prednisone help u sleep"}},{"query":{"id":[{"timestamp_usec":"1360721292199512"}],"query_text":"pill identifier"}},{"query":{"id":[{"timestamp_usec":"1360555380982171"}],"query_text":"track lighting"}},{"query":{"id":[{"timestamp_usec":"1360536102364729"},{"timestamp_usec":"1360536123375084"},{"timestamp_usec":"1360536129869007"},{"timestamp_usec":"1360536251439771"}],"query_text":"track lighting"}},{"query":{"id":[{"timestamp_usec":"1360512613786952"}],"query_text":"ggggggggg"}},{"query":{"id":[{"timestamp_usec":"1360512536919907"}],"query_text":"gggggggggggg"}},{"query":{"id":[{"timestamp_usec":"1360512507848352"}],"query_text":"ggggggggggg"}},{"query":{"id":[{"timestamp_usec":"1360512471544838"}],"query_text":"gggggggggg"}},{"query":{"id":[{"timestamp_usec":"1360512429457724"}],"query_text":"ggggggggg"}},{"query":{"id":[{"timestamp_usec":"1360512395578487"}],"query_text":"gggggggg"}},{"query":{"id":[{"timestamp_usec":"1360511947422585"}],"query_text":"auto part stores"}},{"query":{"id":[{"timestamp_usec":"1360460653081660"}],"query_text":"auto part stores"}},{"query":{"id":[{"timestamp_usec":"1360460532417590"}],"query_text":"617 S Range St, Wolcott, IN 47995 @40.751766,-87.041384"}},{"query":{"id":[{"timestamp_usec":"1360460466162642"}],"query_text":"auto body parts indiana"}},{"query":{"id":[{"timestamp_usec":"1360460441859514"}],"query_text":"auto part stores in wolcott indiana"}},{"query":{"id":[{"timestamp_usec":"1360454173293453"}],"query_text":"auto body parts indiana"}},{"query":{"id":[{"timestamp_usec":"1360453977167496"}],"query_text":"auto part atores in wolcott indiana"}},{"query":{"id":[{"timestamp_usec":"1360453976271074"}],"query_text":"auto part stores in wolcott indiana"}},{"query":{"id":[{"timestamp_usec":"1360450834718346"}],"query_text":"auto part atores in wolcott indiana"}},{"query":{"id":[{"timestamp_usec":"1360450690213095"},{"timestamp_usec":"1360450787611793"}],"query_text":"autozone in wolcott indiana"}},{"query":{"id":[{"timestamp_usec":"1360375502835298"}],"query_text":"rest stops in wolcott induana"}},{"query":{"id":[{"timestamp_usec":"1360250656612948"},{"timestamp_usec":"1360251067479851"}],"query_text":"motel in edenburgh indiana"}},{"query":{"id":[{"timestamp_usec":"1360194940005666"}],"query_text":"elephants"}},{"query":{"id":[{"timestamp_usec":"1360152738886665"},{"timestamp_usec":"1360152781907367"}],"query_text":"elephants"}},{"query":{"id":[{"timestamp_usec":"1360151260021171"}],"query_text":"school delays edinburg indiana"}},{"query":{"id":[{"timestamp_usec":"1360151214113052"}],"query_text":"school delays edinburg"}},{"query":{"id":[{"timestamp_usec":"1360151091466859"}],"query_text":"school delays indiana"}},{"query":{"id":[{"timestamp_usec":"1360116258794666"}],"query_text":"craigsklist"}},{"query":{"id":[{"timestamp_usec":"1360115592518283"}],"query_text":"elephants"}},{"query":{"id":[{"timestamp_usec":"1360110982041701"},{"timestamp_usec":"1360111959476721"},{"timestamp_usec":"1360111984540931"}],"query_text":"elephants"}},{"query":{"id":[{"timestamp_usec":"1360110678735180"}],"query_text":"tribal elephant picturws"}},{"query":{"id":[{"timestamp_usec":"1360110603675345"}],"query_text":"elephants"}},{"query":{"id":[{"timestamp_usec":"1360110579455657"}],"query_text":"elphants"}},{"query":{"id":[{"timestamp_usec":"1360098797976656"}],"query_text":"centimeters to meters"}},{"query":{"id":[{"timestamp_usec":"1360091443029315"}],"query_text":"animal control in franklin indiana"}},{"query":{"id":[{"timestamp_usec":"1360078991553911"}],"query_text":"animal control in franklin indiana"}},{"query":{"id":[{"timestamp_usec":"1360046371453950"}],"query_text":"fox59"}},{"query":{"id":[{"timestamp_usec":"1360046371235153"}],"query_text":"is the governent building a spaceship"}},{"query":{"id":[{"timestamp_usec":"1360029817546108"},{"timestamp_usec":"1360029820876522"}],"query_text":"fox59"}},{"query":{"id":[{"timestamp_usec":"1360009425005184"}],"query_text":"paladin tool sure punch pro"}},{"query":{"id":[{"timestamp_usec":"1359947349210482"}],"query_text":"fox59"}},{"query":{"id":[{"timestamp_usec":"1359946978011297"}],"query_text":"superbowl"}},{"query":{"id":[{"timestamp_usec":"1359946550849747"}],"query_text":"fox59"}},{"query":{"id":[{"timestamp_usec":"1359944768770191"}],"query_text":"frostwire"}},{"query":{"id":[{"timestamp_usec":"1359911125586056"}],"query_text":"frostwire"}},{"query":{"id":[{"timestamp_usec":"1359833493931651"}],"query_text":"definition of moral values"}},{"query":{"id":[{"timestamp_usec":"1359769341004503"}],"query_text":"definition of moral values"}},{"query":{"id":[{"timestamp_usec":"1359736566427880"}],"query_text":"sds"}},{"query":{"id":[{"timestamp_usec":"1359727782633152"},{"timestamp_usec":"1359729486055694"}],"query_text":"sds"}},{"query":{"id":[{"timestamp_usec":"1359723712493526"}],"query_text":"fox 59 indy indiana"}},{"query":{"id":[{"timestamp_usec":"1359682925230172"}],"query_text":"liberty tax in franklin indiana"}},{"query":{"id":[{"timestamp_usec":"1359682924450914"}],"query_text":"fox 59 indy indiana"}},{"query":{"id":[{"timestamp_usec":"1359674676114609"}],"query_text":"liberty tax in franklin indiana"}},{"query":{"id":[{"timestamp_usec":"1359674122754380"}],"query_text":"liberty tax in franklin infiana"}},{"query":{"id":[{"timestamp_usec":"1359674122154208"}],"query_text":"rallys franklin indiana"}},{"query":{"id":[{"timestamp_usec":"1359668392430554"}],"query_text":"rallys franklin indiana"}},{"query":{"id":[{"timestamp_usec":"1359657726856136"},{"timestamp_usec":"1359658031533171"},{"timestamp_usec":"1359658210755775"},{"timestamp_usec":"1359658765459417"}],"query_text":"traffic court in franklin indiana"}},{"query":{"id":[{"timestamp_usec":"1359588363968778"}],"query_text":"traffic court in franklin indiana"}},{"query":{"id":[{"timestamp_usec":"1359577666368121"}],"query_text":"traffic court in franklin indiana"}},{"query":{"id":[{"timestamp_usec":"1359521489991432"}],"query_text":"eye doctor in franklin indiana"}},{"query":{"id":[{"timestamp_usec":"1359399666186145"}],"query_text":"eyedoctor in franklin imdiana"}},{"query":{"id":[{"timestamp_usec":"1359316030406510"}],"query_text":"samin snatcher"}},{"query":{"id":[{"timestamp_usec":"1359305018313547"}],"query_text":"samin snatcher"}},{"query":{"id":[{"timestamp_usec":"1359237397649957"}],"query_text":"shelters near franklin indiana"}},{"query":{"id":[{"timestamp_usec":"1359118679803650"},{"timestamp_usec":"1359118680731577"},{"timestamp_usec":"1359118680952628"},{"timestamp_usec":"1359118681130889"},{"timestamp_usec":"1359118731331251"},{"timestamp_usec":"1359118732229507"},{"timestamp_usec":"1359118732400761"}],"query_text":"(Current Location) -> home"}},{"query":{"id":[{"timestamp_usec":"1359114744585850"}],"query_text":"fox 59 indiana"}},{"query":{"id":[{"timestamp_usec":"1359098627849839"}],"query_text":"(Current Location) -> home"}},{"query":{"id":[{"timestamp_usec":"1359082190552329"}],"query_text":"fazolies in greenwood indiana"}},{"query":{"id":[{"timestamp_usec":"1359062316986063"}],"query_text":"tmobile comeback"}},{"query":{"id":[{"timestamp_usec":"1358955792070258"}],"query_text":"fox 59 indiana"}},{"query":{"id":[{"timestamp_usec":"1358943394040775"},{"timestamp_usec":"1358943431140076"}],"query_text":"fox 59 indiana"}},{"query":{"id":[{"timestamp_usec":"1358941403748566"}],"query_text":"fox 59 indiana"}},{"query":{"id":[{"timestamp_usec":"1358940344469799"}],"query_text":"what gets battery acid of skin"}},{"query":{"id":[{"timestamp_usec":"1358910195957542"}],"query_text":"what gets battery acid of skin"}},{"query":{"id":[{"timestamp_usec":"1358902055639551"}],"query_text":"dmv in franklin indiana"}},{"query":{"id":[{"timestamp_usec":"1358884988174589"}],"query_text":"fox 59 indiana"}},{"query":{"id":[{"timestamp_usec":"1358884675488354"}],"query_text":"dmv in franklin indiana"}},{"query":{"id":[{"timestamp_usec":"1358882386060864"}],"query_text":"dmv in franklin indiana"}},{"query":{"id":[{"timestamp_usec":"1358862239589685"}],"query_text":"fox 59 indiana"}},{"query":{"id":[{"timestamp_usec":"1358859654890824"}],"query_text":"fox 59 indiana"}},{"query":{"id":[{"timestamp_usec":"1358825744215377"}],"query_text":"fox 59 indiana"}},{"query":{"id":[{"timestamp_usec":"1358825331643212"},{"timestamp_usec":"1358825405804155"}],"query_text":"edingburgh indiana school"}},{"query":{"id":[{"timestamp_usec":"1358802716655962"}],"query_text":"advanced auto in franklin in"}},{"query":{"id":[{"timestamp_usec":"1358794988737499"}],"query_text":"advanced auto in franklin in"}},{"query":{"id":[{"timestamp_usec":"1358217779932474"},{"timestamp_usec":"1358218066453973"}],"query_text":"how do i fix the rails on my pool table"}},{"query":{"id":[{"timestamp_usec":"1358033610265753"}],"query_text":"pawn shop in whiteland in"}},{"query":{"id":[{"timestamp_usec":"1358017289207265"}],"query_text":"pawn shop in whiteland in"}},{"query":{"id":[{"timestamp_usec":"1357862828685769"}],"query_text":"licence plate id"}},{"query":{"id":[{"timestamp_usec":"1357850316564675"},{"timestamp_usec":"1357850389191800"},{"timestamp_usec":"1357850412546293"},{"timestamp_usec":"1357850480263649"},{"timestamp_usec":"1357851001527017"}],"query_text":"licence plate id"}},{"query":{"id":[{"timestamp_usec":"1357841811445354"}],"query_text":"licence plate id"}},{"query":{"id":[{"timestamp_usec":"1357833377438863"}],"query_text":"first national bank in franklin indiana"}},{"query":{"id":[{"timestamp_usec":"1357832932296963"}],"query_text":"can patches go bad after the experation date"}},{"query":{"id":[{"timestamp_usec":"1357832404206407"}],"query_text":"pill idenifer"}},{"query":{"id":[{"timestamp_usec":"1357772849004927"}],"query_text":"how can i repair a hole in my metal gas tank on my 1991 honda accord"}},{"query":{"id":[{"timestamp_usec":"1357767427218073"},{"timestamp_usec":"1357767502296012"},{"timestamp_usec":"1357767524224234"},{"timestamp_usec":"1357767624005984"}],"query_text":"which way do the starter wires go on a 1991 honda accord lx 2.2"}},{"query":{"id":[{"timestamp_usec":"1357764270477904"}],"query_text":"which way do the starter wires go on a 1991 honda accord lx 2.2"}},{"query":{"id":[{"timestamp_usec":"1357753392406479"},{"timestamp_usec":"1357753404006295"}],"query_text":"which way do the starter wires go on a 1991 honda accord lx 2.2"}},{"query":{"id":[{"timestamp_usec":"1357697752190372"}],"query_text":"which way do the starter wires go on a 1991 honda accord lx 2.2"}},{"query":{"id":[{"timestamp_usec":"1357697578262756"}],"query_text":"which way do the starter wires go on a1991 honda accord lx 2.2"}},{"query":{"id":[{"timestamp_usec":"1357694244615726"}],"query_text":"where do i put the trans fluid on a 1991 honda accord lx with a manual trans"}},{"query":{"id":[{"timestamp_usec":"1357676652326531"}],"query_text":"advance auto parts in franklin in"}},{"query":{"id":[{"timestamp_usec":"1357676256125799"}],"query_text":"honda dealership in greenwood in"}},{"query":{"id":[{"timestamp_usec":"1357666526513384"}],"query_text":"removal and installation on a clutch on a 1991 honda accord lx"}},{"query":{"id":[{"timestamp_usec":"1357607998719198"},{"timestamp_usec":"1357608029304865"}],"query_text":"free porn"}},{"query":{"id":[{"timestamp_usec":"1357606977724298"}],"query_text":"youtube broadcast yourself"}},{"query":{"id":[{"timestamp_usec":"1357606675618522"}],"query_text":"removal and instulation on a cluth on a 1991 honda accord lx"}}]}