{"event":[{"query":{"id":[{"timestamp_usec":"1372417218087351"},{"timestamp_usec":"1372418428754061"},{"timestamp_usec":"1372418561962970"},{"timestamp_usec":"1372420016005265"}],"query_text":"myfamily mobile"}},{"query":{"id":[{"timestamp_usec":"1372415285385759"}],"query_text":"shaffersdarts"}},{"query":{"id":[{"timestamp_usec":"1372415265581218"}],"query_text":"sasindy"}},{"query":{"id":[{"timestamp_usec":"1372415238522426"}],"query_text":"shaffersindy"}},{"query":{"id":[{"timestamp_usec":"1372409324181251"},{"timestamp_usec":"1372409375394200"}],"query_text":"myfamily mobile"}},{"query":{"id":[{"timestamp_usec":"1372400579323590"}],"query_text":"johnson co police"}},{"query":{"id":[{"timestamp_usec":"1372399352869182"}],"query_text":"shaffersdarts"}},{"query":{"id":[{"timestamp_usec":"1372399316024815"},{"timestamp_usec":"1372399325061165"}],"query_text":"sasindy"}},{"query":{"id":[{"timestamp_usec":"1372399266830119"},{"timestamp_usec":"1372399286462796"}],"query_text":"shaffersindy"}},{"query":{"id":[{"timestamp_usec":"1372263455100869"}],"query_text":"at&t in greenwood in"}},{"query":{"id":[{"timestamp_usec":"1372180153619543"}],"query_text":"first merchants bank in franklin in"}},{"query":{"id":[{"timestamp_usec":"1372109749969139"}],"query_text":"how do i unlock a xperia sonyericsson"}},{"query":{"id":[{"timestamp_usec":"1372094814672605"},{"timestamp_usec":"1372094832271779"}],"query_text":"firing order on a 2000 chrysler town & country with a 3800 motor"}},{"query":{"id":[{"timestamp_usec":"1372063744660381"}],"query_text":"firing order on a 2000 chrysler town & country with a 3800 motor"}},{"query":{"id":[{"timestamp_usec":"1372063609453573"},{"timestamp_usec":"1372063731178402"}],"query_text":"myfamily mobile"}},{"query":{"id":[{"timestamp_usec":"1372061333625157"}],"query_text":"how do u play the card game speed"}},{"query":{"id":[{"timestamp_usec":"1372055944087608"},{"timestamp_usec":"1372056295328241"}],"query_text":"myfamily mobile"}},{"query":{"id":[{"timestamp_usec":"1372053899182680"},{"timestamp_usec":"1372054784702682"}],"query_text":"how do u play the card game speed"}},{"query":{"id":[{"timestamp_usec":"1372017098263299"},{"timestamp_usec":"1372017299238541"},{"timestamp_usec":"1372017304320414"},{"timestamp_usec":"1372017667311777"},{"timestamp_usec":"1372017899242687"},{"timestamp_usec":"1372018194672756"}],"query_text":"firing order on a 2000 chrysler town & country with a 3800 motor"}},{"query":{"id":[{"timestamp_usec":"1372011213174020"},{"timestamp_usec":"1372012367491603"},{"timestamp_usec":"1372012458233156"}],"query_text":"free porn"}},{"query":{"id":[{"timestamp_usec":"1371982974825577"}],"query_text":"phone tracker"}},{"query":{"id":[{"timestamp_usec":"1371954995406133"}],"query_text":"free porn"}},{"query":{"id":[{"timestamp_usec":"1371847513469581"}],"query_text":"porn"}},{"query":{"id":[{"timestamp_usec":"1371840252195583"}],"query_text":"free porn"}},{"query":{"id":[{"timestamp_usec":"1371783363519427"}],"query_text":"how much is a haro 4130 worth"}},{"query":{"id":[{"timestamp_usec":"1371756918998489"}],"query_text":"financial aid"}},{"query":{"id":[{"timestamp_usec":"1371742515202037"}],"query_text":"financial aid"}},{"query":{"id":[{"timestamp_usec":"1371738415484791"}],"query_text":"spears in franklin in"}},{"query":{"id":[{"timestamp_usec":"1371595126063507"},{"timestamp_usec":"1371595144887758"}],"query_text":"will suboxone show up on a drug test"}},{"query":{"id":[{"timestamp_usec":"1371595124259992"}],"query_text":"dr kilgorne in greenwood in"}},{"query":{"id":[{"timestamp_usec":"1371594479094726"},{"timestamp_usec":"1371594547164367"}],"query_text":"will suboxone show up on a drug test"}},{"query":{"id":[{"timestamp_usec":"1371594478494112"}],"query_text":"dr mader franklin indiana"}},{"query":{"id":[{"timestamp_usec":"1371565454492940"}],"query_text":"pill idenifer"}},{"query":{"id":[{"timestamp_usec":"1371564216255895"}],"query_text":"dr mader franklin indiana"}},{"query":{"id":[{"timestamp_usec":"1371564123301960"}],"query_text":"dr mator in franklin in"}},{"query":{"id":[{"timestamp_usec":"1371532539599486"},{"timestamp_usec":"1371534067839160"}],"query_text":"how to cut j channel around windows video"}},{"query":{"id":[{"timestamp_usec":"1371476961718096"}],"query_text":"suboxone clinic near johnson county indiana"}},{"query":{"id":[{"timestamp_usec":"1371449772096061"}],"query_text":"suboxone clinic near johnson county indiana"}},{"query":{"id":[{"timestamp_usec":"1371437965750641"}],"query_text":"suboxone clinic near johnson county indiana"}},{"query":{"id":[{"timestamp_usec":"1371405298672162"}],"query_text":"blekes tire franklin in"}},{"query":{"id":[{"timestamp_usec":"1371389468635095"}],"query_text":"blekes tire franklin in"}},{"query":{"id":[{"timestamp_usec":"1371385923161685"}],"query_text":"blekes tire franklin in"}},{"query":{"id":[{"timestamp_usec":"1371380492487193"}],"query_text":"what would cause a low white cell count"}},{"query":{"id":[{"timestamp_usec":"1371380317976431"},{"timestamp_usec":"1371380424244358"}],"query_text":"free apps"}},{"query":{"id":[{"timestamp_usec":"1371380068550346"}],"query_text":"how do i change my spark plugs and wires on my2000 chrystler town & country van"}},{"query":{"id":[{"timestamp_usec":"1371312880206656"}],"query_text":"how to cut j channel around windows video"}},{"query":{"id":[{"timestamp_usec":"1371243699563262"}],"query_text":"anazin"}},{"query":{"id":[{"timestamp_usec":"1371243064410707"}],"query_text":"blekes tire franklin in"}},{"query":{"id":[{"timestamp_usec":"1371242377954998"}],"query_text":"site:blekestire.com blekes tire franklin in"}},{"query":{"id":[{"timestamp_usec":"1371242133254127"},{"timestamp_usec":"1371242289356254"}],"query_text":"blekes tire franklin in"}},{"query":{"id":[{"timestamp_usec":"1371215811488235"}],"query_text":"chumbleys in franklin in"}},{"query":{"id":[{"timestamp_usec":"1371183392369756"}],"query_text":"jet crashes"}},{"query":{"id":[{"timestamp_usec":"1371171459203978"}],"query_text":"anazin"}},{"query":{"id":[{"timestamp_usec":"1371140247300680"}],"query_text":"chumbleys in franklin in"}},{"query":{"id":[{"timestamp_usec":"1371130636739773"}],"query_text":"bmv in franklin in"}},{"query":{"id":[{"timestamp_usec":"1371020829765053"}],"query_text":"wemon with only panties on"}},{"query":{"id":[{"timestamp_usec":"1370931093584304"}],"query_text":"cvs in franklin in"}},{"query":{"id":[{"timestamp_usec":"1370862848808503"},{"timestamp_usec":"1370862884077571"}],"query_text":"porn"}},{"query":{"id":[{"timestamp_usec":"1370844698689527"}],"query_text":"wemon with only panties on"}},{"query":{"id":[{"timestamp_usec":"1370823402058341"}],"query_text":"ignition problem on a 1996 lincoln town car"}},{"query":{"id":[{"timestamp_usec":"1370740840679961"},{"timestamp_usec":"1370742533236368"}],"query_text":"what would make an ignition turn freeley on a 1996 lincoln town car"}},{"query":{"id":[{"timestamp_usec":"1370718405161319"}],"query_text":"go cart track in whiteland in"}},{"query":{"id":[{"timestamp_usec":"1370651147386929"},{"timestamp_usec":"1370651202104599"}],"query_text":"24 hour vets in franklin in"}},{"query":{"id":[{"timestamp_usec":"1370651112710712"}],"query_text":"local 24 hour vets"}},{"query":{"id":[{"timestamp_usec":"1370576397423993"},{"timestamp_usec":"1370576539689448"},{"timestamp_usec":"1370576615239141"},{"timestamp_usec":"1370576808478417"},{"timestamp_usec":"1370576808555874"},{"timestamp_usec":"1370576839690040"}],"query_text":"big plants"}},{"query":{"id":[{"timestamp_usec":"1370576060078131"}],"query_text":"small tree to put inside my house as decoration"}},{"query":{"id":[{"timestamp_usec":"1370575945801978"},{"timestamp_usec":"1370575985609521"},{"timestamp_usec":"1370576025809539"},{"timestamp_usec":"1370576039865150"}],"query_text":"pictures of trees to put in your house"}},{"query":{"id":[{"timestamp_usec":"1370575920936783"}],"query_text":"pictures of trees ti put in your house"}},{"query":{"id":[{"timestamp_usec":"1370547525260539"}],"query_text":"tool specials at lowes"}},{"query":{"id":[{"timestamp_usec":"1370523191449801"}],"query_text":"local weather for franklin in"}},{"query":{"id":[{"timestamp_usec":"1370501524341637"}],"query_text":"local weather for franklin in"}},{"query":{"id":[{"timestamp_usec":"1370497859668398"}],"query_text":"free apps"}},{"query":{"id":[{"timestamp_usec":"1370478614684041"},{"timestamp_usec":"1370478742817348"}],"query_text":"1579 Morton St, Franklin, Indiana, 46131, US"}},{"query":{"id":[{"timestamp_usec":"1370476128415278"},{"timestamp_usec":"1370476467291753"},{"timestamp_usec":"1370476569771295"},{"timestamp_usec":"1370476704441457"}],"query_text":"tacobell in frankli. in"}},{"query":{"id":[{"timestamp_usec":"1370451668549869"}],"query_text":"tool rental columbus indiana"}},{"query":{"id":[{"timestamp_usec":"1370379373700682"}],"query_text":"local 5 day forcast for edinburgh in"}},{"query":{"id":[{"timestamp_usec":"1370322658792013"}],"query_text":"mc donalds in franklin in"}},{"query":{"id":[{"timestamp_usec":"1370180037089635"}],"query_text":"when is fathers day"}},{"query":{"id":[{"timestamp_usec":"1370039226181508"}],"query_text":"used axles in greenwood in"}},{"query":{"id":[{"timestamp_usec":"1369934889822683"}],"query_text":"cymboxin clinic in franklin in"}},{"query":{"id":[{"timestamp_usec":"1369891684661356"},{"timestamp_usec":"1369891785309050"}],"query_text":"angie mardis bailbonds"}},{"query":{"id":[{"timestamp_usec":"1369855059734827"}],"query_text":"porn"}},{"query":{"id":[{"timestamp_usec":"1369744221351869"},{"timestamp_usec":"1369744252809251"}],"query_text":"cymboxin doctors in greenwood in"}},{"query":{"id":[{"timestamp_usec":"1369713773426497"}],"query_text":"cymboxin doctors in greenwood in"}},{"query":{"id":[{"timestamp_usec":"1369693993750674"}],"query_text":"gamestop in franklin in"}},{"query":{"id":[{"timestamp_usec":"1369681413663548"}],"query_text":"pill idenifer"}},{"query":{"id":[{"timestamp_usec":"1369679398219448"},{"timestamp_usec":"1369680059532577"}],"query_text":"cymboxin clinic in franklin in"}},{"query":{"id":[{"timestamp_usec":"1369679254589646"}],"query_text":"simboxin clinic in franklin in"}},{"query":{"id":[{"timestamp_usec":"1369679128794418"}],"query_text":"cinboxin clinic in franklin in"}},{"query":{"id":[{"timestamp_usec":"1369581535939478"}],"query_text":"facebook home page"}},{"query":{"id":[{"timestamp_usec":"1369539948077686"},{"timestamp_usec":"1369539948586658"}],"query_text":"google"}},{"query":{"id":[{"timestamp_usec":"1369539947585425"}],"query_text":"panties"}},{"query":{"id":[{"timestamp_usec":"1369539946085568"}],"query_text":"wemon with only panties on"}},{"query":{"id":[{"timestamp_usec":"1369539799511282"},{"timestamp_usec":"1369539800740281"}],"query_text":"thongs"}},{"query":{"id":[{"timestamp_usec":"1369539285300020"},{"timestamp_usec":"1369539294804365"},{"timestamp_usec":"1369539305455486"},{"timestamp_usec":"1369539392846198"},{"timestamp_usec":"1369539467759798"},{"timestamp_usec":"1369539553632550"}],"query_text":"women with only panties on"}},{"query":{"id":[{"timestamp_usec":"1369539258269195"},{"timestamp_usec":"1369539267361193"}],"query_text":"wemon with only panties on"}},{"query":{"id":[{"timestamp_usec":"1369539100094536"},{"timestamp_usec":"1369539111034289"},{"timestamp_usec":"1369539114727181"},{"timestamp_usec":"1369539124693198"}],"query_text":"panties"}},{"query":{"id":[{"timestamp_usec":"1369539061773372"},{"timestamp_usec":"1369539073544224"}],"query_text":"google"}},{"query":{"id":[{"timestamp_usec":"1369539049124777"}],"query_text":"comcast remote codes"}},{"query":{"id":[{"timestamp_usec":"1369521519457640"}],"query_text":"local 5 day forcast for franklin in"}},{"query":{"id":[{"timestamp_usec":"1369510292598195"},{"timestamp_usec":"1369510626331891"}],"query_text":"local 5 day forcast for edinburgh in"}},{"query":{"id":[{"timestamp_usec":"1369452002507739"}],"query_text":"angie mardis bailbonds"}},{"query":{"id":[{"timestamp_usec":"1369451537999654"}],"query_text":"johnson co jail in franklin in"}},{"query":{"id":[{"timestamp_usec":"1369369017183430"}],"query_text":"straight talk"}},{"query":{"id":[{"timestamp_usec":"1369368122525597"}],"query_text":"att"}},{"query":{"id":[{"timestamp_usec":"1369260191558649"}],"query_text":"smallwpod appliances in franklin in"}},{"query":{"id":[{"timestamp_usec":"1369253569427683"},{"timestamp_usec":"1369253600497752"},{"timestamp_usec":"1369253603371597"}],"query_text":"easy treats with cake mix"}},{"query":{"id":[{"timestamp_usec":"1369162586491764"},{"timestamp_usec":"1369163146251234"},{"timestamp_usec":"1369163146391491"}],"query_text":"local weather in johnson co in"}},{"query":{"id":[{"timestamp_usec":"1369160992703184"}],"query_text":"familymobile"}},{"query":{"id":[{"timestamp_usec":"1369155586175746"}],"query_text":"familymobile"}},{"query":{"id":[{"timestamp_usec":"1369155343526681"}],"query_text":"burgerking in taylorsville indiana"}},{"query":{"id":[{"timestamp_usec":"1369152526525950"},{"timestamp_usec":"1369152757325421"}],"query_text":"burgerking in taylorsville indiana"}},{"query":{"id":[{"timestamp_usec":"1369120439604789"}],"query_text":"local weather in johnson co in"}},{"query":{"id":[{"timestamp_usec":"1369113586143397"}],"query_text":"tool box at lowes"}},{"query":{"id":[{"timestamp_usec":"1369113203860320"}],"query_text":"sears craftsman 40 in toolbox"}},{"query":{"id":[{"timestamp_usec":"1369024017998229"},{"timestamp_usec":"1369024062184774"}],"query_text":"comcast remote codes"}},{"query":{"id":[{"timestamp_usec":"1368998291551690"}],"query_text":"burger king in taylorsville in"}},{"query":{"id":[{"timestamp_usec":"1368944444538063"}],"query_text":"red cat tornado bbnitro methane parts"}},{"query":{"id":[{"timestamp_usec":"1368944416375414"}],"query_text":"angie mardis bailbonds"}},{"query":{"id":[{"timestamp_usec":"1368944373372356"}],"query_text":"red cat tornado bbnitro methane parts"}},{"query":{"id":[{"timestamp_usec":"1368931647981984"}],"query_text":"hNhPOZv32yOJCGNOsE8X"}},{"query":{"id":[{"timestamp_usec":"1368925765326847"}],"query_text":"gall stones"}},{"query":{"id":[{"timestamp_usec":"1368921238725693"}],"query_text":"angie mardis bailbonds"}},{"query":{"id":[{"timestamp_usec":"1368913913348247"}],"query_text":"appliance repair shops near franklin in"}},{"query":{"id":[{"timestamp_usec":"1368913400481671"}],"query_text":"web md"}},{"query":{"id":[{"timestamp_usec":"1368845167112389"}],"query_text":"google"}},{"query":{"id":[{"timestamp_usec":"1368843129437587"}],"query_text":"google"}},{"query":{"id":[{"timestamp_usec":"1368839822924332"}],"query_text":"replacement parts for a accubake whirlpool stove"}},{"query":{"id":[{"timestamp_usec":"1368838763818588"},{"timestamp_usec":"1368839076995985"}],"query_text":"comcast remote codes"}},{"query":{"id":[{"timestamp_usec":"1368829612970303"},{"timestamp_usec":"1368829784881693"}],"query_text":"red cat tornado bbnitro methane parts"}},{"query":{"id":[{"timestamp_usec":"1368740437398015"},{"timestamp_usec":"1368740472316891"},{"timestamp_usec":"1368740481927626"},{"timestamp_usec":"1368740484507200"},{"timestamp_usec":"1368740507322230"},{"timestamp_usec":"1368740508369536"},{"timestamp_usec":"1368740520685544"},{"timestamp_usec":"1368740533276829"},{"timestamp_usec":"1368740547964840"},{"timestamp_usec":"1368740549363865"},{"timestamp_usec":"1368740550767061"},{"timestamp_usec":"1368740556415492"},{"timestamp_usec":"1368740595586438"},{"timestamp_usec":"1368740621603026"}],"query_text":"stevens machine shop in franklin in"}},{"query":{"id":[{"timestamp_usec":"1368683354030924"},{"timestamp_usec":"1368683358461644"},{"timestamp_usec":"1368683420929447"}],"query_text":"redcat racing tornado bb"}},{"query":{"id":[{"timestamp_usec":"1368669686380155"}],"query_text":"what arw all the different kinds of peas"}},{"query":{"id":[{"timestamp_usec":"1368654712194134"}],"query_text":"gamestop in franklin in"}},{"query":{"id":[{"timestamp_usec":"1368637699824005"},{"timestamp_usec":"1368638864929857"}],"query_text":"play sets from lowes"}},{"query":{"id":[{"timestamp_usec":"1368626952195538"},{"timestamp_usec":"1368627018554005"},{"timestamp_usec":"1368627041045264"}],"query_text":"play sets from lowes"}},{"query":{"id":[{"timestamp_usec":"1368600414925144"}],"query_text":"play sets from lowes"}},{"query":{"id":[{"timestamp_usec":"1368589472481969"}],"query_text":"play sets from lowes"}},{"query":{"id":[{"timestamp_usec":"1368573750596976"}],"query_text":"play sets from lowes"}},{"query":{"id":[{"timestamp_usec":"1368569172004912"}],"query_text":"870 N U.S. 31, Greenwood, IN 46142 @39.629308,-86.123371"}},{"query":{"id":[{"timestamp_usec":"1368492274226816"}],"query_text":"gamestop in franklin in"}},{"query":{"id":[{"timestamp_usec":"1368474273075779"},{"timestamp_usec":"1368475471294303"}],"query_text":"870 N U.S. 31, Greenwood, IN 46142 @39.629308,-86.123371"}},{"query":{"id":[{"timestamp_usec":"1368350929093412"}],"query_text":"craigslist.org"}},{"query":{"id":[{"timestamp_usec":"1368350629371655"},{"timestamp_usec":"1368350748607477"}],"query_text":"teac dvw d11 firmware"}},{"query":{"id":[{"timestamp_usec":"1368350486187630"}],"query_text":"teac dvw-d11"}},{"query":{"id":[{"timestamp_usec":"1368350455218350"}],"query_text":"teac dvd burner dvdw11"}},{"query":{"id":[{"timestamp_usec":"1368347425808147"}],"query_text":"teac dvd burner dvdw11"}},{"query":{"id":[{"timestamp_usec":"1368347321330025"}],"query_text":"teac dvd burner"}},{"query":{"id":[{"timestamp_usec":"1368338501818818"},{"timestamp_usec":"1368339164701611"},{"timestamp_usec":"1368339684564616"},{"timestamp_usec":"1368339688729251"}],"query_text":"red cat tornado bbnitro methane parts"}},{"query":{"id":[{"timestamp_usec":"1368321290044791"}],"query_text":"gamestop in franklin in"}},{"query":{"id":[{"timestamp_usec":"1368213385435658"}],"query_text":"pill idenifer"}},{"query":{"id":[{"timestamp_usec":"1368210988544254"}],"query_text":"pain doctors in franklin in"}},{"query":{"id":[{"timestamp_usec":"1368128900503362"}],"query_text":"cps in franklin in"}},{"query":{"id":[{"timestamp_usec":"1368125390733108"}],"query_text":"2259 N Morton St, Franklin, IN 46131 @39.505045,-86.068824"}},{"query":{"id":[{"timestamp_usec":"1368124978411517"},{"timestamp_usec":"1368125276831522"}],"query_text":"first merchants bank in franklin indiana"}},{"query":{"id":[{"timestamp_usec":"1368121367187338"}],"query_text":"first merchants bank in franklin in"}},{"query":{"id":[{"timestamp_usec":"1368062896207316"},{"timestamp_usec":"1368064037422726"},{"timestamp_usec":"1368064155737395"}],"query_text":"franklin indiana city police"}},{"query":{"id":[{"timestamp_usec":"1368056532301345"},{"timestamp_usec":"1368056864210003"}],"query_text":"vets in franklin in"}},{"query":{"id":[{"timestamp_usec":"1368036567184233"},{"timestamp_usec":"1368037377023991"}],"query_text":"franklin indiana city police"}},{"query":{"id":[{"timestamp_usec":"1368030408663005"}],"query_text":"animal vets in franklin in"}},{"query":{"id":[{"timestamp_usec":"1367994345733921"}],"query_text":"animal vets in franklin in"}},{"query":{"id":[{"timestamp_usec":"1367985343858782"}],"query_text":"dmv in franklin indiana"}},{"query":{"id":[{"timestamp_usec":"1367984700477676"},{"timestamp_usec":"1367985003957549"}],"query_text":"big tits"}},{"query":{"id":[{"timestamp_usec":"1367984591150679"},{"timestamp_usec":"1367984618578602"},{"timestamp_usec":"1367984658751261"}],"query_text":"dmv in franklin indiana"}},{"query":{"id":[{"timestamp_usec":"1367973947461488"}],"query_text":"dmv in franklin indiana"}},{"query":{"id":[{"timestamp_usec":"1367961722462850"}],"query_text":"dmv in franklin indiana"}},{"query":{"id":[{"timestamp_usec":"1367893115191010"},{"timestamp_usec":"1367893262777775"},{"timestamp_usec":"1367893275927418"},{"timestamp_usec":"1367893346509344"}],"query_text":"dmv in franklin indiana"}},{"query":{"id":[{"timestamp_usec":"1367874047953930"},{"timestamp_usec":"1367874176587338"},{"timestamp_usec":"1367874360128811"},{"timestamp_usec":"1367874492710322"},{"timestamp_usec":"1367874505480036"}],"query_text":"over range microwave lowes"}},{"query":{"id":[{"timestamp_usec":"1367862524453580"},{"timestamp_usec":"1367862588452475"}],"query_text":"dmv in franklin indiana"}},{"query":{"id":[{"timestamp_usec":"1367852062951229"},{"timestamp_usec":"1367852087929045"},{"timestamp_usec":"1367852155493724"}],"query_text":"dagger kayaks"}},{"query":{"id":[{"timestamp_usec":"1367849288011301"}],"query_text":"toddler games"}},{"query":{"id":[{"timestamp_usec":"1367828290452631"}],"query_text":"dmv in franklin indiana"}},{"query":{"id":[{"timestamp_usec":"1367817410990589"}],"query_text":"dmv in franklin indiana"}},{"query":{"id":[{"timestamp_usec":"1367805238840473"}],"query_text":"dmv in franklin indiana"}},{"query":{"id":[{"timestamp_usec":"1367792678617488"},{"timestamp_usec":"1367794256974666"},{"timestamp_usec":"1367794351405743"},{"timestamp_usec":"1367794529947589"}],"query_text":"dmv in franklin indiana"}},{"query":{"id":[{"timestamp_usec":"1367784575427482"},{"timestamp_usec":"1367785115327381"}],"query_text":"dmv in franklin indiana"}},{"query":{"id":[{"timestamp_usec":"1367784016879300"}],"query_text":"strip club in columbus indiana"}},{"query":{"id":[{"timestamp_usec":"1367685853796785"}],"query_text":"dmv in franklin indiana"}},{"query":{"id":[{"timestamp_usec":"1367683068184049"},{"timestamp_usec":"1367683375021639"}],"query_text":"dmv in franklin indiana"}},{"query":{"id":[{"timestamp_usec":"1367606206054630"}],"query_text":"datona 3 1/2 ton jack"}},{"query":{"id":[{"timestamp_usec":"1367596640645425"}],"query_text":"jennifer jones law firm in franklin in"}},{"query":{"id":[{"timestamp_usec":"1367564377854436"},{"timestamp_usec":"1367564378175546"},{"timestamp_usec":"1367564426766974"},{"timestamp_usec":"1367564439757953"}],"query_text":"dryer cord 3 prong"}},{"query":{"id":[{"timestamp_usec":"1367559222403684"}],"query_text":"870 N U.S. 31, Greenwood, IN 46142 @39.629308,-86.123371"}},{"query":{"id":[{"timestamp_usec":"1367556685403009"},{"timestamp_usec":"1367556717038893"},{"timestamp_usec":"1367556717157370"}],"query_text":"persons locator"}},{"query":{"id":[{"timestamp_usec":"1367545941083919"},{"timestamp_usec":"1367545965921339"}],"query_text":"dryer cord 3 prong"}},{"query":{"id":[{"timestamp_usec":"1367512867038439"}],"query_text":"persons locator"}},{"query":{"id":[{"timestamp_usec":"1367510464175533"}],"query_text":"petco in greenwood indiana"}},{"query":{"id":[{"timestamp_usec":"1367510250330143"}],"query_text":"870 N U.S. 31, Greenwood, IN 46142 @39.629308,-86.123371"}},{"query":{"id":[{"timestamp_usec":"1367489401101728"},{"timestamp_usec":"1367489417400039"}],"query_text":"870 N U.S. 31, Greenwood, IN 46142 @39.629308,-86.123371"}},{"query":{"id":[{"timestamp_usec":"1367468647777308"}],"query_text":"crave nation.com"}},{"query":{"id":[{"timestamp_usec":"1367467146610503"},{"timestamp_usec":"1367467241645478"},{"timestamp_usec":"1367467246422904"}],"query_text":"what does the W Xand Y mean on a three plug dryer cord"}},{"query":{"id":[{"timestamp_usec":"1367455526678503"},{"timestamp_usec":"1367455538174936"}],"query_text":"870 N U.S. 31, Greenwood, IN 46142 @39.629308,-86.123371"}},{"query":{"id":[{"timestamp_usec":"1367448507767982"}],"query_text":"870 N U.S. 31, Greenwood, IN 46142 @39.629308,-86.123371"}},{"query":{"id":[{"timestamp_usec":"1367448495490194"}],"query_text":"petco in greenwood indiana"}},{"query":{"id":[{"timestamp_usec":"1367432885052965"}],"query_text":"31, Greenwood, IN, U.S. -> 870 N U.S. 31, Greenwood, IN 46142 @39.629308,-86.123371"}},{"query":{"id":[{"timestamp_usec":"1367432855728170"}],"query_text":"870 N U.S. 31, Greenwood, IN 46142 @39.629308,-86.123371"}},{"query":{"id":[{"timestamp_usec":"1367432700207432"}],"query_text":"uncle bills in greenwood in"}},{"query":{"id":[{"timestamp_usec":"1367432584629881"}],"query_text":"petco in greenwood indiana"}},{"query":{"id":[{"timestamp_usec":"1367430660482901"}],"query_text":"club cadet repaor shops in franklin in"}},{"query":{"id":[{"timestamp_usec":"1367384519318404"}],"query_text":"bullseye 3"}},{"query":{"id":[{"timestamp_usec":"1367376849672914"}],"query_text":"anns resturant in franklin in"}},{"query":{"id":[{"timestamp_usec":"1367374936911972"}],"query_text":"girls using toilets"}},{"query":{"id":[{"timestamp_usec":"1367374127134670"}],"query_text":"bullseye 3 laser receiver"}},{"query":{"id":[{"timestamp_usec":"1367366129262241"},{"timestamp_usec":"1367366483278111"}],"query_text":"bullseye 3"}},{"query":{"id":[{"timestamp_usec":"1367363470836805"},{"timestamp_usec":"1367364154832653"}],"query_text":"9"}},{"query":{"id":[{"timestamp_usec":"1367363241162990"}],"query_text":"bullseye 3"}},{"query":{"id":[{"timestamp_usec":"1367346329605685"}],"query_text":"anns resturant in franklin in"}},{"query":{"id":[{"timestamp_usec":"1367342243568325"},{"timestamp_usec":"1367342261785367"}],"query_text":"bullseye 3"}},{"query":{"id":[{"timestamp_usec":"1367319275543966"}],"query_text":"bullseye 3"}},{"query":{"id":[{"timestamp_usec":"1367288939132527"}],"query_text":"bullseye 3"}},{"query":{"id":[{"timestamp_usec":"1367288878670436"}],"query_text":"bullseye 3 laser receiver"}},{"query":{"id":[{"timestamp_usec":"1367288510536282"}],"query_text":"bullseye tranzits"}},{"query":{"id":[{"timestamp_usec":"1367267812017760"}],"query_text":"39.47461724,-86.05440616"}},{"query":{"id":[{"timestamp_usec":"1367259995982695"},{"timestamp_usec":"1367260030554605"}],"query_text":"spears in franklin in"}},{"query":{"id":[{"timestamp_usec":"1367259804423736"}],"query_text":"fax: muffler and Franklin Indiana"}},{"query":{"id":[{"timestamp_usec":"1367254687639708"}],"query_text":"corportate lowes in franklin indiana"}},{"query":{"id":[{"timestamp_usec":"1367202305439277"}],"query_text":"how much is a bulleye tranzit level worth"}},{"query":{"id":[{"timestamp_usec":"1367161775940739"}],"query_text":"girls using toilets"}},{"query":{"id":[{"timestamp_usec":"1367089939552068"}],"query_text":"Restaurants"}},{"query":{"id":[{"timestamp_usec":"1367003180496229"},{"timestamp_usec":"1367003242413177"}],"query_text":"m,"}},{"query":{"id":[{"timestamp_usec":"1366944822841527"}],"query_text":"apple bees in franklin in"}},{"query":{"id":[{"timestamp_usec":"1366942027937419"}],"query_text":"apple bees in franklin in"}},{"query":{"id":[{"timestamp_usec":"1366941323702704"},{"timestamp_usec":"1366941391572513"}],"query_text":"Restaurants"}},{"query":{"id":[{"timestamp_usec":"1366941305892077"},{"timestamp_usec":"1366941319238119"}],"query_text":"Attractions"}},{"query":{"id":[{"timestamp_usec":"1366915201032707"}],"query_text":"canary creek cinema franklin indiana showtimes"}},{"query":{"id":[{"timestamp_usec":"1366669944116235"}],"query_text":"angie mardis bailbonds in franklin in"}},{"query":{"id":[{"timestamp_usec":"1366660847096293"}],"query_text":"family video"}},{"query":{"id":[{"timestamp_usec":"1366660666734653"}],"query_text":"2001 windstar harmonic balancer sounds like a knock"}},{"query":{"id":[{"timestamp_usec":"1366593229958584"}],"query_text":"how to unlock att sony ericsson xperia"}},{"query":{"id":[{"timestamp_usec":"1366591773811668"},{"timestamp_usec":"1366593144654918"}],"query_text":"att wireless customer support"}},{"query":{"id":[{"timestamp_usec":"1366589906134728"}],"query_text":"2001 windstar harmonic balancer sounds like a knock"}},{"query":{"id":[{"timestamp_usec":"1366585539414935"},{"timestamp_usec":"1366585736529213"}],"query_text":"2001 windstar harmonic balancer sounds like a knock"}},{"query":{"id":[{"timestamp_usec":"1366585446604202"}],"query_text":"2001 windstar harmonic balancer"}},{"query":{"id":[{"timestamp_usec":"1366582268866096"}],"query_text":"how can i disable my vats on my 1994 grandprix"}},{"query":{"id":[{"timestamp_usec":"1366517909042007"}],"query_text":"how do i solder two wires together"}},{"query":{"id":[{"timestamp_usec":"1366403960456983"}],"query_text":"life360 family locater"}},{"query":{"id":[{"timestamp_usec":"1366312264254987"},{"timestamp_usec":"1366312269192983"},{"timestamp_usec":"1366312292477773"}],"query_text":"novus ah-1j seacobra 2.4 ghz"}},{"query":{"id":[{"timestamp_usec":"1366262516970278"}],"query_text":"white castle in greenwood indiana"}},{"query":{"id":[{"timestamp_usec":"1366262480418745"}],"query_text":"white castle off of the greenwood exit in indiana"}},{"query":{"id":[{"timestamp_usec":"1366262055123723"}],"query_text":"ebay kayaks"}},{"query":{"id":[{"timestamp_usec":"1366261899263068"}],"query_text":"dagger kayaks"}},{"query":{"id":[{"timestamp_usec":"1366249961215063"},{"timestamp_usec":"1366250361428002"}],"query_text":"red cat rc replacement parts"}},{"query":{"id":[{"timestamp_usec":"1366082885941494"}],"query_text":"how much does a 1995 philips 50 inch flat tv weigh"}},{"query":{"id":[{"timestamp_usec":"1366082415012868"},{"timestamp_usec":"1366082772615635"},{"timestamp_usec":"1366082797900253"},{"timestamp_usec":"1366082798197360"},{"timestamp_usec":"1366082813877584"}],"query_text":"how much does a philips 50 inch flat tv weigh"}},{"query":{"id":[{"timestamp_usec":"1366074684685991"}],"query_text":"uncle bills in greenwood inz"}},{"query":{"id":[{"timestamp_usec":"1366072412735128"},{"timestamp_usec":"1366072655143117"}],"query_text":"uncle bills in greenwood in"}},{"query":{"id":[{"timestamp_usec":"1366048852734663"}],"query_text":"franklin indiana middle school"}},{"query":{"id":[{"timestamp_usec":"1366045033957670"},{"timestamp_usec":"1366045504704788"}],"query_text":"franklin indiana middle school"}},{"query":{"id":[{"timestamp_usec":"1365922387856317"}],"query_text":"how much does a jvc exad kd-avx1"}},{"query":{"id":[{"timestamp_usec":"1365866423357066"}],"query_text":"indy rc in beechgrove in"}},{"query":{"id":[{"timestamp_usec":"1365865511314658"},{"timestamp_usec":"1365865634606400"}],"query_text":"happy's auto parts indianapolis"}},{"query":{"id":[{"timestamp_usec":"1365810998478479"}],"query_text":"life360 family locater"}},{"query":{"id":[{"timestamp_usec":"1365810859504003"}],"query_text":"life360"}},{"query":{"id":[{"timestamp_usec":"1365805824483055"}],"query_text":"peditz in shelbyville in"}},{"query":{"id":[{"timestamp_usec":"1365802775414081"}],"query_text":"peditz in shelbyville in"}},{"query":{"id":[{"timestamp_usec":"1365801840825523"}],"query_text":"brickyard imports brooklyn in"}},{"query":{"id":[{"timestamp_usec":"1365732634868017"}],"query_text":"pics of philips flat tv"}},{"query":{"id":[{"timestamp_usec":"1365530366498215"}],"query_text":"ebay tv stands"}},{"query":{"id":[{"timestamp_usec":"1365530273504755"}],"query_text":"tv stand for a phillips flat tv"}},{"query":{"id":[{"timestamp_usec":"1365431736393613"}],"query_text":"detective whitaker in franklin in"}},{"query":{"id":[{"timestamp_usec":"1365371957448862"}],"query_text":"family video"}},{"query":{"id":[{"timestamp_usec":"1365365987897924"}],"query_text":"how to adjust my rear drum breaks on a 2002 kiario cinco"}},{"query":{"id":[{"timestamp_usec":"1365365874542055"}],"query_text":"2002 kiario cinco rear drum brakes diagram"}},{"query":{"id":[{"timestamp_usec":"1365365787480384"}],"query_text":"2002 kiario cinco"}},{"query":{"id":[{"timestamp_usec":"1365365768198679"}],"query_text":"2002 kiario"}},{"query":{"id":[{"timestamp_usec":"1365362426868313"}],"query_text":"mike dalton franklin indiana daily journal march 24 2013"}},{"query":{"id":[{"timestamp_usec":"1365362274260606"},{"timestamp_usec":"1365362337096673"}],"query_text":"mike dalton franklin indiana any information"}},{"query":{"id":[{"timestamp_usec":"1365362181857508"}],"query_text":"mike dalton franklin indiana sex affender"}},{"query":{"id":[{"timestamp_usec":"1365362068121677"},{"timestamp_usec":"1365362139736046"}],"query_text":"mike dalton franklin indiana daily journal"}},{"query":{"id":[{"timestamp_usec":"1365361784372509"}],"query_text":"mike dalton franklin indiana"}},{"query":{"id":[{"timestamp_usec":"1365354804804660"}],"query_text":"novus ah-1j seacobra 2.4 ghz"}},{"query":{"id":[{"timestamp_usec":"1365354795181339"}],"query_text":"phone number for indy rc in beechgrove in"}},{"query":{"id":[{"timestamp_usec":"1365350542967096"}],"query_text":"phone number for indy rc in beechgrove in"}},{"query":{"id":[{"timestamp_usec":"1365349022458987"}],"query_text":"novus ah-1j seacobra 2.4 ghz"}},{"query":{"id":[{"timestamp_usec":"1365332453426920"}],"query_text":"novus ah-1j seacobra 2.4 ghz"}},{"query":{"id":[{"timestamp_usec":"1365318917902378"}],"query_text":"novus ah-1j seacobra 2.4 ghz"}},{"query":{"id":[{"timestamp_usec":"1365300305071566"}],"query_text":"facebiikhttps://post.craigslist.org/k/zPqNWVGe4hGCk1NQJNBtlg/pTcFr?s=mailoop"}},{"query":{"id":[{"timestamp_usec":"1365296126141718"}],"query_text":"facebiikhttps://post.craigslist.org/k/zPqNWVGe4hGCk1NQJNBtlg/pTcFr?s=mailoop"}},{"query":{"id":[{"timestamp_usec":"1365270765996126"}],"query_text":"philips flat screen tv 2005"}},{"query":{"id":[{"timestamp_usec":"1365270161093536"}],"query_text":"home depot in greenwood in"}}]}