{"event":[{"query":{"id":[{"timestamp_usec":"1420046523545794"}],"query_text":"Radio Shack on Southport Road"}},{"query":{"id":[{"timestamp_usec":"1420042402527689"}],"query_text":"Radio shack Greenwood Indiana -> (Current Location)"}},{"query":{"id":[{"timestamp_usec":"1420022943350061"}],"query_text":"how do I get rid of a spider bite infection"}},{"query":{"id":[{"timestamp_usec":"1419978946259655"}],"query_text":"(Current Location) -> 480 Center St, Franklin, IN, USA"}},{"query":{"id":[{"timestamp_usec":"1419973053761265"}],"query_text":"(Current Location) -> Pull-A-Part, 2505 Forest Manor Avenue, Indianapolis, IN 46218"}},{"query":{"id":[{"timestamp_usec":"1419973052290972"}],"query_text":"Pull-A-Part, Forest Manor Avenue, Indianapolis, IN, United States"}},{"query":{"id":[{"timestamp_usec":"1419972559142043"}],"query_text":"(Current Location) -> Forest Manor Ave, Indianapolis, IN, USA"}},{"query":{"id":[{"timestamp_usec":"1419972107337768"},{"timestamp_usec":"1419972358974538"},{"timestamp_usec":"1419972383086838"},{"timestamp_usec":"1419972397168627"}],"query_text":"(Current Location) -> Pull-A-Part, Forest Manor Avenue, Indianapolis, IN, United States"}},{"query":{"id":[{"timestamp_usec":"1419972091221442"}],"query_text":"(Current Location) -> pull a part on the eastv side of Indianapolis Indiana"}},{"query":{"id":[{"timestamp_usec":"1419971994109028"}],"query_text":"(Current Location) -> Pull-A-Part, 2505 Forest Manor Avenue, Indianapolis, IN 46218"}},{"query":{"id":[{"timestamp_usec":"1419971991066714"}],"query_text":"Pull-A-Part, Forest Manor Avenue, Indianapolis, IN, United States"}},{"query":{"id":[{"timestamp_usec":"1419971788870916"}],"query_text":"(Current Location) -> pull a part on east side Indianapolis Indiana"}},{"query":{"id":[{"timestamp_usec":"1419953799793923"}],"query_text":"aa meetings in franklin indiana"}},{"query":{"id":[{"timestamp_usec":"1419949120755348"}],"query_text":"screen and digitizer for iphone 5c"}},{"query":{"id":[{"timestamp_usec":"1419889183399443"}],"query_text":"ebay store"}},{"query":{"id":[{"timestamp_usec":"1419888988198584"}],"query_text":"screen and digitizer for iPhone 5c"}},{"query":{"id":[{"timestamp_usec":"1419872689094631"}],"query_text":"model no a1367 ipod touch"}},{"query":{"id":[{"timestamp_usec":"1419872198855289"}],"query_text":"how to tell what ipod i have"}},{"query":{"id":[{"timestamp_usec":"1419861408636412"},{"timestamp_usec":"1419861408643239"}],"query_text":"(Current Location) -> ATM (PNC Bank), South Madison Avenue, Greenwood, IN"}},{"query":{"id":[{"timestamp_usec":"1419861247378159"}],"query_text":"(Current Location) -> 39 north us hww 31 whiteland Indiana"}},{"query":{"id":[{"timestamp_usec":"1419860714019623"}],"query_text":"(Current Location) -> PNC Bank"}},{"query":{"id":[{"timestamp_usec":"1419860288395723"}],"query_text":"(Current Location) -> 712 Holly Rose Way, Whiteland, IN 46184"}},{"query":{"id":[{"timestamp_usec":"1419816867911593"}],"query_text":"johnson county garage sales"}},{"query":{"id":[{"timestamp_usec":"1419813237686635"}],"query_text":"what size tires does my ford 2000 ford excape have"}},{"query":{"id":[{"timestamp_usec":"1419810663858909"}],"query_text":"what size tires does my Ford 2000 Ford excape have"}},{"query":{"id":[{"timestamp_usec":"1419808495666277"}],"query_text":"Johnson County garage sales"}},{"query":{"id":[{"timestamp_usec":"1419773723778849"}],"query_text":"work where can I go to take a lie detector test"}},{"query":{"id":[{"timestamp_usec":"1419740742093097"},{"timestamp_usec":"1419742342476254"},{"timestamp_usec":"1419743247514093"}],"query_text":"free mobile porn"}},{"query":{"id":[{"timestamp_usec":"1419723117539722"}],"query_text":"how do I replace a screen on a htc one s"}},{"query":{"id":[{"timestamp_usec":"1419683373904573"}],"query_text":"htc one s screen replacement kit"}},{"query":{"id":[{"timestamp_usec":"1419655206438310"}],"query_text":"Kroger in Franklin Indiana"}},{"query":{"id":[{"timestamp_usec":"1419646208013507"}],"query_text":"htc one s screen replacement kit"}},{"query":{"id":[{"timestamp_usec":"1419645290470327"}],"query_text":"how do I replace the screen on an HTC One S from T Mobile"}},{"query":{"id":[{"timestamp_usec":"1419619369631399"}],"query_text":"laundromats in Franklin Indiana"}},{"query":{"id":[{"timestamp_usec":"1419547872249050"},{"timestamp_usec":"1419548588110289"}],"query_text":"super stallion"}},{"query":{"id":[{"timestamp_usec":"1419280764615262"}],"query_text":"(Current Location) -> 712 Holly Rose Way, Whiteland, IN 46184"}},{"query":{"id":[{"timestamp_usec":"1419272119183255"}],"query_text":"how do i network unlock my htc one ass"}},{"query":{"id":[{"timestamp_usec":"1419263596905797"}],"query_text":"(Current Location) -> 480 Center St, Franklin, IN, USA"}},{"query":{"id":[{"timestamp_usec":"1419261845383801"}],"query_text":"(Current Location) -> 7410 stonegate ct Indianapolis Indiana 46256"}},{"query":{"id":[{"timestamp_usec":"1419191816752907"}],"query_text":"(Current Location) -> 988 W Smith Valley Rd, Greenwood, IN 46142"}},{"query":{"id":[{"timestamp_usec":"1419191815721650"}],"query_text":"988 W Smith Valley Rd, Greenwood, IN"}},{"query":{"id":[{"timestamp_usec":"1419188306347832"},{"timestamp_usec":"1419189794201232"}],"query_text":"(Current Location) -> 988 W Smith Valley Rd, Greenwood, IN 46142"}},{"query":{"id":[{"timestamp_usec":"1419021671665944"}],"query_text":"(Current Location) -> 1300 Graham Rd, Franklin, IN 46131"}},{"query":{"id":[{"timestamp_usec":"1419006296429049"}],"query_text":"(Current Location) -> Pull-A-Part, 2505 Forest Manor Avenue, Indianapolis, IN 46218"}},{"query":{"id":[{"timestamp_usec":"1419006245630055"}],"query_text":"Pull-A-Part Used Auto Parts, Forest Manor Ave, Indianapolis, IN"}},{"query":{"id":[{"timestamp_usec":"1419004963686420"}],"query_text":"(Current Location) -> IPS 424, 10101 East 38th Street, Indianapolis, IN 46236"}},{"query":{"id":[{"timestamp_usec":"1419004956830149"}],"query_text":"IPS 424, East 38th Street, Indianapolis, IN"}},{"query":{"id":[{"timestamp_usec":"1419004305628384"}],"query_text":"(Current Location) -> John Marshall High School, East 38th Street, Indianapolis, IN"}},{"query":{"id":[{"timestamp_usec":"1418962976035349"}],"query_text":"network unlock code for straight talk"}},{"query":{"id":[{"timestamp_usec":"1418842180716035"}],"query_text":"can I replace my iPhone 4s screen with a iPhone 4 screen"}},{"query":{"id":[{"timestamp_usec":"1418840856744791"}],"query_text":"(Current Location) -> Walmart in Greenwood Indiana off of Highway 31"}},{"query":{"id":[{"timestamp_usec":"1418838753978405"}],"query_text":"(Current Location) -> emerson and main street in Greenwood Indiana"}},{"query":{"id":[{"timestamp_usec":"1418837918814193"}],"query_text":"(Current Location) -> p n c bank in greenwood indiana"}},{"query":{"id":[{"timestamp_usec":"1418829598701781"}],"query_text":"nokia lumia"}},{"query":{"id":[{"timestamp_usec":"1418776459225665"},{"timestamp_usec":"1418776472674044"}],"query_text":"mab cougar paint sprayer"}},{"query":{"id":[{"timestamp_usec":"1418776414263641"}],"query_text":"mob paint sprayers"}},{"query":{"id":[{"timestamp_usec":"1418776338482244"}],"query_text":"mab spray pump serial number 458601"}},{"query":{"id":[{"timestamp_usec":"1418776274944047"}],"query_text":"mob paint sprayers"}},{"query":{"id":[{"timestamp_usec":"1418776257700978"}],"query_text":"mab serial number 458601"}},{"query":{"id":[{"timestamp_usec":"1418776175863650"}],"query_text":"mab spray pump serial number 458601"}},{"query":{"id":[{"timestamp_usec":"1418776150536992"}],"query_text":"mab serial number 458601"}},{"query":{"id":[{"timestamp_usec":"1418769802333473"},{"timestamp_usec":"1418770295107176"}],"query_text":"va in indianapolis indiana"}},{"query":{"id":[{"timestamp_usec":"1418765591118972"}],"query_text":"what size is the fan nut on a 2000 Mercedes ML 320"}},{"query":{"id":[{"timestamp_usec":"1418764934556163"}],"query_text":"Mercedes dealer in Indianapolis Indiana"}},{"query":{"id":[{"timestamp_usec":"1418742361588647"}],"query_text":"cell phone repair in Indianapolis Indiana"}},{"query":{"id":[{"timestamp_usec":"1418739355629937"}],"query_text":"(Current Location) -> 116th street brooks school road Indianapolis Indiana"}},{"query":{"id":[{"timestamp_usec":"1418688253409364"}],"query_text":"email"}},{"query":{"id":[{"timestamp_usec":"1418684344527023"}],"query_text":"what is a double headed 2 dollar bill worth"}},{"query":{"id":[{"timestamp_usec":"1418676131482967"},{"timestamp_usec":"1418676251348001"}],"query_text":"check what iPhone I have"}},{"query":{"id":[{"timestamp_usec":"1418673052889477"}],"query_text":"cell phone repair in columbus indiana"}},{"query":{"id":[{"timestamp_usec":"1418671824380466"},{"timestamp_usec":"1418671863234056"}],"query_text":"(Current Location) -> 2915 State Street, Columbus, IN"}},{"query":{"id":[{"timestamp_usec":"1418662851298909"}],"query_text":"work one franklin indiana"}},{"query":{"id":[{"timestamp_usec":"1418662753224296"}],"query_text":"(Current Location) -> 575 North Pennsylvania Street, Indianapolis, IN"}},{"query":{"id":[{"timestamp_usec":"1418662055762139"}],"query_text":"hip in indiana"}},{"query":{"id":[{"timestamp_usec":"1418619046360970"}],"query_text":"ebay motors"}},{"query":{"id":[{"timestamp_usec":"1418601818619655"},{"timestamp_usec":"1418602381038380"}],"query_text":"sgh-1437"}},{"query":{"id":[{"timestamp_usec":"1418579621763966"}],"query_text":"sgh-1437"}},{"query":{"id":[{"timestamp_usec":"1418527173200933"}],"query_text":"limerain"}},{"query":{"id":[{"timestamp_usec":"1418432120742660"},{"timestamp_usec":"1418432135735655"}],"query_text":"(Current Location) -> Elijah Blue Drive, Greenwood, IN"}},{"query":{"id":[{"timestamp_usec":"1418432092102731"}],"query_text":"(Current Location) -> 105 Lancelot Dr, Franklin, IN"}},{"query":{"id":[{"timestamp_usec":"1418149177200744"}],"query_text":"(Current Location) -> 480"}},{"query":{"id":[{"timestamp_usec":"1418148735199605"}],"query_text":"(Current Location) -> 480 Center St, Franklin, IN"}},{"query":{"id":[{"timestamp_usec":"1418007962142687"}],"query_text":"how do I install a thermocouple in my ardent gas fireplace"}},{"query":{"id":[{"timestamp_usec":"1418007953948665"}],"query_text":"how do I install a thermopile in my ardent gas fireplace"}},{"query":{"id":[{"timestamp_usec":"1417997156144783"}],"query_text":"(Current Location) -> Franciscan St. Francis Imaging Center, Greenbrooke, 701 E County Line Rd, Greenwood, IN 46143"}},{"query":{"id":[{"timestamp_usec":"1415995917339740"}],"query_text":"(Current Location) -> Aaron's, 2490 N Morton St, Franklin, IN 46131"}},{"query":{"id":[{"timestamp_usec":"1415992323856548"}],"query_text":"(Current Location) -> Indy-Westside Auto Parts"}},{"query":{"id":[{"timestamp_usec":"1415983576035917"}],"query_text":"(Current Location) -> Pic-A-Part, 940 W 16th St, Indianapolis, IN 46202"}},{"query":{"id":[{"timestamp_usec":"1415977480917512"}],"query_text":"(Current Location) -> 505 S Tibbs Ave, Indianapolis, IN 46241"}},{"query":{"id":[{"timestamp_usec":"1415808632170936"}],"query_text":"(Current Location) -> 600 paul hand boulevard in franklin indiana"}},{"query":{"id":[{"timestamp_usec":"1415807874072767"}],"query_text":"(Current Location) -> St Thomas Clinic, Paul Hand Boulevard, Franklin, IN"}},{"query":{"id":[{"timestamp_usec":"1415807773136744"},{"timestamp_usec":"1415807777177750"},{"timestamp_usec":"1415807785220427"},{"timestamp_usec":"1415807809851445"},{"timestamp_usec":"1415807819137335"}],"query_text":"(Current Location) -> St Thomas Clinic"}},{"query":{"id":[{"timestamp_usec":"1415285721467537"}],"query_text":"multiquip generator"}},{"query":{"id":[{"timestamp_usec":"1415284684928441"}],"query_text":"multiquip generators"}},{"query":{"id":[{"timestamp_usec":"1414703138174306"}],"query_text":"(Current Location) -> 559 dunn street Franklin Indiana"}},{"query":{"id":[{"timestamp_usec":"1414702314811044"},{"timestamp_usec":"1414703117406361"},{"timestamp_usec":"1414703117647453"},{"timestamp_usec":"1414703122037446"},{"timestamp_usec":"1414703122254741"}],"query_text":"(Current Location) -> 1300 Graham Rd, Franklin, IN 46131"}},{"query":{"id":[{"timestamp_usec":"1414693452858102"}],"query_text":"(Current Location) -> Pic-A-Part, 940 W 16th St, Indianapolis, IN 46202"}},{"query":{"id":[{"timestamp_usec":"1414692877081301"}],"query_text":"(Current Location) -> pick a part on West 16th Street in Indianapolis Indiana"}},{"query":{"id":[{"timestamp_usec":"1414692115398706"}],"query_text":"(Current Location) -> 940 W 16th St, Indianapolis, IN"}},{"query":{"id":[{"timestamp_usec":"1414691577503064"}],"query_text":"(Current Location) -> Indianapolis, IN 46201"}},{"query":{"id":[{"timestamp_usec":"1414691486185526"}],"query_text":"(Current Location) -> Indianapolis, IN"}},{"query":{"id":[{"timestamp_usec":"1414690159343259"}],"query_text":"(Current Location) -> Indianapolis, IN 46201"}},{"query":{"id":[{"timestamp_usec":"1414690156547728"}],"query_text":"10th st & sherman"}},{"query":{"id":[{"timestamp_usec":"1414690023104841"}],"query_text":"sherwin 10th st"}},{"query":{"id":[{"timestamp_usec":"1414689980525779"}],"query_text":"(Current Location) -> Everything OK, 1435 E Wabash St, Frankfort, IN 46041"}},{"query":{"id":[{"timestamp_usec":"1414566334409751"}],"query_text":"(Current Location) -> 480 Center St, Franklin, IN"}},{"query":{"id":[{"timestamp_usec":"1414440537778063"}],"query_text":"2525 n shadeland ave Indianapolis Indiana"}},{"query":{"id":[{"timestamp_usec":"1414422400585297"}],"query_text":"ga-6hzr honda generator"}},{"query":{"id":[{"timestamp_usec":"1414420906083310"}],"query_text":"report unsuitable situations on Facebook"}},{"query":{"id":[{"timestamp_usec":"1414420670323414"}],"query_text":"corporate Facebook"}},{"query":{"id":[{"timestamp_usec":"1414420371518861"},{"timestamp_usec":"1414420559461390"}],"query_text":"Facebook corporate"}},{"query":{"id":[{"timestamp_usec":"1414419546610363"}],"query_text":"(Current Location) -> 940 W 16th St, Indianapolis, IN"}},{"query":{"id":[{"timestamp_usec":"1414415385942328"}],"query_text":"pictures of platinum"}},{"query":{"id":[{"timestamp_usec":"1414325707902772"}],"query_text":"(Current Location) -> 1300 Graham Rd, Franklin, IN"}},{"query":{"id":[{"timestamp_usec":"1414324450983249"}],"query_text":"(Current Location) -> 940 W 16th St, Indianapolis, IN"}},{"query":{"id":[{"timestamp_usec":"1414258860273919"}],"query_text":"(Current Location) -> 1300 Graham Rd, Franklin, IN"}},{"query":{"id":[{"timestamp_usec":"1414258697113774"}],"query_text":"(Current Location) -> Franklin, IN"}},{"query":{"id":[{"timestamp_usec":"1414258426720249"}],"query_text":"(Current Location) -> 1300 Graham Rd, Franklin, IN"}},{"query":{"id":[{"timestamp_usec":"1414244988535990"}],"query_text":"(Current Location) -> 940 w 16th street Indianapolis Indiana"}},{"query":{"id":[{"timestamp_usec":"1413941708310671"}],"query_text":"105 Lancelot Dr, Franklin, IN 46131 -> (Current Location)"}},{"query":{"id":[{"timestamp_usec":"1413941689800611"}],"query_text":"105 Lancelot Drive, Franklin, IN -> Franklin, IN 46131"}},{"query":{"id":[{"timestamp_usec":"1413941658869484"}],"query_text":"my current location"}},{"query":{"id":[{"timestamp_usec":"1413927400139787"}],"query_text":"free tv"}},{"query":{"id":[{"timestamp_usec":"1413572861458909"},{"timestamp_usec":"1413573277702151"}],"query_text":"(Current Location) -> 1300 Graham Rd, Franklin, IN 46131"}},{"query":{"id":[{"timestamp_usec":"1413539419855005"}],"query_text":"george clarke from hanahan south Carolina"}},{"query":{"id":[{"timestamp_usec":"1413539404315734"}],"query_text":"grorge clark from hanannan south Carolina"}},{"query":{"id":[{"timestamp_usec":"1413539178594064"}],"query_text":"mike keith thompson from edinburgh indiana"}},{"query":{"id":[{"timestamp_usec":"1413538683650565"}],"query_text":"jason travis taylor born april 10 1980"}},{"query":{"id":[{"timestamp_usec":"1413534691549334"},{"timestamp_usec":"1413534695591201"},{"timestamp_usec":"1413534731149244"}],"query_text":"porn"}},{"query":{"id":[{"timestamp_usec":"1413533631529315"},{"timestamp_usec":"1413533651870484"}],"query_text":"google"}},{"query":{"id":[{"timestamp_usec":"1413533571471204"},{"timestamp_usec":"1413533605210797"}],"query_text":"adult sex games"}},{"query":{"id":[{"timestamp_usec":"1413533239915373"}],"query_text":"No"}},{"query":{"id":[{"timestamp_usec":"1413533078671578"},{"timestamp_usec":"1413533115988509"},{"timestamp_usec":"1413533190713245"}],"query_text":"porn"}},{"query":{"id":[{"timestamp_usec":"1413533046430464"}],"query_text":"images"}},{"query":{"id":[{"timestamp_usec":"1413309474481920"}],"query_text":"(Current Location) -> 1300 Graham Rd, Franklin, IN 46131"}},{"query":{"id":[{"timestamp_usec":"1413309445880678"}],"query_text":"1300 n graham rd in franklin in"}},{"query":{"id":[{"timestamp_usec":"1413038929325518"}],"query_text":"(Current Location) -> NAPA Auto Parts - Genuine Parts Company"}},{"query":{"id":[{"timestamp_usec":"1412813672772662"}],"query_text":"105 Lancelot Drive, Franklin, IN -> red lobster in greenwood indiana"}},{"query":{"id":[{"timestamp_usec":"1412640542209318"}],"query_text":"att"}},{"query":{"id":[{"timestamp_usec":"1412343052356713"}],"query_text":"(Current Location) -> Goodwill Storein greenwoid in"}},{"query":{"id":[{"timestamp_usec":"1412342702195841"}],"query_text":"(Current Location) -> Goodwill Store, 709 U.S. 31, Greenwood, IN 46142"}},{"query":{"id":[{"timestamp_usec":"1412310608505210"}],"query_text":"o"}},{"query":{"id":[{"timestamp_usec":"1412180360027793"}],"query_text":"lowes corporate office"}},{"query":{"id":[{"timestamp_usec":"1412121953943043"}],"query_text":"(Current Location) -> 1300 Graham Rd, Franklin, IN 46131"}}]}