{"event":[{"query":{"id":[{"timestamp_usec":"1412108937143697"}],"query_text":"1300 Graham Rd, Franklin, IN 46131 -> 1201 Greenwood Park Drive East, Greenwood, IN"}},{"query":{"id":[{"timestamp_usec":"1412108849226996"}],"query_text":"1300 Graham Rd, Franklin, IN 46131 -> 925 Cypress South, Greenwood, IN"}},{"query":{"id":[{"timestamp_usec":"1412108794002052"},{"timestamp_usec":"1412108826032159"}],"query_text":"1300 Graham Rd, Franklin, IN 46131 -> 925 cypress lane greenwood indiana"}},{"query":{"id":[{"timestamp_usec":"1412108743146300"},{"timestamp_usec":"1412108754160340"}],"query_text":"1300 Graham Road, Franklin, IN"}},{"query":{"id":[{"timestamp_usec":"1412108571114714"}],"query_text":"925 cypress lane"}},{"query":{"id":[{"timestamp_usec":"1412107917331281"}],"query_text":"925 Cypress lane Greenwood Indiana"}},{"query":{"id":[{"timestamp_usec":"1412107576155325"},{"timestamp_usec":"1412107603037263"}],"query_text":"(Current Location) -> Papa John's Pizza, 1201 Greenwood Park Dr E, Greenwood, IN 46142"}},{"query":{"id":[{"timestamp_usec":"1412010730680596"},{"timestamp_usec":"1412010750334999"}],"query_text":"105 Lancelot drive franklin indiana"}},{"query":{"id":[{"timestamp_usec":"1412010728614981"}],"query_text":"(Current Location) -> 105 Lancelot Dr, Franklin, IN"}},{"query":{"id":[{"timestamp_usec":"1412010714956150"}],"query_text":"105 Lancelot drive franklin indiana"}},{"query":{"id":[{"timestamp_usec":"1412008584913733"}],"query_text":"(Current Location) -> 1843 E Sumner Ave, Indianapolis, IN 46227"}},{"query":{"id":[{"timestamp_usec":"1412008011405106"},{"timestamp_usec":"1412008581484469"},{"timestamp_usec":"1412008581871903"}],"query_text":"(Current Location) -> 1843 east sumner ave indianapolis indiana 46227"}},{"query":{"id":[{"timestamp_usec":"1411847188320811"},{"timestamp_usec":"1411847189988270"}],"query_text":"my current location loc:1300 graham rd franklin indiana"}},{"query":{"id":[{"timestamp_usec":"1411845958450992"},{"timestamp_usec":"1411845959905985"},{"timestamp_usec":"1411846012769038"},{"timestamp_usec":"1411847160160610"}],"query_text":"my current location loc:Franklin, IN"}},{"query":{"id":[{"timestamp_usec":"1411845943219610"}],"query_text":"chinese restaurants loc:Franklin, IN"}},{"query":{"id":[{"timestamp_usec":"1411845943219522"}],"query_text":"pizza restaurants loc:Franklin, IN"}},{"query":{"id":[{"timestamp_usec":"1411845943219470"}],"query_text":"bail bonds loc:Franklin, IN"}},{"query":{"id":[{"timestamp_usec":"1411845942926847"}],"query_text":"* loc:Franklin, IN"}},{"query":{"id":[{"timestamp_usec":"1411845681123038"}],"query_text":"chinese restaurants loc:Franklin, IN"}},{"query":{"id":[{"timestamp_usec":"1411845681122942"}],"query_text":"bail bonds loc:Franklin, IN"}},{"query":{"id":[{"timestamp_usec":"1411845681122866"}],"query_text":"pizza restaurants loc:Franklin, IN"}},{"query":{"id":[{"timestamp_usec":"1411845680872823"}],"query_text":"* loc:Franklin, IN"}},{"query":{"id":[{"timestamp_usec":"1411845570884361"}],"query_text":"bail bonds loc:Franklin, IN"}},{"query":{"id":[{"timestamp_usec":"1411845570884106"}],"query_text":"chinese restaurants loc:Franklin, IN"}},{"query":{"id":[{"timestamp_usec":"1411845570883785"}],"query_text":"pizza restaurants loc:Franklin, IN"}},{"query":{"id":[{"timestamp_usec":"1411845570614170"}],"query_text":"* loc:Franklin, IN"}},{"query":{"id":[{"timestamp_usec":"1411845198369930"}],"query_text":"pizza restaurants loc:Franklin, IN"}},{"query":{"id":[{"timestamp_usec":"1411845198319577"}],"query_text":"bail bonds loc:Franklin, IN"}},{"query":{"id":[{"timestamp_usec":"1411845198319512"}],"query_text":"chinese restaurants loc:Franklin, IN"}},{"query":{"id":[{"timestamp_usec":"1411845198013782"}],"query_text":"* loc:Franklin, IN"}},{"query":{"id":[{"timestamp_usec":"1411845023323531"}],"query_text":"(Current Location) -> 105 Lancelot Drive, Franklin, IN"}},{"query":{"id":[{"timestamp_usec":"1411844987595551"}],"query_text":"Franklin, IN"}},{"query":{"id":[{"timestamp_usec":"1411664956024955"}],"query_text":"(Current Location) -> NAPA Auto Parts - Genuine Parts Company, Market Plaza, Greenwood, IN"}},{"query":{"id":[{"timestamp_usec":"1411663808787041"},{"timestamp_usec":"1411663811939866"}],"query_text":"(Current Location) -> NAPA Auto Parts - Genuine Parts Company"}},{"query":{"id":[{"timestamp_usec":"1411410673429645"}],"query_text":"(Current Location) -> 403 Dunn St, Franklin, IN 46131"}},{"query":{"id":[{"timestamp_usec":"1411410670081477"}],"query_text":"403 dunn st franklin in"}},{"query":{"id":[{"timestamp_usec":"1411299267314108"},{"timestamp_usec":"1411301052100573"}],"query_text":"(Current Location) -> 925 Cypress S, Greenwood, IN 46143"}},{"query":{"id":[{"timestamp_usec":"1411299237759178"}],"query_text":"925 cypress s greenwood in"}},{"query":{"id":[{"timestamp_usec":"1411067430243272"}],"query_text":"bail bonds loc:Franklin, IN"}},{"query":{"id":[{"timestamp_usec":"1411067430242888"}],"query_text":"chinese restaurants loc:Franklin, IN"}},{"query":{"id":[{"timestamp_usec":"1411067430242749"}],"query_text":"pizza restaurants loc:Franklin, IN"}},{"query":{"id":[{"timestamp_usec":"1411067429936039"}],"query_text":"* loc:Franklin, IN"}},{"query":{"id":[{"timestamp_usec":"1411067330638714"}],"query_text":"chinese restaurants loc:Franklin, IN"}},{"query":{"id":[{"timestamp_usec":"1411067330636963"}],"query_text":"bail bonds loc:Franklin, IN"}},{"query":{"id":[{"timestamp_usec":"1411067329766716"}],"query_text":"pizza restaurants loc:Franklin, IN"}},{"query":{"id":[{"timestamp_usec":"1411067329375386"}],"query_text":"* loc:Franklin, IN"}},{"query":{"id":[{"timestamp_usec":"1410937107785232"}],"query_text":"bail bonds loc:Franklin, IN"}},{"query":{"id":[{"timestamp_usec":"1410937107784986"}],"query_text":"chinese restaurants loc:Franklin, IN"}},{"query":{"id":[{"timestamp_usec":"1410937107784847"}],"query_text":"pizza restaurants loc:Franklin, IN"}},{"query":{"id":[{"timestamp_usec":"1410937107345498"}],"query_text":"* loc:Franklin, IN"}},{"query":{"id":[{"timestamp_usec":"1410936729855073"},{"timestamp_usec":"1410936731463542"},{"timestamp_usec":"1410936734804295"}],"query_text":"Franklin, IN 46131 -> 105 Lancelot Dr, Franklin, IN 46131"}},{"query":{"id":[{"timestamp_usec":"1410936683701213"}],"query_text":"(Current Location) -> 105 Lancelot Dr, Franklin, IN 46131"}},{"query":{"id":[{"timestamp_usec":"1410936661737128"}],"query_text":"(Current Location) -> 105 Lancelot Drive, Franklin, IN"}},{"query":{"id":[{"timestamp_usec":"1410936386505328"}],"query_text":"United States"}},{"query":{"id":[{"timestamp_usec":"1410625876272924"}],"query_text":"(Current Location) -> 2853 woodfield blvd franklin indiana"}},{"query":{"id":[{"timestamp_usec":"1410616194877131"}],"query_text":"(Current Location) -> 46th street and keystone indy indiana"}},{"query":{"id":[{"timestamp_usec":"1410615962220919"}],"query_text":"(Current Location) -> 2626 east 46th indy indiana"}},{"query":{"id":[{"timestamp_usec":"1410615913905165"}],"query_text":"(Current Location) -> indiana treatment center on 46th street indianapolis indiana"}},{"query":{"id":[{"timestamp_usec":"1410494856363910"}],"query_text":"bail bonds loc:Franklin, IN"}},{"query":{"id":[{"timestamp_usec":"1410494856363628"}],"query_text":"chinese restaurants loc:Franklin, IN"}},{"query":{"id":[{"timestamp_usec":"1410494856363556"}],"query_text":"pizza restaurants loc:Franklin, IN"}},{"query":{"id":[{"timestamp_usec":"1410494855815008"}],"query_text":"* loc:Franklin, IN"}},{"query":{"id":[{"timestamp_usec":"1410484274788588"}],"query_text":"7632 Oak Grove Dr, Indianapolis, IN -> 1300 Graham Rd, Franklin, IN"}},{"query":{"id":[{"timestamp_usec":"1410484197501970"}],"query_text":"7632 Oak Grove Dr, Indianapolis, IN -> 480 Center St, Franklin, IN 46131"}},{"query":{"id":[{"timestamp_usec":"1410484173256551"},{"timestamp_usec":"1410484191918944"}],"query_text":"(Current Location) -> 480 Center St, Franklin, IN 46131"}},{"query":{"id":[{"timestamp_usec":"1410471624086617"},{"timestamp_usec":"1410471632290330"},{"timestamp_usec":"1410471648785344"},{"timestamp_usec":"1410471649499631"},{"timestamp_usec":"1410471650211534"},{"timestamp_usec":"1410471676208246"}],"query_text":"7632 Oak Grove Dr, Indianapolis, IN 46259 -> E Southport Rd, Indianapolis, IN"}},{"query":{"id":[{"timestamp_usec":"1410471569427478"}],"query_text":"7632 oak grove dr, indianapolis in 46259 -> east south port road indianapolis in"}},{"query":{"id":[{"timestamp_usec":"1410471449234618"}],"query_text":"7632 Oak Grove Dr, Indianapolis, IN"}},{"query":{"id":[{"timestamp_usec":"1410471420235034"},{"timestamp_usec":"1410471427419964"}],"query_text":"Indianapolis, IN 46227 -> Port Dr, Avon, IN 46123"}},{"query":{"id":[{"timestamp_usec":"1410471415246409"}],"query_text":"(Current Location) -> east south port road"}},{"query":{"id":[{"timestamp_usec":"1410471403652859"},{"timestamp_usec":"1410471404944967"}],"query_text":"Indianapolis, IN 46227 -> Port Dr, Avon, IN 46123"}},{"query":{"id":[{"timestamp_usec":"1410471401594277"}],"query_text":"(Current Location) -> east south port road indy"}},{"query":{"id":[{"timestamp_usec":"1410471391578840"},{"timestamp_usec":"1410471396193935"},{"timestamp_usec":"1410471398812252"}],"query_text":"Indianapolis, IN 46227 -> Northport Dr, Indianapolis, IN 46221"}},{"query":{"id":[{"timestamp_usec":"1410471213411570"}],"query_text":"(Current Location) -> east south port road indy"}},{"query":{"id":[{"timestamp_usec":"1410471186832449"}],"query_text":"(Current Location) -> Port Dr, Avon, IN 46123"}},{"query":{"id":[{"timestamp_usec":"1410471058754784"}],"query_text":"(Current Location) -> east south port road"}},{"query":{"id":[{"timestamp_usec":"1410465646601509"}],"query_text":"(Current Location) -> 7632 Oak Grove Dr, Indianapolis, IN 46259"}},{"query":{"id":[{"timestamp_usec":"1410445896827418"}],"query_text":"mycontrolcard.com/activate"}},{"query":{"id":[{"timestamp_usec":"1410380041925933"},{"timestamp_usec":"1410381111170068"}],"query_text":"(Current Location) -> 7632 Oak Grove Dr, Indianapolis, IN 46259"}},{"query":{"id":[{"timestamp_usec":"1410313384630018"}],"query_text":"(Current Location) -> 105 Lancelot Dr, Franklin, IN 46131"}},{"query":{"id":[{"timestamp_usec":"1410313372933039"}],"query_text":"(Current Location) -> 105 Lancelot Drive, Franklin, IN"}},{"query":{"id":[{"timestamp_usec":"1410313320223121"}],"query_text":"my currentlocation -> Franklin, IN"}},{"query":{"id":[{"timestamp_usec":"1410313291876865"}],"query_text":"my current location"}},{"query":{"id":[{"timestamp_usec":"1410311798264126"}],"query_text":"(Current Location) -> 105 Lancelot Dr, Franklin, IN 46131"}},{"query":{"id":[{"timestamp_usec":"1410311793234429"}],"query_text":"Franklin, IN -> 105 Lancelot Dr, Franklin, IN 46131"}},{"query":{"id":[{"timestamp_usec":"1410311741556394"}],"query_text":"(Current Location) -> 105 Lancelot Dr, Franklin, IN 46131"}},{"query":{"id":[{"timestamp_usec":"1410311702508604"}],"query_text":"105 Lancelot Dr, Franklin, IN"}},{"query":{"id":[{"timestamp_usec":"1410298532486742"}],"query_text":"email"}},{"query":{"id":[{"timestamp_usec":"1410208154814296"}],"query_text":"princess bubblegum naked"}},{"query":{"id":[{"timestamp_usec":"1409802058413394"}],"query_text":"(Current Location) -> 105 Lancelot Dr, Franklin, IN 46131"}},{"query":{"id":[{"timestamp_usec":"1409802024954793"}],"query_text":"105 Lancelot Drive, Franklin, IN"}},{"query":{"id":[{"timestamp_usec":"1409802016452962"},{"timestamp_usec":"1409802022112260"}],"query_text":" "}},{"query":{"id":[{"timestamp_usec":"1409801982904394"}],"query_text":"my current location"}},{"query":{"id":[{"timestamp_usec":"1409801960575294"}],"query_text":"Franklin, IN"}},{"query":{"id":[{"timestamp_usec":"1409775678659842"}],"query_text":"(Current Location) -> 105 Lancelot Dr, Franklin, IN 46131"}},{"query":{"id":[{"timestamp_usec":"1409775633954753"},{"timestamp_usec":"1409775646774200"}],"query_text":"105 Lancelot Dr, Franklin, IN"}},{"query":{"id":[{"timestamp_usec":"1409770604872410"}],"query_text":"480 Center St, Franklin, IN, USA -> (Current Location)"}},{"query":{"id":[{"timestamp_usec":"1409770594575477"}],"query_text":"480 Center St, Franklin, IN -> Franklin, IN"}},{"query":{"id":[{"timestamp_usec":"1409770537945309"}],"query_text":"105 Lancelot Dr, Franklin, IN 46131 -> (Current Location)"}},{"query":{"id":[{"timestamp_usec":"1409583293307348"}],"query_text":"(Current Location) -> Columbus Pawn Inc, 30 U.S. 31, Whiteland, IN 46184"}},{"query":{"id":[{"timestamp_usec":"1409583272492771"}],"query_text":"whiteland pawn shop in whiteland in"}},{"query":{"id":[{"timestamp_usec":"1408758333047990"}],"query_text":"(Current Location) -> 105 Lancelot Dr, Franklin, IN 46131"}},{"query":{"id":[{"timestamp_usec":"1408758330757153"}],"query_text":"(Current Location) -> 105, Lancelot Drive, Franklin, IN"}},{"query":{"id":[{"timestamp_usec":"1408758268883558"}],"query_text":"my current location"}},{"query":{"id":[{"timestamp_usec":"1408681202621341"}],"query_text":"my current location"}},{"query":{"id":[{"timestamp_usec":"1408419590464145"}],"query_text":"police shootings in franklin in"}},{"query":{"id":[{"timestamp_usec":"1408303081404643"}],"query_text":"my current location"}},{"query":{"id":[{"timestamp_usec":"1408140520643580"}],"query_text":"movie where they smuggle ecstasy in cows"}},{"query":{"id":[{"timestamp_usec":"1408140434545780"}],"query_text":"movie where they smugle excity in cows"}},{"query":{"id":[{"timestamp_usec":"1408107354827143"}],"query_text":"tent supply parts"}},{"query":{"id":[{"timestamp_usec":"1408029203401481"}],"query_text":"mardis bail bonds"}},{"query":{"id":[{"timestamp_usec":"1407855457703538"}],"query_text":"how do i cash a savings bond"}},{"query":{"id":[{"timestamp_usec":"1407816639405518"}],"query_text":"(Current Location) -> 480 Center St, Franklin, IN"}},{"query":{"id":[{"timestamp_usec":"1407811502789631"},{"timestamp_usec":"1407811509997781"},{"timestamp_usec":"1407811687618550"}],"query_text":"Franklin, IN my current location -> 105 lancelot drive franklin indiana"}},{"query":{"id":[{"timestamp_usec":"1407811108254717"}],"query_text":"chinese restaurants loc:Franklin, IN"}},{"query":{"id":[{"timestamp_usec":"1407811108132721"}],"query_text":"bail bonds loc:Franklin, IN"}},{"query":{"id":[{"timestamp_usec":"1407811108131341"}],"query_text":"pizza restaurants loc:Franklin, IN"}},{"query":{"id":[{"timestamp_usec":"1407811107479322"}],"query_text":"* loc:Franklin, IN"}},{"query":{"id":[{"timestamp_usec":"1407776749324201"}],"query_text":"dicks sporting goods in greenwood in"}},{"query":{"id":[{"timestamp_usec":"1407766140839442"}],"query_text":"how long does glass stay in your system"}},{"query":{"id":[{"timestamp_usec":"1407671087440139"},{"timestamp_usec":"1407671137909672"},{"timestamp_usec":"1407671181051303"},{"timestamp_usec":"1407671238134827"}],"query_text":"eagles peak tent house"}},{"query":{"id":[{"timestamp_usec":"1407671018945320"}],"query_text":"eagles peak house"}},{"query":{"id":[{"timestamp_usec":"1407670932347013"}],"query_text":"eagles peak tents"}},{"query":{"id":[{"timestamp_usec":"1407629468050019"}],"query_text":"dicks sporting goods in greenwood in"}},{"query":{"id":[{"timestamp_usec":"1407629217880335"}],"query_text":"eagles peak screen house parts"}},{"query":{"id":[{"timestamp_usec":"1407572175148824"}],"query_text":"blochy skin"}},{"query":{"id":[{"timestamp_usec":"1407570488384620"}],"query_text":"porn"}},{"query":{"id":[{"timestamp_usec":"1406294476544119"}],"query_text":"greenwood med clinic indiana"}},{"query":{"id":[{"timestamp_usec":"1406293588564702"}],"query_text":"doctor micheal chitwood greenwood indiana"}},{"query":{"id":[{"timestamp_usec":"1406079813177124"}],"query_text":"my web history"}},{"query":{"id":[{"timestamp_usec":"1406067938343224"}],"query_text":"my current location -> 105 Lancelot Drive, Franklin, IN"}},{"query":{"id":[{"timestamp_usec":"1405931620890432"}],"query_text":"tane sikes"}},{"query":{"id":[{"timestamp_usec":"1405808899257448"}],"query_text":"what collages can my child go to on the century 21 scilarsholip"}},{"query":{"id":[{"timestamp_usec":"1405686506391653"}],"query_text":"mcdonalds corporate number"}},{"query":{"id":[{"timestamp_usec":"1405654789675616"}],"query_text":"my current location -> 559 dunn street franklin indiana"}},{"query":{"id":[{"timestamp_usec":"1405654764168243"}],"query_text":"near me -> 559 dunn street franklin indiana"}},{"query":{"id":[{"timestamp_usec":"1405654738169084"},{"timestamp_usec":"1405654745214403"}],"query_text":"559 dunn street franklin indiana"}},{"query":{"id":[{"timestamp_usec":"1405603360199079"}],"query_text":"cummins mental health"}},{"query":{"id":[{"timestamp_usec":"1405407676685471"}],"query_text":"porn"}},{"query":{"id":[{"timestamp_usec":"1405341605204343"}],"query_text":"kurt allen sikes born 1955 arrest record"}},{"query":{"id":[{"timestamp_usec":"1405341559040071"}],"query_text":"kurt allen sikes born 1955"}},{"query":{"id":[{"timestamp_usec":"1405258291154914"}],"query_text":"tannem channin naked"}},{"query":{"id":[{"timestamp_usec":"1405191625933362"},{"timestamp_usec":"1405191644042927"},{"timestamp_usec":"1405191683782792"},{"timestamp_usec":"1405191996355731"},{"timestamp_usec":"1405192034531981"}],"query_text":"porn"}},{"query":{"id":[{"timestamp_usec":"1404854318554287"}],"query_text":"indiana work force"}},{"query":{"id":[{"timestamp_usec":"1404749486246493"}],"query_text":"what would stackers come up as in a piss test"}},{"query":{"id":[{"timestamp_usec":"1404742338115419"}],"query_text":"how long does morphine stay in ur system"}},{"query":{"id":[{"timestamp_usec":"1404740463087750"}],"query_text":"info@filmsecure.com"}},{"query":{"id":[{"timestamp_usec":"1404712474463930"}],"query_text":"my location -> 559dunn street franklin indiana"}},{"query":{"id":[{"timestamp_usec":"1404712461926579"}],"query_text":"559dunn street franklin indiana"}},{"query":{"id":[{"timestamp_usec":"1404229411055556"}],"query_text":"walnut grove camp round in fairland indiana"}},{"query":{"id":[{"timestamp_usec":"1404229187374610"}],"query_text":"waltnut grove camp in indianaground"}}]}