{"event":[{"query":{"id":[{"timestamp_usec":"1396298262854126"}],"query_text":"The Nut Job Greenwood, IN"}},{"query":{"id":[{"timestamp_usec":"1396283879581979"}],"query_text":"(Current Location) -> N College Ave, Indianapolis, IN"}},{"query":{"id":[{"timestamp_usec":"1396283361110017"},{"timestamp_usec":"1396283397198705"},{"timestamp_usec":"1396283533213301"}],"query_text":"dbds tzu"}},{"query":{"id":[{"timestamp_usec":"1396168345584970"}],"query_text":"dbdstsu"}},{"query":{"id":[{"timestamp_usec":"1396168345226316"}],"query_text":"dbds tzu"}},{"query":{"id":[{"timestamp_usec":"1396147580159547"}],"query_text":"dbds tzu"}},{"query":{"id":[{"timestamp_usec":"1396147574189623"}],"query_text":"dbdstsu"}},{"query":{"id":[{"timestamp_usec":"1396059090716988"}],"query_text":"pizza hut in franklin indiana"}},{"query":{"id":[{"timestamp_usec":"1395943413319609"}],"query_text":"craftsman 250 piece mechanics tool set"}},{"query":{"id":[{"timestamp_usec":"1395933135753226"}],"query_text":"pontiac dealer in franklin in"}},{"query":{"id":[{"timestamp_usec":"1395888480195440"},{"timestamp_usec":"1395888641266390"},{"timestamp_usec":"1395890067950672"},{"timestamp_usec":"1395890069237374"},{"timestamp_usec":"1395890081908387"}],"query_text":"(Current Location) -> 480 Center St, Franklin, IN 46131"}},{"query":{"id":[{"timestamp_usec":"1395888476511794"}],"query_text":"480 Center St, Franklin, IN"}},{"query":{"id":[{"timestamp_usec":"1395884514216924"},{"timestamp_usec":"1395884535734223"}],"query_text":"(Current Location) -> 104 Neal Ave, Indianapolis, IN 46222"}},{"query":{"id":[{"timestamp_usec":"1395884512772206"}],"query_text":"104 Neal Ave, Indianapolis, IN"}},{"query":{"id":[{"timestamp_usec":"1395876096251139"}],"query_text":"imstagram"}},{"query":{"id":[{"timestamp_usec":"1395875356465989"}],"query_text":"(Current Location) -> 104 Neal Ave, Indianapolis, IN 46222"}},{"query":{"id":[{"timestamp_usec":"1395875355018998"}],"query_text":"104 Neal Ave, Indianapolis, IN 46222"}},{"query":{"id":[{"timestamp_usec":"1395874282247496"}],"query_text":"how do i hook up a starter on a 2008 suzuki forenza"}},{"query":{"id":[{"timestamp_usec":"1395868438907289"}],"query_text":"how do i hook up a starter on a 2008 suzuki forenza"}},{"query":{"id":[{"timestamp_usec":"1395797848361543"}],"query_text":"sauerkraut recipe"}},{"query":{"id":[{"timestamp_usec":"1395797387482028"}],"query_text":"campbells recipes"}},{"query":{"id":[{"timestamp_usec":"1395772748136510"}],"query_text":"napa in franklin in"}},{"query":{"id":[{"timestamp_usec":"1395673646783260"}],"query_text":"cell phone dealers in the Greenwood Park Mall"}},{"query":{"id":[{"timestamp_usec":"1395511032663825"}],"query_text":"amizon"}},{"query":{"id":[{"timestamp_usec":"1395510141548304"},{"timestamp_usec":"1395510641303612"}],"query_text":"indy pic a part.com"}},{"query":{"id":[{"timestamp_usec":"1395507261347344"}],"query_text":"youtube to mp3"}},{"query":{"id":[{"timestamp_usec":"1395506826600517"}],"query_text":"google crome"}},{"query":{"id":[{"timestamp_usec":"1395501667083740"}],"query_text":"whiteland raceway park"}},{"query":{"id":[{"timestamp_usec":"1395405274245418"}],"query_text":"(Current Location) -> 2525 E 46th St, Indianapolis, IN 46205"}},{"query":{"id":[{"timestamp_usec":"1395403254052882"},{"timestamp_usec":"1395403468485007"},{"timestamp_usec":"1395403481887704"},{"timestamp_usec":"1395403481954906"}],"query_text":"(Current Location) -> N College Ave & E 16th St, Indianapolis, IN 46202"}},{"query":{"id":[{"timestamp_usec":"1395353321751170"}],"query_text":"at&t dealer in greenwood in"}},{"query":{"id":[{"timestamp_usec":"1395341713698909"}],"query_text":"at&t dealer in greenwood in"}},{"query":{"id":[{"timestamp_usec":"1395329772377436"}],"query_text":"where is the power steering pressure switch on a 2004 pt cruiser"}},{"query":{"id":[{"timestamp_usec":"1395279492913376"}],"query_text":"if i unlocked my htc inspire to use with tmobile can i factory reset it withoutosing my unlock"}},{"query":{"id":[{"timestamp_usec":"1395247785572812"}],"query_text":"(Current Location) -> (Home)"}},{"query":{"id":[{"timestamp_usec":"1395247783708196"}],"query_text":"480 Center St, Franklin, IN"}},{"query":{"id":[{"timestamp_usec":"1395184444826701"}],"query_text":"haro 2.2 4130 trimoly"}},{"query":{"id":[{"timestamp_usec":"1395165702452988"},{"timestamp_usec":"1395165722972782"},{"timestamp_usec":"1395165725438774"},{"timestamp_usec":"1395165726334254"},{"timestamp_usec":"1395165764829926"},{"timestamp_usec":"1395165876127435"}],"query_text":"619 South Kyle Street, Edinburgh, IN"}},{"query":{"id":[{"timestamp_usec":"1395153126566642"}],"query_text":"things to do for free in indianapolis in"}},{"query":{"id":[{"timestamp_usec":"1395151004118217"},{"timestamp_usec":"1395151850422125"}],"query_text":"Chrysler dealership in Greenwood Indiana"}},{"query":{"id":[{"timestamp_usec":"1395147325014557"}],"query_text":"where is the power steering pressure switch located on a 2004 pt cruiser"}},{"query":{"id":[{"timestamp_usec":"1395117469810174"}],"query_text":"pt cruiser power youtube"}},{"query":{"id":[{"timestamp_usec":"1395117310444954"}],"query_text":"pt cruiser power steering not working"}},{"query":{"id":[{"timestamp_usec":"1395117228176004"}],"query_text":"where is the power steeringboost"}},{"query":{"id":[{"timestamp_usec":"1395106089583970"}],"query_text":"24 hr autozone in greenwood in"}},{"query":{"id":[{"timestamp_usec":"1395072162359510"},{"timestamp_usec":"1395072183199852"},{"timestamp_usec":"1395072183431737"},{"timestamp_usec":"1395073212276359"},{"timestamp_usec":"1395073746349386"}],"query_text":"(Current Location) -> (Home)"}},{"query":{"id":[{"timestamp_usec":"1395072159989987"}],"query_text":"480 Center St, Franklin, IN"}},{"query":{"id":[{"timestamp_usec":"1394922465901036"}],"query_text":"554 Center St, Franklin, IN"}},{"query":{"id":[{"timestamp_usec":"1394812236982937"},{"timestamp_usec":"1394812267871823"},{"timestamp_usec":"1394812269452048"}],"query_text":"(Current Location) -> 2911 S Morgantown Rd, Greenwood, IN 46143"}},{"query":{"id":[{"timestamp_usec":"1394812233684908"}],"query_text":"2911 South Morgantown Road, Greenwood, IN"}},{"query":{"id":[{"timestamp_usec":"1394467241239897"}],"query_text":"(Current Location) -> Brookshire Dr, Franklin, IN 46131"}},{"query":{"id":[{"timestamp_usec":"1394467236893503"}],"query_text":"brookshire in franklin in"}},{"query":{"id":[{"timestamp_usec":"1394393083759404"},{"timestamp_usec":"1394393186163633"},{"timestamp_usec":"1394393251312628"},{"timestamp_usec":"1394393254274088"},{"timestamp_usec":"1394393423691630"},{"timestamp_usec":"1394393428613203"}],"query_text":"(Current Location) -> Tracy Ridge Blvd, Whiteland, IN 46184"}},{"query":{"id":[{"timestamp_usec":"1394393082479670"}],"query_text":"Tracy Ridge Blvd, Whiteland, IN"}},{"query":{"id":[{"timestamp_usec":"1394392327172886"},{"timestamp_usec":"1394392327770804"}],"query_text":"(Current Location) -> Pull-A-Part Used Auto Parts, 2505 Forest Manor Ave, Indianapolis, IN 46218"}},{"query":{"id":[{"timestamp_usec":"1394388583163004"},{"timestamp_usec":"1394389257679105"}],"query_text":"(Current Location) -> Pull-A-Part Used Auto Parts, 2505 Forest Manor Ave, Indianapolis, IN 46218"}},{"query":{"id":[{"timestamp_usec":"1394388573793444"}],"query_text":"Pull-A-Part Used Auto Parts, Forest Manor Avenue, Indianapolis, IN"}},{"query":{"id":[{"timestamp_usec":"1394297503577538"},{"timestamp_usec":"1394298155326934"},{"timestamp_usec":"1394298169607331"},{"timestamp_usec":"1394298263793499"},{"timestamp_usec":"1394298480186168"},{"timestamp_usec":"1394298554391552"},{"timestamp_usec":"1394298667211614"},{"timestamp_usec":"1394298975369930"}],"query_text":"(Current Location) -> Tracy Ridge Blvd, Whiteland, IN 46184"}},{"query":{"id":[{"timestamp_usec":"1394297472046730"}],"query_text":"Tracy ridge in whiteland in"}},{"query":{"id":[{"timestamp_usec":"1394003202337587"}],"query_text":"Franklin Avenue Baptist Church"}},{"query":{"id":[{"timestamp_usec":"1393093774554122"},{"timestamp_usec":"1393093775376850"}],"query_text":"tractor supply in franklin in"}},{"query":{"id":[{"timestamp_usec":"1392930792694201"},{"timestamp_usec":"1392930809179693"}],"query_text":"heatercore replacement on a 1994 chevy s10"}},{"query":{"id":[{"timestamp_usec":"1392912291913651"}],"query_text":"htc freestyle"}},{"query":{"id":[{"timestamp_usec":"1392825657799794"},{"timestamp_usec":"1392826262448219"}],"query_text":"(Current Location) -> St Thomas Clinic, 600 Paul Hand Blvd, Franklin, IN 46131"}},{"query":{"id":[{"timestamp_usec":"1392825654090659"}],"query_text":"St Thomas Clinic, Paul Hand Boulevard, Franklin, IN"}},{"query":{"id":[{"timestamp_usec":"1392815352045083"},{"timestamp_usec":"1392815422882245"}],"query_text":"(Current Location) -> St Thomas Clinic, 600 Paul Hand Blvd, Franklin, IN 46131"}},{"query":{"id":[{"timestamp_usec":"1392815350802800"}],"query_text":"St Thomas Clinic, Paul Hand Boulevard, Whiteland, IN"}},{"query":{"id":[{"timestamp_usec":"1392771521385391"}],"query_text":"t mobile one touch"}},{"query":{"id":[{"timestamp_usec":"1392769946163709"}],"query_text":"what movies came out today at family video"}},{"query":{"id":[{"timestamp_usec":"1392761403729898"},{"timestamp_usec":"1392761482563743"},{"timestamp_usec":"1392761946691412"},{"timestamp_usec":"1392762342797135"},{"timestamp_usec":"1392762342903274"}],"query_text":"power acoustik pd 712b"}},{"query":{"id":[{"timestamp_usec":"1392667388261921"},{"timestamp_usec":"1392667457243527"},{"timestamp_usec":"1392667640285447"},{"timestamp_usec":"1392667646437733"}],"query_text":"(Current Location) -> 554 Center St, Franklin, IN 46131"}},{"query":{"id":[{"timestamp_usec":"1392667386936819"}],"query_text":"554 Center St, Franklin, IN"}},{"query":{"id":[{"timestamp_usec":"1392660608056024"}],"query_text":"best deals on xbox 360 bundles"}},{"query":{"id":[{"timestamp_usec":"1392605777172682"}],"query_text":"mcdonalds in whiteland indiana"}},{"query":{"id":[{"timestamp_usec":"1392602750105196"}],"query_text":"hiniker 2801-s"}},{"query":{"id":[{"timestamp_usec":"1392527946911157"},{"timestamp_usec":"1392528064676425"}],"query_text":"daily journal franklin in classifieds"}},{"query":{"id":[{"timestamp_usec":"1392509202129854"},{"timestamp_usec":"1392509289635022"},{"timestamp_usec":"1392509329309007"},{"timestamp_usec":"1392509363451024"}],"query_text":"(Current Location) -> 1910 Longest Dr, Franklin, IN 46131"}},{"query":{"id":[{"timestamp_usec":"1392509198133097"}],"query_text":"1910 longest dr franklin in"}},{"query":{"id":[{"timestamp_usec":"1392473714079813"},{"timestamp_usec":"1392473875280199"},{"timestamp_usec":"1392473883458078"},{"timestamp_usec":"1392473888271769"},{"timestamp_usec":"1392473895986615"},{"timestamp_usec":"1392473958538897"}],"query_text":"(Current Location) -> 644 Paris Dr, Franklin, IN 46131"}},{"query":{"id":[{"timestamp_usec":"1392473712785849"}],"query_text":"644 Paris Dr, Franklin, IN"}},{"query":{"id":[{"timestamp_usec":"1392417309249288"},{"timestamp_usec":"1392417603962164"},{"timestamp_usec":"1392417605578071"},{"timestamp_usec":"1392417608386422"},{"timestamp_usec":"1392417614028086"}],"query_text":"(Current Location) -> 644 Paris Dr, Franklin, IN 46131"}},{"query":{"id":[{"timestamp_usec":"1392417291264100"}],"query_text":"644 paris dr franklin in"}},{"query":{"id":[{"timestamp_usec":"1392254647113108"}],"query_text":"kfc dealsin franklin in"}},{"query":{"id":[{"timestamp_usec":"1392254271357820"},{"timestamp_usec":"1392254635882316"}],"query_text":"kfc deals"}},{"query":{"id":[{"timestamp_usec":"1392235037460159"}],"query_text":"(Current Location) -> Amity Volunteer Fire Department, RR 5, Franklin, IN 46131"}},{"query":{"id":[{"timestamp_usec":"1392235036063981"}],"query_text":"fire-department near Amity, IN"}},{"query":{"id":[{"timestamp_usec":"1392234981721016"}],"query_text":"(Current Location) -> TitanFit, 7109 Girls School Ave, Indianapolis, IN 46241"}},{"query":{"id":[{"timestamp_usec":"1392138742831777"}],"query_text":"walmart in greenwood in"}},{"query":{"id":[{"timestamp_usec":"1392083395656938"}],"query_text":"how can i download games to my Nintendo DS"}},{"query":{"id":[{"timestamp_usec":"1392083290165524"}],"query_text":"how can i download free games to my nintendo 3ds"}},{"query":{"id":[{"timestamp_usec":"1392083259793849"}],"query_text":"how can i download games to my Nintendo DS"}},{"query":{"id":[{"timestamp_usec":"1392073388192372"}],"query_text":"movie times at movies 8 in Greenwood Indiana"}},{"query":{"id":[{"timestamp_usec":"1392072506810584"}],"query_text":"what movies start at 7:00pm tonite at movies 8 in greenwood in"}},{"query":{"id":[{"timestamp_usec":"1392039640570724"}],"query_text":"fastest car in the world video"}},{"query":{"id":[{"timestamp_usec":"1391992317073312"}],"query_text":"why cant i get an erection"}},{"query":{"id":[{"timestamp_usec":"1391910291380613"}],"query_text":"cobra safety alert 360"}},{"query":{"id":[{"timestamp_usec":"1391906383866410"},{"timestamp_usec":"1391906617167581"},{"timestamp_usec":"1391906646684774"},{"timestamp_usec":"1391906674206245"},{"timestamp_usec":"1391906690444344"},{"timestamp_usec":"1391906735185746"},{"timestamp_usec":"1391906822442578"},{"timestamp_usec":"1391906828463636"},{"timestamp_usec":"1391907137251723"}],"query_text":"(Current Location) -> 554 Center St, Franklin, IN 46131"}},{"query":{"id":[{"timestamp_usec":"1391906381381830"}],"query_text":"554 Center St, Franklin, IN"}},{"query":{"id":[{"timestamp_usec":"1391898693683923"}],"query_text":"world of wheels indianapolis in"}},{"query":{"id":[{"timestamp_usec":"1391898408808824"}],"query_text":"where is the world of wheels located"}},{"query":{"id":[{"timestamp_usec":"1391806857505606"},{"timestamp_usec":"1391807005862961"}],"query_text":"pics of a sr9"}},{"query":{"id":[{"timestamp_usec":"1391792569239824"}],"query_text":"indot"}},{"query":{"id":[{"timestamp_usec":"1391708182540865"}],"query_text":"when is the world of wheels in Indianapolis Indiana"}},{"query":{"id":[{"timestamp_usec":"1391625550436551"},{"timestamp_usec":"1391626467250459"}],"query_text":"(Current Location) -> 520 Williamson St, Whiteland, IN 46184"}},{"query":{"id":[{"timestamp_usec":"1391625549202257"}],"query_text":"520 Williamson St, Whiteland, IN"}},{"query":{"id":[{"timestamp_usec":"1391625203265996"},{"timestamp_usec":"1391625284486925"},{"timestamp_usec":"1391625291223484"}],"query_text":"(Current Location) -> 520 Williamson St, Whiteland, IN 46184"}},{"query":{"id":[{"timestamp_usec":"1391625201930912"}],"query_text":"520 Williamson St, Whiteland, IN"}},{"query":{"id":[{"timestamp_usec":"1391623057583739"},{"timestamp_usec":"1391623191328552"},{"timestamp_usec":"1391623199292515"}],"query_text":"(Current Location) -> 1256 Roosevelt Ave, Indianapolis, IN 46202"}},{"query":{"id":[{"timestamp_usec":"1391623056591436"}],"query_text":"1256 Roosevelt Ave, Indianapolis, IN"}},{"query":{"id":[{"timestamp_usec":"1391621414242415"},{"timestamp_usec":"1391622531205825"},{"timestamp_usec":"1391623006359545"}],"query_text":"(Current Location) -> 7940 Brookville Rd, Indianapolis, IN 46239"}},{"query":{"id":[{"timestamp_usec":"1391621413122284"}],"query_text":"7940 brookville road indy indiana"}},{"query":{"id":[{"timestamp_usec":"1391617440341095"}],"query_text":"(Current Location) -> 1256 Roosevelt Ave, Indianapolis, IN 46202"}},{"query":{"id":[{"timestamp_usec":"1391617433404222"}],"query_text":"1256 Roosevelt Ave, Indianapolis, IN"}},{"query":{"id":[{"timestamp_usec":"1391614321775415"},{"timestamp_usec":"1391614385406115"},{"timestamp_usec":"1391614605481047"},{"timestamp_usec":"1391614657161271"},{"timestamp_usec":"1391614698279345"},{"timestamp_usec":"1391614741706350"},{"timestamp_usec":"1391615055281820"},{"timestamp_usec":"1391615082368341"}],"query_text":"(Current Location) -> 1256 Roosevelt Ave, Indianapolis, IN 46202"}},{"query":{"id":[{"timestamp_usec":"1391614310690241"}],"query_text":"1256 Roosevelt Ave, Indianapolis, IN"}},{"query":{"id":[{"timestamp_usec":"1391599387704558"}],"query_text":"franklin ave"}},{"query":{"id":[{"timestamp_usec":"1391587212570399"}],"query_text":"Gas Station"}},{"query":{"id":[{"timestamp_usec":"1391581320590478"}],"query_text":"zoosk"}},{"query":{"id":[{"timestamp_usec":"1391577308431994"}],"query_text":"franklin middle school"}},{"query":{"id":[{"timestamp_usec":"1391575921133162"}],"query_text":"yahoo"}},{"query":{"id":[{"timestamp_usec":"1391575891279916"}],"query_text":"m.yahoo.com/?tsrc metropcs"}},{"query":{"id":[{"timestamp_usec":"1391575430892579"}],"query_text":"hardees in whiteland indiana"}},{"query":{"id":[{"timestamp_usec":"1391572767353758"}],"query_text":"affiliate.zantracker"}},{"query":{"id":[{"timestamp_usec":"1391565172407496"},{"timestamp_usec":"1391565222328214"},{"timestamp_usec":"1391565484482398"}],"query_text":"(Current Location) -> 1256 Roosevelt Ave, Indianapolis, IN 46202"}},{"query":{"id":[{"timestamp_usec":"1391487610832104"}],"query_text":"(Current Location) -> 2074 Bridlewood Dr, Franklin, IN 46131"}},{"query":{"id":[{"timestamp_usec":"1391487599989181"}],"query_text":"2155 Bridlewood Dr, Franklin, IN"}},{"query":{"id":[{"timestamp_usec":"1391487380032885"}],"query_text":"(Current Location) -> 2155 Bridlewood Dr, Franklin, IN 46131"}},{"query":{"id":[{"timestamp_usec":"1391487379109048"}],"query_text":"2155 Bridlewood Drive, Franklin, IN"}},{"query":{"id":[{"timestamp_usec":"1391233266137951"}],"query_text":"(Current Location) -> 520 Williamson St, Whiteland, IN 46184"}},{"query":{"id":[{"timestamp_usec":"1391233264585834"}],"query_text":"520 Williamson St, Whiteland, IN"}},{"query":{"id":[{"timestamp_usec":"1391232244904222"},{"timestamp_usec":"1391232792832963"},{"timestamp_usec":"1391232812712856"},{"timestamp_usec":"1391232828295997"},{"timestamp_usec":"1391232836478277"}],"query_text":"(Current Location) -> 520 Williamson Street, Whiteland, IN"}},{"query":{"id":[{"timestamp_usec":"1391232239805269"}],"query_text":"(Current Location) -> 520 Williamson St, Whiteland, IN 46184"}},{"query":{"id":[{"timestamp_usec":"1391232236715195"}],"query_text":"520 Williamson St, Whiteland, IN"}},{"query":{"id":[{"timestamp_usec":"1391228157517487"},{"timestamp_usec":"1391228522721534"},{"timestamp_usec":"1391228533454000"},{"timestamp_usec":"1391228790991607"}],"query_text":"(Current Location) -> 401 Hugo St, Indianapolis, IN 46229"}},{"query":{"id":[{"timestamp_usec":"1391228154234616"}],"query_text":"401 Hugo St, Indianapolis, IN"}},{"query":{"id":[{"timestamp_usec":"1391220689978358"}],"query_text":"(Current Location) -> 401 Hugo St, Indianapolis, IN 46229"}},{"query":{"id":[{"timestamp_usec":"1391184896277921"},{"timestamp_usec":"1391185473484892"},{"timestamp_usec":"1391185477476103"}],"query_text":"porn"}},{"query":{"id":[{"timestamp_usec":"1391124883397133"}],"query_text":"sr9"}},{"query":{"id":[{"timestamp_usec":"1391097639253971"}],"query_text":"my location"}},{"query":{"id":[{"timestamp_usec":"1391095852157368"},{"timestamp_usec":"1391095869105488"},{"timestamp_usec":"1391095869630734"},{"timestamp_usec":"1391096288810590"}],"query_text":"(Current Location) -> 520 Williamson St, Whiteland, IN 46184"}},{"query":{"id":[{"timestamp_usec":"1390666963736115"}],"query_text":"(Current Location) -> 224 W Wiley St, Greenwood, IN 46142"}},{"query":{"id":[{"timestamp_usec":"1390666962127474"}],"query_text":"224 W Wiley St, Greenwood, IN"}},{"query":{"id":[{"timestamp_usec":"1390666212988517"},{"timestamp_usec":"1390666252584681"},{"timestamp_usec":"1390666257388650"},{"timestamp_usec":"1390666326508950"},{"timestamp_usec":"1390666332556468"}],"query_text":"224 west willey street greenwood"}},{"query":{"id":[{"timestamp_usec":"1390616723087231"}],"query_text":"(Current Location) -> 5805 E Cr 350 S, Franklin, IN 46131"}},{"query":{"id":[{"timestamp_usec":"1390614660568993"}],"query_text":"Beat the gas station on 37 and 144 in Greenwood Indiana"}},{"query":{"id":[{"timestamp_usec":"1390614311091087"},{"timestamp_usec":"1390614510205283"}],"query_text":"(Current Location) -> Flying J Travel Plaza, 65 Whiteland Rd, Whiteland, IN 46184"}},{"query":{"id":[{"timestamp_usec":"1390614309134223"}],"query_text":"gas stations"}},{"query":{"id":[{"timestamp_usec":"1390607047899301"}],"query_text":"pork chop recipies"}},{"query":{"id":[{"timestamp_usec":"1390500001779279"},{"timestamp_usec":"1390500739841856"},{"timestamp_usec":"1390500759444745"},{"timestamp_usec":"1390500769622714"},{"timestamp_usec":"1390500837563659"},{"timestamp_usec":"1390501362508874"},{"timestamp_usec":"1390501385702019"}],"query_text":"(Current Location) -> 6154 E 300 N, Franklin, IN 46131"}},{"query":{"id":[{"timestamp_usec":"1390499991549988"}],"query_text":"6154 east 300 north franklin indiana 46131"}},{"query":{"id":[{"timestamp_usec":"1390494853667396"}],"query_text":"t mobile"}},{"query":{"id":[{"timestamp_usec":"1390434555235561"}],"query_text":"fafsa"}},{"query":{"id":[{"timestamp_usec":"1390434550511464"}],"query_text":"fast and furious 7"}},{"query":{"id":[{"timestamp_usec":"1390434529365947"}],"query_text":"ipl"}},{"query":{"id":[{"timestamp_usec":"1390426713063079"}],"query_text":"itunes"}},{"query":{"id":[{"timestamp_usec":"1390426413893519"}],"query_text":"ipl"}},{"query":{"id":[{"timestamp_usec":"1390413975394957"}],"query_text":"whats the best thing to use to get window tint glue off my window"}},{"query":{"id":[{"timestamp_usec":"1390396296655926"},{"timestamp_usec":"1390396301512541"},{"timestamp_usec":"1390396304097048"},{"timestamp_usec":"1390396310812525"}],"query_text":"images"}},{"query":{"id":[{"timestamp_usec":"1390394389562813"}],"query_text":"fox 59 indianapolis weather"}},{"query":{"id":[{"timestamp_usec":"1390319528238204"}],"query_text":"(Current Location) -> Bargersville Utilities Office, 24 N Main St, Bargersville, IN 46106"}},{"query":{"id":[{"timestamp_usec":"1390319513027838"}],"query_text":"Bargersville Utilities Office, North Main Street, Bargersville, IN"}},{"query":{"id":[{"timestamp_usec":"1390317381728959"}],"query_text":"(Current Location) -> Westlake Apartments, 6000 W Lake N Dr, Indianapolis, IN 46224"}},{"query":{"id":[{"timestamp_usec":"1390317366659295"}],"query_text":"west lake apartmenys indianapolis indiana 46224"}},{"query":{"id":[{"timestamp_usec":"1390316732270495"},{"timestamp_usec":"1390316759958977"},{"timestamp_usec":"1390316805529247"}],"query_text":"tmobile mytouch 2"}},{"query":{"id":[{"timestamp_usec":"1390312260071812"}],"query_text":"fox 59 indianapolis weather"}},{"query":{"id":[{"timestamp_usec":"1390309561700422"}],"query_text":"fox 59 indianapolis weather"}},{"query":{"id":[{"timestamp_usec":"1390308400320057"}],"query_text":"school delays fox 59"}},{"query":{"id":[{"timestamp_usec":"1390271560833653"}],"query_text":"lg optimus l9 case"}},{"query":{"id":[{"timestamp_usec":"1390263088551195"}],"query_text":"lg optimus l9 case"}},{"query":{"id":[{"timestamp_usec":"1390263052850684"}],"query_text":"lg optimus l9"}},{"query":{"id":[{"timestamp_usec":"1390237740064616"}],"query_text":"ups phone number"}},{"query":{"id":[{"timestamp_usec":"1390192881346896"}],"query_text":"optimus l9 case"}},{"query":{"id":[{"timestamp_usec":"1390190506933099"}],"query_text":"phillips 66 gas station"}},{"query":{"id":[{"timestamp_usec":"1390189607503421"}],"query_text":"phillips 66 on keystone and english ave in indy indiana"}},{"query":{"id":[{"timestamp_usec":"1390180814116320"}],"query_text":"keystone ave and english ave indy indiana"}},{"query":{"id":[{"timestamp_usec":"1390180754360458"}],"query_text":"keystone and english road indy indiana"}},{"query":{"id":[{"timestamp_usec":"1389470152985588"}],"query_text":"what to make for dinner"}},{"query":{"id":[{"timestamp_usec":"1389464223297544"}],"query_text":"dentist in franklin indiana"}},{"query":{"id":[{"timestamp_usec":"1389455949011295"}],"query_text":"dentist in franklin indiana"}},{"query":{"id":[{"timestamp_usec":"1389366258041322"}],"query_text":"public defenders in franklin indiana"}},{"query":{"id":[{"timestamp_usec":"1389366204251749"},{"timestamp_usec":"1389366216928632"},{"timestamp_usec":"1389366238008343"},{"timestamp_usec":"1389366239618489"},{"timestamp_usec":"1389366240398197"},{"timestamp_usec":"1389366240438839"},{"timestamp_usec":"1389366241328154"},{"timestamp_usec":"1389366241529423"},{"timestamp_usec":"1389366241628774"}],"query_text":"m1a3 abrams"}},{"query":{"id":[{"timestamp_usec":"1389353639224562"}],"query_text":"school delays and closing for johnson county indiana"}},{"query":{"id":[{"timestamp_usec":"1389353593153758"}],"query_text":"school delays fox 59"}},{"query":{"id":[{"timestamp_usec":"1389353559464405"}],"query_text":"school delays and closing for johnson county indiana"}},{"query":{"id":[{"timestamp_usec":"1389350742258444"}],"query_text":"school delays and closing for johnson county indiana"}},{"query":{"id":[{"timestamp_usec":"1389341939455055"}],"query_text":"m1a3 abrams"}},{"query":{"id":[{"timestamp_usec":"1389341913592985"},{"timestamp_usec":"1389341915705814"}],"query_text":"rafale"}},{"query":{"id":[{"timestamp_usec":"1389341602652659"}],"query_text":"mig 21"}},{"query":{"id":[{"timestamp_usec":"1389341522389483"}],"query_text":"rafale"}},{"query":{"id":[{"timestamp_usec":"1389296054379553"}],"query_text":"fazolies"}},{"query":{"id":[{"timestamp_usec":"1389286962112927"}],"query_text":"lawyers in franklin indiana"}},{"query":{"id":[{"timestamp_usec":"1389285436511105"},{"timestamp_usec":"1389285439188882"},{"timestamp_usec":"1389285439328763"},{"timestamp_usec":"1389285439349852"},{"timestamp_usec":"1389285439469364"},{"timestamp_usec":"1389285439538825"},{"timestamp_usec":"1389285441618083"},{"timestamp_usec":"1389285441848758"},{"timestamp_usec":"1389285441858888"},{"timestamp_usec":"1389285441868589"},{"timestamp_usec":"1389285441898616"},{"timestamp_usec":"1389285444048593"},{"timestamp_usec":"1389285445038817"}],"query_text":"porn"}},{"query":{"id":[{"timestamp_usec":"1389285399804496"},{"timestamp_usec":"1389285402991091"},{"timestamp_usec":"1389285436481957"}],"query_text":"daily journal in franklin indiana"}},{"query":{"id":[{"timestamp_usec":"1389285330390436"},{"timestamp_usec":"1389285336211036"},{"timestamp_usec":"1389285338151143"},{"timestamp_usec":"1389285338949957"},{"timestamp_usec":"1389285340660162"},{"timestamp_usec":"1389285341230895"},{"timestamp_usec":"1389285341891358"},{"timestamp_usec":"1389285342220937"},{"timestamp_usec":"1389285346640662"},{"timestamp_usec":"1389285353100913"},{"timestamp_usec":"1389285359651107"},{"timestamp_usec":"1389285366150557"},{"timestamp_usec":"1389285370121750"},{"timestamp_usec":"1389285373362188"},{"timestamp_usec":"1389285379861732"}],"query_text":"porn"}},{"query":{"id":[{"timestamp_usec":"1389285254982698"}],"query_text":"daily journal in franklin indiana"}},{"query":{"id":[{"timestamp_usec":"1389278419055998"}],"query_text":"daily journal in franklin indiana"}},{"query":{"id":[{"timestamp_usec":"1389275949980418"}],"query_text":"daily journal in franklin indiana"}},{"query":{"id":[{"timestamp_usec":"1389275928520758"}],"query_text":"jobs in whiteland indiana"}},{"query":{"id":[{"timestamp_usec":"1389225820518624"}],"query_text":"480 E South St, Franklin, IN"}},{"query":{"id":[{"timestamp_usec":"1389225777520635"}],"query_text":"Main Source Bank, Banta Street, Franklin, IN"}},{"query":{"id":[{"timestamp_usec":"1389209480423692"}],"query_text":"jobs in whiteland indiana"}},{"query":{"id":[{"timestamp_usec":"1389160239441212"}],"query_text":"new technology 2013"}},{"query":{"id":[{"timestamp_usec":"1389140623001156"}],"query_text":"there is a eye that appears by the battery symble atbthe top of my phone what does it mean"}},{"query":{"id":[{"timestamp_usec":"1389131675529411"}],"query_text":". craigslist"}},{"query":{"id":[{"timestamp_usec":"1389129451596235"}],"query_text":"can I take ciprofloxacin if I'm allergic to penicillin"}},{"query":{"id":[{"timestamp_usec":"1389116873142469"}],"query_text":"Whiteland Police Department"}},{"query":{"id":[{"timestamp_usec":"1389066397695995"}],"query_text":". craigslist"}},{"query":{"id":[{"timestamp_usec":"1389041790735205"}],"query_text":"is acetaminophen in vicodin"}},{"query":{"id":[{"timestamp_usec":"1389041689222180"}],"query_text":"what is acetaminophen"}},{"query":{"id":[{"timestamp_usec":"1389038342580824"}],"query_text":"check cashing place near franklin indiana"}},{"query":{"id":[{"timestamp_usec":"1389038313872714"}],"query_text":"check cashing place near me"}},{"query":{"id":[{"timestamp_usec":"1389038256781103"}],"query_text":"check cashing place near franklin indiana"}},{"query":{"id":[{"timestamp_usec":"1389038234892927"}],"query_text":"check cashing place near me"}},{"query":{"id":[{"timestamp_usec":"1389030401066245"}],"query_text":"chase bank in greenwood indiana"}},{"query":{"id":[{"timestamp_usec":"1389030306279461"}],"query_text":"chase bank in whiteland indiana"}},{"query":{"id":[{"timestamp_usec":"1389030026772998"}],"query_text":"chase bank in franklin indiana"}},{"query":{"id":[{"timestamp_usec":"1389030009291758"}],"query_text":"chase bank in greenwood indiana"}},{"query":{"id":[{"timestamp_usec":"1389029897110299"}],"query_text":"chase bank in franklin indiana"}},{"query":{"id":[{"timestamp_usec":"1389029098681062"}],"query_text":"(Current Location) -> Chase, 1280 N Emerson Ave, Greenwood, IN 46143"}},{"query":{"id":[{"timestamp_usec":"1389029096912829"}],"query_text":"chase bank in greenwood indiana"}},{"query":{"id":[{"timestamp_usec":"1389015515756351"},{"timestamp_usec":"1389015550346872"},{"timestamp_usec":"1389015552458967"},{"timestamp_usec":"1389015571412038"}],"query_text":"(Current Location) -> Chase Bank, 706 Broad Ripple Ave, Indianapolis, IN 46220"}},{"query":{"id":[{"timestamp_usec":"1389015511099361"}],"query_text":"chase bank near me"}},{"query":{"id":[{"timestamp_usec":"1389009600579518"}],"query_text":"what kind of memory card does my Nintendo 3ds States"}},{"query":{"id":[{"timestamp_usec":"1389009273951963"}],"query_text":"is the Indianapolis Indiana methadone clinic open today"}},{"query":{"id":[{"timestamp_usec":"1389009254230818"}],"query_text":"(Current Location) -> 480 Center St, Franklin, IN 46131"}},{"query":{"id":[{"timestamp_usec":"1388978550546376"}],"query_text":"why won't my Nintendo 3ds play my regular Nintendo DS games"}},{"query":{"id":[{"timestamp_usec":"1388978247350583"}],"query_text":"will the Nintendo DS 3d play the Nintendo DS regular games"}},{"query":{"id":[{"timestamp_usec":"1388965898409923"},{"timestamp_usec":"1388966104364975"},{"timestamp_usec":"1388966284249940"},{"timestamp_usec":"1388966392942582"},{"timestamp_usec":"1388966410481723"}],"query_text":"(Current Location) -> 25 Mooreland Dr, Whiteland, IN 46184"}},{"query":{"id":[{"timestamp_usec":"1388963364344356"},{"timestamp_usec":"1388963608002092"},{"timestamp_usec":"1388963614278142"},{"timestamp_usec":"1388963702612023"},{"timestamp_usec":"1388963724377598"}],"query_text":"(Current Location) -> 25 Mooreland Dr, Whiteland, IN 46184"}},{"query":{"id":[{"timestamp_usec":"1388963363508782"}],"query_text":"25 Mooreland Dr, Whiteland, IN"}},{"query":{"id":[{"timestamp_usec":"1388963135163461"},{"timestamp_usec":"1388963145510900"}],"query_text":"(Current Location) -> Masonic Lodge, 1620 N Lynhurst Dr, Indianapolis, IN 46224"}},{"query":{"id":[{"timestamp_usec":"1388963128277060"}],"query_text":"25 morman drive whiteland indiana"}},{"query":{"id":[{"timestamp_usec":"1388962467784839"}],"query_text":"fox 59 indianapolis weather"}},{"query":{"id":[{"timestamp_usec":"1388914547522254"}],"query_text":"fox 59 indianapolis weather"}},{"query":{"id":[{"timestamp_usec":"1388895117926763"}],"query_text":"how do i unlock my nintendo 3ds"}},{"query":{"id":[{"timestamp_usec":"1388886888354784"},{"timestamp_usec":"1388887487493516"},{"timestamp_usec":"1388888532514406"}],"query_text":"how do i unlock my nintendo 3ds"}},{"query":{"id":[{"timestamp_usec":"1388816712655005"}],"query_text":"haley joel osment"}},{"query":{"id":[{"timestamp_usec":"1388812040203985"}],"query_text":"how much does a nintendo 3ds cost"}},{"query":{"id":[{"timestamp_usec":"1388810271398176"},{"timestamp_usec":"1388810308333000"}],"query_text":"how do i unlock my nintendo 3ds"}},{"query":{"id":[{"timestamp_usec":"1388790067174266"}],"query_text":"nintendo 3ds"}},{"query":{"id":[{"timestamp_usec":"1388789181814702"}],"query_text":"family mobile"}},{"query":{"id":[{"timestamp_usec":"1388789025458805"}],"query_text":"family mobile phones"}},{"query":{"id":[{"timestamp_usec":"1388781904166473"}],"query_text":"easy chicken casserole"}},{"query":{"id":[{"timestamp_usec":"1388766892693212"}],"query_text":"animal hospital in greenwood indiana"}},{"query":{"id":[{"timestamp_usec":"1388615938542392"}],"query_text":"(Current Location) -> 6000 Corporate Way, Indianapolis, IN 46278"}},{"query":{"id":[{"timestamp_usec":"1388615937721475"}],"query_text":"6000 Corporate Way, Indianapolis, IN"}},{"query":{"id":[{"timestamp_usec":"1388611778578647"}],"query_text":"pork loin"}},{"query":{"id":[{"timestamp_usec":"1388609371135026"}],"query_text":"heater core removal on 1987 cutlass supreme"}},{"query":{"id":[{"timestamp_usec":"1388609027243532"}],"query_text":"where's the hearter core In a 1987 cutlas suspreme"}},{"query":{"id":[{"timestamp_usec":"1388608608879783"}],"query_text":"(Current Location) -> Lawrence, IN"}},{"query":{"id":[{"timestamp_usec":"1388608607880923"}],"query_text":"Lawrence, IN"}},{"query":{"id":[{"timestamp_usec":"1388606171355081"}],"query_text":"what is making my 1997 Camaro z28 not start in the security light coming on"}},{"query":{"id":[{"timestamp_usec":"1388603027791525"}],"query_text":"porl loin"}},{"query":{"id":[{"timestamp_usec":"1388555393360780"}],"query_text":"how do I text a message in onymous Lee"}},{"query":{"id":[{"timestamp_usec":"1388542824773213"}],"query_text":"family video in greenwood indiana"}},{"query":{"id":[{"timestamp_usec":"1388541397494850"}],"query_text":"(Current Location) -> Video Game Exchange, 626 W Center St, Greenwood, AR 72936"}},{"query":{"id":[{"timestamp_usec":"1388541377248309"}],"query_text":"video exchange in greenwood in"}},{"query":{"id":[{"timestamp_usec":"1388540993351814"},{"timestamp_usec":"1388541020162724"}],"query_text":"(Current Location) -> 1000 N Madison Ave, Greenwood, IN 46142"}},{"query":{"id":[{"timestamp_usec":"1388540891912199"}],"query_text":"movie rentals in greenwood in"}},{"query":{"id":[{"timestamp_usec":"1388540451313760"}],"query_text":"(Current Location) -> Plato's Closet, 7775 U.S. Highway 31, Indianapolis, IN 46227"}},{"query":{"id":[{"timestamp_usec":"1388540445948778"}],"query_text":"Greenwood Goodwill Store, U.S. HIghway 31, Greenwood, IN"}}]}