{"event":[{"query":{"id":[{"timestamp_usec":"1404164905417252"}],"query_text":"waltnut grove camp ground in Indiana"}},{"query":{"id":[{"timestamp_usec":"1404157709393704"}],"query_text":"rv camp grounds that u can stay year around near franklin indiana"}},{"query":{"id":[{"timestamp_usec":"1404157600750359"}],"query_text":"camp grounds for rv near franklin indiana"}},{"query":{"id":[{"timestamp_usec":"1404139817897999"}],"query_text":"staffing agencies in franklin indiana"}},{"query":{"id":[{"timestamp_usec":"1404137695493083"}],"query_text":"accidents near edinburgh indiana on friday june 27th 2014"}},{"query":{"id":[{"timestamp_usec":"1404137175904732"},{"timestamp_usec":"1404137512052172"}],"query_text":"hit and run accidents near Amity indiana"}},{"query":{"id":[{"timestamp_usec":"1404136855402424"}],"query_text":"fox 59 news"}},{"query":{"id":[{"timestamp_usec":"1403995139922729"}],"query_text":"cheapest motels"}},{"query":{"id":[{"timestamp_usec":"1403995045175875"}],"query_text":"cheap motels near me"}},{"query":{"id":[{"timestamp_usec":"1403994558086472"}],"query_text":"cheap motels in.whiteland indiana"}},{"query":{"id":[{"timestamp_usec":"1403994466742598"}],"query_text":"cheap motels near me"}},{"query":{"id":[{"timestamp_usec":"1403993760757289"},{"timestamp_usec":"1403993931619135"}],"query_text":"super 8 motel in greenwood indiana"}},{"query":{"id":[{"timestamp_usec":"1403993329320666"}],"query_text":"motels in greenwood indiana"}},{"query":{"id":[{"timestamp_usec":"1403993085230949"}],"query_text":"hotels near me"}},{"query":{"id":[{"timestamp_usec":"1403941135819822"}],"query_text":">qOmjvclPuPHM21A2WGDV2w keeps getting texted to my phone what is it"}},{"query":{"id":[{"timestamp_usec":"1403941051347813"},{"timestamp_usec":"1403941079480727"}],"query_text":">qOmjvclPuPHM21A2WGDV2w"}},{"query":{"id":[{"timestamp_usec":"1403928636940270"}],"query_text":"fox 59 news"}},{"query":{"id":[{"timestamp_usec":"1403927401952902"}],"query_text":"motels near me"}},{"query":{"id":[{"timestamp_usec":"1403842560595182"},{"timestamp_usec":"1403842973215348"},{"timestamp_usec":"1403843284197446"}],"query_text":"porn"}},{"query":{"id":[{"timestamp_usec":"1403790017523714"}],"query_text":"pilot whiteland indiana"}},{"query":{"id":[{"timestamp_usec":"1403668955299272"},{"timestamp_usec":"1403669091611607"}],"query_text":"porn"}},{"query":{"id":[{"timestamp_usec":"1403582181697693"},{"timestamp_usec":"1403582344674949"}],"query_text":"porn"}},{"query":{"id":[{"timestamp_usec":"1403533190080185"}],"query_text":"porn"}},{"query":{"id":[{"timestamp_usec":"1403364700132468"}],"query_text":"pill idenifer"}},{"query":{"id":[{"timestamp_usec":"1403324441662844"},{"timestamp_usec":"1403325159681398"}],"query_text":"porn"}},{"query":{"id":[{"timestamp_usec":"1403187936703618"}],"query_text":"corporate store for steak n shake"}},{"query":{"id":[{"timestamp_usec":"1402987299847157"}],"query_text":"porn"}},{"query":{"id":[{"timestamp_usec":"1402987285889337"}],"query_text":"Pp"}},{"query":{"id":[{"timestamp_usec":"1402735467454326"},{"timestamp_usec":"1402735837139517"},{"timestamp_usec":"1402735952638739"},{"timestamp_usec":"1402736033636857"},{"timestamp_usec":"1402736295767298"},{"timestamp_usec":"1402736326206312"},{"timestamp_usec":"1402736531169992"}],"query_text":"porn"}},{"query":{"id":[{"timestamp_usec":"1402590363280097"}],"query_text":"power ball numbers for june 11 2014"}},{"query":{"id":[{"timestamp_usec":"1402590214279678"},{"timestamp_usec":"1402590218167734"}],"query_text":"hoosier lottery power ball"}},{"query":{"id":[{"timestamp_usec":"1402575922981868"}],"query_text":"gma"}},{"query":{"id":[{"timestamp_usec":"1402308680344307"}],"query_text":"porn"}},{"query":{"id":[{"timestamp_usec":"1402294841266715"},{"timestamp_usec":"1402295481249598"},{"timestamp_usec":"1402295675944373"},{"timestamp_usec":"1402295685584407"}],"query_text":"porn"}},{"query":{"id":[{"timestamp_usec":"1402209171689413"},{"timestamp_usec":"1402209194410075"},{"timestamp_usec":"1402209208729679"}],"query_text":"porn"}},{"query":{"id":[{"timestamp_usec":"1402208970197848"},{"timestamp_usec":"1402208994907736"}],"query_text":"pictures of porn"}},{"query":{"id":[{"timestamp_usec":"1402208104425788"},{"timestamp_usec":"1402208808587593"}],"query_text":"porn"}},{"query":{"id":[{"timestamp_usec":"1402205282466256"}],"query_text":"free wallpaper for a Tmobile mytouch"}},{"query":{"id":[{"timestamp_usec":"1402073416512670"},{"timestamp_usec":"1402073622797114"}],"query_text":"porn"}},{"query":{"id":[{"timestamp_usec":"1402068465270005"}],"query_text":"when is fathers day"}},{"query":{"id":[{"timestamp_usec":"1401934213698357"}],"query_text":"do you remember by"}},{"query":{"id":[{"timestamp_usec":"1401922206215829"},{"timestamp_usec":"1401922620993632"}],"query_text":"do you remember by"}},{"query":{"id":[{"timestamp_usec":"1401678713456239"},{"timestamp_usec":"1401678895298717"}],"query_text":"do africans americans have a muscle or bone in there body th as.,"}},{"query":{"id":[{"timestamp_usec":"1401444128024480"},{"timestamp_usec":"1401444148264992"},{"timestamp_usec":"1401444152660405"}],"query_text":"my web history"}},{"query":{"id":[{"timestamp_usec":"1401331429728351"}],"query_text":"the song I wont give up"}},{"query":{"id":[{"timestamp_usec":"1401081073439328"}],"query_text":"greens storage in franklin indiana"}},{"query":{"id":[{"timestamp_usec":"1400961658656955"}],"query_text":"how much is a $500 mexican coin worth in us dollars"}},{"query":{"id":[{"timestamp_usec":"1400591064127169"}],"query_text":"storage places  in franklin indiana"}},{"query":{"id":[{"timestamp_usec":"1400590913588142"}],"query_text":"greens storage in franklin indiana"}},{"query":{"id":[{"timestamp_usec":"1400419489215239"}],"query_text":"movies 8"}},{"query":{"id":[{"timestamp_usec":"1400399993650206"},{"timestamp_usec":"1400400001656298"},{"timestamp_usec":"1400400006106607"}],"query_text":"movies 8"}},{"query":{"id":[{"timestamp_usec":"1400375359843617"}],"query_text":"movies 8"}},{"query":{"id":[{"timestamp_usec":"1400341486003889"}],"query_text":"pill identifier"}},{"query":{"id":[{"timestamp_usec":"1400224260603057"},{"timestamp_usec":"1400224313843122"}],"query_text":"use my location"}},{"query":{"id":[{"timestamp_usec":"1400212400412408"}],"query_text":"gmail.com"}},{"query":{"id":[{"timestamp_usec":"1400211241984073"}],"query_text":"how do i unlock a htc inspire"}},{"query":{"id":[{"timestamp_usec":"1399992457036567"},{"timestamp_usec":"1399992524390797"},{"timestamp_usec":"1399992589135558"}],"query_text":"scosche"}},{"query":{"id":[{"timestamp_usec":"1399924068964270"}],"query_text":"money network card"}},{"query":{"id":[{"timestamp_usec":"1399923900628908"}],"query_text":"money network"}},{"query":{"id":[{"timestamp_usec":"1399859901489823"},{"timestamp_usec":"1399859911884467"}],"query_text":"Menards in Greenwood Indiana"}},{"query":{"id":[{"timestamp_usec":"1399848989814986"},{"timestamp_usec":"1399849177781132"},{"timestamp_usec":"1399849720899988"},{"timestamp_usec":"1399849851525177"}],"query_text":"menards in greenwood indiana"}},{"query":{"id":[{"timestamp_usec":"1399848900240272"},{"timestamp_usec":"1399849177806836"},{"timestamp_usec":"1399849202074280"}],"query_text":"Menards in Greenwood Indiana"}},{"query":{"id":[{"timestamp_usec":"1399833634973599"}],"query_text":"cobra microtalk two way radio"}},{"query":{"id":[{"timestamp_usec":"1399833276422125"}],"query_text":"(Current Location) -> 2368 N Spencer Ave, Indianapolis, IN 46218"}},{"query":{"id":[{"timestamp_usec":"1399833265106236"}],"query_text":"2368 North Spencer Avenue, Indianapolis, IN"}},{"query":{"id":[{"timestamp_usec":"1399833074459115"}],"query_text":"2368 N Spencer Ave, Indianapolis, IN 46218"}},{"query":{"id":[{"timestamp_usec":"1399833031720882"},{"timestamp_usec":"1399833055560983"}],"query_text":"culligan water"}},{"query":{"id":[{"timestamp_usec":"1399833002869819"}],"query_text":"cullligan water"}},{"query":{"id":[{"timestamp_usec":"1399821593311001"}],"query_text":"hardees in whiteland indiana"}},{"query":{"id":[{"timestamp_usec":"1399768908738182"},{"timestamp_usec":"1399769102364778"}],"query_text":"hardees in whiteland indiana"}},{"query":{"id":[{"timestamp_usec":"1399755668298690"}],"query_text":"at&t z998"}},{"query":{"id":[{"timestamp_usec":"1399723642798305"}],"query_text":"free sex sites I can sign up throug my email"}},{"query":{"id":[{"timestamp_usec":"1399723197857505"}],"query_text":"free sex sites I can sign up through my email"}},{"query":{"id":[{"timestamp_usec":"1399723185736941"}],"query_text":"free sex sites I can sign up throug my email"}},{"query":{"id":[{"timestamp_usec":"1399722452743119"}],"query_text":"date site for free"}},{"query":{"id":[{"timestamp_usec":"1399719536649520"},{"timestamp_usec":"1399720034970571"},{"timestamp_usec":"1399721055197157"},{"timestamp_usec":"1399721230171862"}],"query_text":"porn"}},{"query":{"id":[{"timestamp_usec":"1399693771820279"}],"query_text":"hardees in whiteland indiana"}},{"query":{"id":[{"timestamp_usec":"1399688386588592"}],"query_text":"(Current Location) -> Caterpillar Reman, 751 International Dr, Franklin, IN 46131"}},{"query":{"id":[{"timestamp_usec":"1399688365717331"}],"query_text":"198 Robinson st franklin in"}},{"query":{"id":[{"timestamp_usec":"1399683133441582"}],"query_text":"how do i beat that bane on batman arkham asylum video game on xbox 360"}},{"query":{"id":[{"timestamp_usec":"1399679801406248"}],"query_text":"how do I beat that Bane on Batman Arkham Asylum video game on xbox 360"}},{"query":{"id":[{"timestamp_usec":"1399615114595509"},{"timestamp_usec":"1399615146557502"},{"timestamp_usec":"1399615146958104"},{"timestamp_usec":"1399615761747583"}],"query_text":"napa in franklin in"}},{"query":{"id":[{"timestamp_usec":"1399486520231622"},{"timestamp_usec":"1399486586005742"}],"query_text":"krutz in columbus in"}},{"query":{"id":[{"timestamp_usec":"1399063200615810"}],"query_text":"(Current Location) -> 480 Center St, Franklin, IN 46131"}},{"query":{"id":[{"timestamp_usec":"1399063193454068"}],"query_text":"480 Center St, Franklin, IN"}},{"query":{"id":[{"timestamp_usec":"1399062500469590"}],"query_text":"(Current Location) -> 2961 E Dearborn St, Indianapolis, IN 46218"}},{"query":{"id":[{"timestamp_usec":"1399060311857265"}],"query_text":"(Current Location) -> 2961 E Dearborn St, Indianapolis, IN 46218"}},{"query":{"id":[{"timestamp_usec":"1399049297749736"}],"query_text":"krutz in columbus in"}},{"query":{"id":[{"timestamp_usec":"1398953678554610"}],"query_text":"daily journal in franklin indiana"}},{"query":{"id":[{"timestamp_usec":"1398950522092222"},{"timestamp_usec":"1398950739470977"}],"query_text":"quick pick ticket numbers"}},{"query":{"id":[{"timestamp_usec":"1398881077853524"}],"query_text":"(Current Location) -> 480 Center St, Franklin, IN 46131"}},{"query":{"id":[{"timestamp_usec":"1398881072380728"}],"query_text":"480 Center St, Franklin, IN"}},{"query":{"id":[{"timestamp_usec":"1398878522428351"},{"timestamp_usec":"1398878534484946"},{"timestamp_usec":"1398878534770630"}],"query_text":"(Current Location) -> Pendleton Pike, Indianapolis, IN"}},{"query":{"id":[{"timestamp_usec":"1398878327158003"}],"query_text":"Pendleton Pike, Indianapolis, IN"}},{"query":{"id":[{"timestamp_usec":"1398874294970422"}],"query_text":"AT&T in Greenwood Indiana"}},{"query":{"id":[{"timestamp_usec":"1398830131301448"}],"query_text":"AT&T in Greenwood Indiana"}},{"query":{"id":[{"timestamp_usec":"1398826954459366"}],"query_text":"AT&T in Greenwood Indiana"}},{"query":{"id":[{"timestamp_usec":"1398795668017871"},{"timestamp_usec":"1398795684903263"},{"timestamp_usec":"1398795685131629"},{"timestamp_usec":"1398795694598015"},{"timestamp_usec":"1398795804238776"},{"timestamp_usec":"1398796105193246"},{"timestamp_usec":"1398796106105639"},{"timestamp_usec":"1398796417980145"},{"timestamp_usec":"1398796618854558"},{"timestamp_usec":"1398796619546321"}],"query_text":"(Current Location) -> 916 Texarkana Dr, Indianapolis, IN 46231"}},{"query":{"id":[{"timestamp_usec":"1398795666501546"}],"query_text":"916 Texarkana Dr, Indianapolis, IN"}},{"query":{"id":[{"timestamp_usec":"1398712735027354"}],"query_text":"(Current Location) -> 1129 E 16th St, Indianapolis, IN 46202"}},{"query":{"id":[{"timestamp_usec":"1398712200501658"}],"query_text":"401 Hugo St, Indianapolis, IN"}},{"query":{"id":[{"timestamp_usec":"1398712127473736"}],"query_text":"104 Neal Ave, Indianapolis, IN"}},{"query":{"id":[{"timestamp_usec":"1398712063621144"}],"query_text":"Oliver Ave, Indianapolis, IN"}},{"query":{"id":[{"timestamp_usec":"1398711890117109"}],"query_text":"3286 Wellington Ave, Indianapolis, IN"}},{"query":{"id":[{"timestamp_usec":"1398692865459399"}],"query_text":"(Current Location) -> 916 Texarkana Drive, Indianapolis, IN"}},{"query":{"id":[{"timestamp_usec":"1398691664406197"},{"timestamp_usec":"1398691787088849"},{"timestamp_usec":"1398691787273563"},{"timestamp_usec":"1398691909585185"},{"timestamp_usec":"1398692070867095"},{"timestamp_usec":"1398692086310432"},{"timestamp_usec":"1398692710564413"}],"query_text":"(Current Location) -> 916 Texarkana Dr, Indianapolis, IN 46231"}},{"query":{"id":[{"timestamp_usec":"1398691663294834"}],"query_text":"916 Texarkana Dr, Indianapolis, IN"}},{"query":{"id":[{"timestamp_usec":"1398689841889511"},{"timestamp_usec":"1398690184416106"}],"query_text":"(Current Location) -> 6692 Washington St, Indianapolis, IN 46241"}},{"query":{"id":[{"timestamp_usec":"1398689840671112"}],"query_text":"6692 Washington St, Indianapolis, IN"}},{"query":{"id":[{"timestamp_usec":"1398684482946313"},{"timestamp_usec":"1398684626695879"},{"timestamp_usec":"1398686111389008"}],"query_text":"(Current Location) -> 6692 Washington St, Indianapolis, IN 46241"}},{"query":{"id":[{"timestamp_usec":"1398684481584463"}],"query_text":"6692 Washington St, Indianapolis, IN"}},{"query":{"id":[{"timestamp_usec":"1398683025607919"}],"query_text":"(Current Location) -> 6692 Washington St, Indianapolis, IN 46241"}},{"query":{"id":[{"timestamp_usec":"1398683023978218"}],"query_text":"6692 Washington St, Indianapolis, IN"}},{"query":{"id":[{"timestamp_usec":"1398681384040541"}],"query_text":"(Current Location) -> 2525 E 46th St, Indianapolis, IN 46205"}},{"query":{"id":[{"timestamp_usec":"1398681382613242"}],"query_text":"2525 E 46th St, Indianapolis, IN"}},{"query":{"id":[{"timestamp_usec":"1398680581671970"}],"query_text":"(Current Location) -> 6692 Washington St, Indianapolis, IN 46241"}},{"query":{"id":[{"timestamp_usec":"1398680580522556"}],"query_text":"6692 W Washington St, Indianapolis, IN"}},{"query":{"id":[{"timestamp_usec":"1398606576027707"},{"timestamp_usec":"1398606717534349"}],"query_text":"AT&T in Greenwood Indiana"}},{"query":{"id":[{"timestamp_usec":"1398606476597903"},{"timestamp_usec":"1398606567346392"}],"query_text":"AT&T in Franklin Indiana"}},{"query":{"id":[{"timestamp_usec":"1398605479606244"}],"query_text":"at&amp;t store in greenwood indiana"}},{"query":{"id":[{"timestamp_usec":"1398604790303448"}],"query_text":"unlock.com free"}},{"query":{"id":[{"timestamp_usec":"1398562797014141"}],"query_text":"ebay classifieds"}},{"query":{"id":[{"timestamp_usec":"1398552111734582"}],"query_text":"wagner power painter max paint sprayer"}},{"query":{"id":[{"timestamp_usec":"1398550836291669"}],"query_text":"xbox 360 hard drive"}},{"query":{"id":[{"timestamp_usec":"1398548357059214"}],"query_text":"(Current Location) -> 1759 Elijah Blue Dr, Greenwood, IN 46143"}},{"query":{"id":[{"timestamp_usec":"1398548356123934"}],"query_text":"1759 Elijah Blue Drive, Greenwood, IN"}},{"query":{"id":[{"timestamp_usec":"1398530420554116"}],"query_text":"how do i replace the back of my iphone 4"}},{"query":{"id":[{"timestamp_usec":"1398429359068568"}],"query_text":"(Current Location) -> 916 Texarkana Dr, Indianapolis, IN 46231"}},{"query":{"id":[{"timestamp_usec":"1398429356370447"}],"query_text":"916 Texarkana Dr, Indianapolis, IN"}},{"query":{"id":[{"timestamp_usec":"1398427330167923"},{"timestamp_usec":"1398427358292720"}],"query_text":"(Current Location) -> 916 Texarkana Dr, Indianapolis, IN 46231"}},{"query":{"id":[{"timestamp_usec":"1398424983836859"},{"timestamp_usec":"1398425003995219"},{"timestamp_usec":"1398425004254710"},{"timestamp_usec":"1398425271312273"}],"query_text":"(Current Location) -> 916 Texarkana Dr, Indianapolis, IN 46231"}},{"query":{"id":[{"timestamp_usec":"1398424975842545"}],"query_text":"916 Texarkana Dr, Indianapolis, IN"}},{"query":{"id":[{"timestamp_usec":"1398422207718733"}],"query_text":"(Current Location) -> 2525 E 46th St, Indianapolis, IN 46205"}},{"query":{"id":[{"timestamp_usec":"1398422205787578"}],"query_text":"2525 E 46th St, Indianapolis, IN"}},{"query":{"id":[{"timestamp_usec":"1398411214324047"},{"timestamp_usec":"1398411285263524"}],"query_text":"dbds tzu"}},{"query":{"id":[{"timestamp_usec":"1398382564292415"}],"query_text":"lanzar max st 12"}},{"query":{"id":[{"timestamp_usec":"1398357376638627"},{"timestamp_usec":"1398357436519680"},{"timestamp_usec":"1398357438029650"}],"query_text":"(Current Location) -> 916 Texarkana Dr, Indianapolis, IN 46231"}},{"query":{"id":[{"timestamp_usec":"1398357372893188"}],"query_text":"916 Texarkana Dr, Indianapolis, IN"}},{"query":{"id":[{"timestamp_usec":"1398341737153161"}],"query_text":"(Current Location) -> 916 Texarkana Dr, Indianapolis, IN 46231"}},{"query":{"id":[{"timestamp_usec":"1398341734908940"}],"query_text":"916 Texarkana Dr, Indianapolis, IN"}},{"query":{"id":[{"timestamp_usec":"1398339344390228"},{"timestamp_usec":"1398339385883811"},{"timestamp_usec":"1398339386530748"},{"timestamp_usec":"1398339437451727"},{"timestamp_usec":"1398339441221572"},{"timestamp_usec":"1398339456418530"},{"timestamp_usec":"1398339538122780"},{"timestamp_usec":"1398339539496545"},{"timestamp_usec":"1398339723155259"},{"timestamp_usec":"1398339756318793"},{"timestamp_usec":"1398339771901744"},{"timestamp_usec":"1398339791314825"},{"timestamp_usec":"1398339806752632"},{"timestamp_usec":"1398339836800034"},{"timestamp_usec":"1398340846190795"},{"timestamp_usec":"1398340875909749"}],"query_text":"(Current Location) -> 916 Texarkana Dr, Indianapolis, IN 46231"}},{"query":{"id":[{"timestamp_usec":"1398339342001542"}],"query_text":"916 Texarkana Dr, Indianapolis, IN"}},{"query":{"id":[{"timestamp_usec":"1398335366261817"},{"timestamp_usec":"1398335527572934"}],"query_text":"(Current Location) -> 2525 E 46th St, Indianapolis, IN 46205"}},{"query":{"id":[{"timestamp_usec":"1398335364791729"}],"query_text":"2525 E 46th St, Indianapolis, IN"}},{"query":{"id":[{"timestamp_usec":"1398309452949695"}],"query_text":"(Current Location) -> 4 Patterson St, Greenwood, IN 46143"}},{"query":{"id":[{"timestamp_usec":"1398309448772839"}],"query_text":"4 Patterson St, Greenwood, IN"}},{"query":{"id":[{"timestamp_usec":"1398270694071507"},{"timestamp_usec":"1398272104671202"}],"query_text":"(Current Location) -> 916 Texarkana Dr, Indianapolis, IN 46231"}},{"query":{"id":[{"timestamp_usec":"1398270692898850"}],"query_text":"916 Texarkana Dr, Indianapolis, IN"}},{"query":{"id":[{"timestamp_usec":"1398269022127602"}],"query_text":"liquor stores in franklin indiana"}},{"query":{"id":[{"timestamp_usec":"1398217397932775"}],"query_text":"liquor stores in franklin indiana"}},{"query":{"id":[{"timestamp_usec":"1398208908582907"}],"query_text":"(Current Location) -> 520 Williamson St, Whiteland, IN 46184"}},{"query":{"id":[{"timestamp_usec":"1398208901681109"}],"query_text":"520 Williamson St, Whiteland, IN"}},{"query":{"id":[{"timestamp_usec":"1398195078425203"},{"timestamp_usec":"1398195078584121"},{"timestamp_usec":"1398195288259040"}],"query_text":"(Current Location) -> 916 Texarkana Dr, Indianapolis, IN 46231"}},{"query":{"id":[{"timestamp_usec":"1398193277663394"}],"query_text":"(Current Location) -> 916 Texarkana Dr, Indianapolis, IN 46231"}},{"query":{"id":[{"timestamp_usec":"1398193273873077"}],"query_text":"916 Texarkana Dr, Indianapolis, IN"}},{"query":{"id":[{"timestamp_usec":"1398192797982133"},{"timestamp_usec":"1398192876156494"},{"timestamp_usec":"1398193006755677"}],"query_text":"(Current Location) -> 916 Texarkana Dr, Indianapolis, IN 46231"}},{"query":{"id":[{"timestamp_usec":"1398192796492540"}],"query_text":"916 Texarkana Dr, Indianapolis, IN"}},{"query":{"id":[{"timestamp_usec":"1398087162183913"},{"timestamp_usec":"1398087268414632"},{"timestamp_usec":"1398087268549068"},{"timestamp_usec":"1398087271312971"}],"query_text":"(Current Location) -> 916 Texarkana Drive, Indianapolis, IN"}},{"query":{"id":[{"timestamp_usec":"1398087148787953"}],"query_text":"(Current Location) -> 916 Texarkana Dr, Indianapolis, IN 46231"}},{"query":{"id":[{"timestamp_usec":"1398087147391024"}],"query_text":"916 Texarkana Dr, Indianapolis, IN"}},{"query":{"id":[{"timestamp_usec":"1397915537250199"},{"timestamp_usec":"1397915954234414"},{"timestamp_usec":"1397916131180233"},{"timestamp_usec":"1397916137155928"}],"query_text":"(Current Location) -> 520 Williamson St, Whiteland, IN"}},{"query":{"id":[{"timestamp_usec":"1397914699966220"},{"timestamp_usec":"1397915390814289"},{"timestamp_usec":"1397915475726291"}],"query_text":"(Current Location) -> 520 Williamson St, Whiteland, IN 46184"}},{"query":{"id":[{"timestamp_usec":"1397914698217317"}],"query_text":"520 Williamson St, Whiteland, IN"}},{"query":{"id":[{"timestamp_usec":"1397831612720377"},{"timestamp_usec":"1397831652252612"},{"timestamp_usec":"1397831670366571"},{"timestamp_usec":"1397831721477015"},{"timestamp_usec":"1397831722693446"},{"timestamp_usec":"1397831739300016"},{"timestamp_usec":"1397831750430055"},{"timestamp_usec":"1397832871965920"},{"timestamp_usec":"1397832872239002"},{"timestamp_usec":"1397833214339207"}],"query_text":"(Current Location) -> 916 Texarkana Dr, Indianapolis, IN 46231"}},{"query":{"id":[{"timestamp_usec":"1397828586992996"},{"timestamp_usec":"1397828883425838"},{"timestamp_usec":"1397828884529355"},{"timestamp_usec":"1397829078076389"},{"timestamp_usec":"1397829094590667"},{"timestamp_usec":"1397829322892336"},{"timestamp_usec":"1397829371481037"}],"query_text":"(Current Location) -> 916 Texarkana Dr, Indianapolis, IN 46231"}},{"query":{"id":[{"timestamp_usec":"1397828586116078"}],"query_text":"916 Texarkana Dr, Avon Creek Estates, Indianapolis, IN"}},{"query":{"id":[{"timestamp_usec":"1397828204465561"}],"query_text":"916 Texarkana"}},{"query":{"id":[{"timestamp_usec":"1397828109019587"},{"timestamp_usec":"1397828192241041"}],"query_text":"916 Texarkana avenue Avon Indiana"}},{"query":{"id":[{"timestamp_usec":"1397826599576707"}],"query_text":"916 Texarkana street Avon Indiana"}},{"query":{"id":[{"timestamp_usec":"1397826566922892"}],"query_text":"916 Texarkana drive Avon Indiana"}},{"query":{"id":[{"timestamp_usec":"1397826531677908"}],"query_text":"916 Texarkana Avon Indiana"}},{"query":{"id":[{"timestamp_usec":"1397752371742548"}],"query_text":"Pharmacy"}},{"query":{"id":[{"timestamp_usec":"1397493528381927"},{"timestamp_usec":"1397494060365420"},{"timestamp_usec":"1397494318100622"},{"timestamp_usec":"1397494326024375"}],"query_text":"(Current Location) -> 1167 Oak Leaf Rd, Franklin, IN 46131"}},{"query":{"id":[{"timestamp_usec":"1397493526264073"}],"query_text":"1167 oakleaf rd franklin in 46131"}},{"query":{"id":[{"timestamp_usec":"1397489832453461"}],"query_text":"grand rental station in franklin in"}},{"query":{"id":[{"timestamp_usec":"1397310084796764"}],"query_text":"best buy in greenwood indiana phone number"}},{"query":{"id":[{"timestamp_usec":"1397297794938021"}],"query_text":"how much is a remington 870 express 20 gauge"}},{"query":{"id":[{"timestamp_usec":"1397263612761534"}],"query_text":"how much is a remington 870 express 20 gauge"}},{"query":{"id":[{"timestamp_usec":"1397252205027433"}],"query_text":"dicks sporting goods in greenwood in"}},{"query":{"id":[{"timestamp_usec":"1397248372792053"}],"query_text":"troybuilt parts"}},{"query":{"id":[{"timestamp_usec":"1397233271970467"}],"query_text":"troybuilt parts"}},{"query":{"id":[{"timestamp_usec":"1397225284216650"}],"query_text":"(Current Location) -> Oliver Ave, Indianapolis, IN"}},{"query":{"id":[{"timestamp_usec":"1397223540036797"}],"query_text":"pilot truck stop whiteland in"}},{"query":{"id":[{"timestamp_usec":"1397165216517357"}],"query_text":"quality lawn service in amity in"}},{"query":{"id":[{"timestamp_usec":"1397153224594699"}],"query_text":"(Current Location) -> 480 Center St, Franklin, IN 46131"}},{"query":{"id":[{"timestamp_usec":"1397153205233355"}],"query_text":"480 Center St, Franklin, IN"}},{"query":{"id":[{"timestamp_usec":"1397149536829695"},{"timestamp_usec":"1397151198712394"},{"timestamp_usec":"1397151437218941"},{"timestamp_usec":"1397153132302402"}],"query_text":"(Current Location) -> 444 Conduitt Dr, Mooresville, IN 46158"}},{"query":{"id":[{"timestamp_usec":"1397149521045202"}],"query_text":"444 Conduitt Dr, Mooresville, IN"}},{"query":{"id":[{"timestamp_usec":"1397146316943274"}],"query_text":"how much does a troy built 500 series power washer cost"}},{"query":{"id":[{"timestamp_usec":"1397145773276200"}],"query_text":"troy bilt pressure washer 500 series"}},{"query":{"id":[{"timestamp_usec":"1397145269921172"}],"query_text":"(Current Location) -> 444 Conduitt Dr, Mooresville, IN 46158"}},{"query":{"id":[{"timestamp_usec":"1397145268471644"}],"query_text":"444 Conduitt Drive, Mooresville, IN"}},{"query":{"id":[{"timestamp_usec":"1397097475304888"}],"query_text":"american forge and foundry"}},{"query":{"id":[{"timestamp_usec":"1397097324769702"}],"query_text":"ebay jack parts"}},{"query":{"id":[{"timestamp_usec":"1397097239342133"}],"query_text":"amazon hydraulic jack"}},{"query":{"id":[{"timestamp_usec":"1397044192478974"}],"query_text":"amazon local"}},{"query":{"id":[{"timestamp_usec":"1397009149295554"}],"query_text":"how do i fix my xbox 360 disc tray"}},{"query":{"id":[{"timestamp_usec":"1396928202429743"}],"query_text":"(Current Location) -> 520 Williamson St, Whiteland, IN 46184"}},{"query":{"id":[{"timestamp_usec":"1396928200688302"}],"query_text":"520 Williamson St, Whiteland, IN"}},{"query":{"id":[{"timestamp_usec":"1396926337785891"},{"timestamp_usec":"1396927042348491"},{"timestamp_usec":"1396927045585515"},{"timestamp_usec":"1396927056329050"}],"query_text":"(Current Location) -> 3286 Wellington Ave, Indianapolis, IN 46226"}},{"query":{"id":[{"timestamp_usec":"1396926335471286"}],"query_text":"3286 Wellington Ave, Indianapolis, IN"}},{"query":{"id":[{"timestamp_usec":"1396924540731379"}],"query_text":"(Current Location) -> 3286 Wellington Ave, Indianapolis, IN 46226"}},{"query":{"id":[{"timestamp_usec":"1396922526357782"}],"query_text":"htc sensation phone case amazon"}},{"query":{"id":[{"timestamp_usec":"1396922337589308"}],"query_text":"amazon local"}},{"query":{"id":[{"timestamp_usec":"1396850188198451"}],"query_text":"most advanced fighter jet"}},{"query":{"id":[{"timestamp_usec":"1396749743597147"}],"query_text":"hardees in whiteland indiana"}},{"query":{"id":[{"timestamp_usec":"1396745888635921"},{"timestamp_usec":"1396745909932045"}],"query_text":"r&h body shop franklin in"}},{"query":{"id":[{"timestamp_usec":"1396701680627927"},{"timestamp_usec":"1396701717537223"},{"timestamp_usec":"1396701721388306"},{"timestamp_usec":"1396701724784719"}],"query_text":"(Current Location) -> 4 Patterson St, Greenwood, IN 46143"}},{"query":{"id":[{"timestamp_usec":"1396701675174578"}],"query_text":"4 Patterson Street, Greenwood, IN"}},{"query":{"id":[{"timestamp_usec":"1396628579375419"}],"query_text":"car audio dealers in greenwood indiana"}},{"query":{"id":[{"timestamp_usec":"1396627598403479"}],"query_text":"marathon whiteland indiana"}},{"query":{"id":[{"timestamp_usec":"1396590045636376"}],"query_text":"how to fix xbox 360 broken disk tray"}},{"query":{"id":[{"timestamp_usec":"1396590023459617"}],"query_text":"how to fix a xbox 360 cd drive"}},{"query":{"id":[{"timestamp_usec":"1396540442562396"}],"query_text":"3827 S East St, Indianapolis, IN 46227 @39.709955,-86.148376"}},{"query":{"id":[{"timestamp_usec":"1396540379171477"}],"query_text":"480 Center St, Franklin, IN -> 5025 S Thompson Rd, Indianapolis, IN 46237 @39.694013,-86.083611"}},{"query":{"id":[{"timestamp_usec":"1396540276923141"},{"timestamp_usec":"1396540301128341"},{"timestamp_usec":"1396540306917173"},{"timestamp_usec":"1396540329426355"},{"timestamp_usec":"1396540337821507"}],"query_text":"5025 S Thompson Rd, Indianapolis, IN 46237 @39.694013,-86.083611"}}]}