{"event":[{"query":{"id":[{"timestamp_usec":"1451348566117381"}],"query_text":"anime porn"}},{"query":{"id":[{"timestamp_usec":"1451348565890681"}],"query_text":"how to take an iphone 4s apart"}},{"query":{"id":[{"timestamp_usec":"1451347965696517"},{"timestamp_usec":"1451347975581645"}],"query_text":"anime tranny masturbating"}},{"query":{"id":[{"timestamp_usec":"1451347950580962"}],"query_text":"anime tranny"}},{"query":{"id":[{"timestamp_usec":"1451347820031470"}],"query_text":"anime porn"}},{"query":{"id":[{"timestamp_usec":"1451346443847226"}],"query_text":"how to take an iphone 4s apart"}},{"query":{"id":[{"timestamp_usec":"1451336514001599"}],"query_text":"gemimi"}},{"query":{"id":[{"timestamp_usec":"1451283757208965"}],"query_text":"youtube"}},{"query":{"id":[{"timestamp_usec":"1451094978939640"}],"query_text":"(Current Location) -> 8021 Sara Ct, Indianapolis, IN 46217"}},{"query":{"id":[{"timestamp_usec":"1451094881738483"}],"query_text":"39.6491667,-86.1608333"}},{"query":{"id":[{"timestamp_usec":"1450285324546915"}],"query_text":"2962 E 500 N, Whiteland, IN 46184 -> 622 Wooddale Terrace, Greenwood, IN 46142"}},{"query":{"id":[{"timestamp_usec":"1450285173922379"}],"query_text":"google map"}},{"query":{"id":[{"timestamp_usec":"1450207962069546"},{"timestamp_usec":"1450209052633080"}],"query_text":"youtube"}},{"query":{"id":[{"timestamp_usec":"1450201077114051"}],"query_text":"youtube movies free download"}},{"query":{"id":[{"timestamp_usec":"1450201023349378"}],"query_text":"youtube movies"}},{"query":{"id":[{"timestamp_usec":"1450200965425239"}],"query_text":"youtube"}},{"query":{"id":[{"timestamp_usec":"1450119410218709"}],"query_text":"craigslist"}},{"query":{"id":[{"timestamp_usec":"1449775353759733"},{"timestamp_usec":"1449775401443209"}],"query_text":"520 Tracy Rd, New Whiteland, IN 46184 -> Menards"}},{"query":{"id":[{"timestamp_usec":"1449775342423381"}],"query_text":"Menards Greenwood, IN"}},{"query":{"id":[{"timestamp_usec":"1449775301372923"},{"timestamp_usec":"1449775330924251"}],"query_text":"520 Tracy Rd, New Whiteland, IN 46184 -> Old Emerson Ave, Indianapolis, IN 46237"}},{"query":{"id":[{"timestamp_usec":"1449775233058195"}],"query_text":"menards in greenwood indiana"}},{"query":{"id":[{"timestamp_usec":"1449691874319294"}],"query_text":"youtube"}},{"query":{"id":[{"timestamp_usec":"1449685616955856"}],"query_text":"youtube"}},{"query":{"id":[{"timestamp_usec":"1449684156838031"}],"query_text":"movies8"}},{"query":{"id":[{"timestamp_usec":"1449627727681145"}],"query_text":"youtube"}},{"query":{"id":[{"timestamp_usec":"1449625127935348"}],"query_text":"123movies"}},{"query":{"id":[{"timestamp_usec":"1449624809954956"}],"query_text":"pinger"}},{"query":{"id":[{"timestamp_usec":"1449624796691327"}],"query_text":"po"}},{"query":{"id":[{"timestamp_usec":"1449352853742125"}],"query_text":"free text app"}},{"query":{"id":[{"timestamp_usec":"1449149844004768"},{"timestamp_usec":"1449150387034497"}],"query_text":"fireproof safe"}},{"query":{"id":[{"timestamp_usec":"1449142260252045"}],"query_text":"heat gun lowes"}},{"query":{"id":[{"timestamp_usec":"1449141873671329"}],"query_text":"heat gun walmart"}},{"query":{"id":[{"timestamp_usec":"1449088042936855"}],"query_text":"groege in movie saggy bottom"}},{"query":{"id":[{"timestamp_usec":"1448884976820295"}],"query_text":"t"}},{"query":{"id":[{"timestamp_usec":"1448685649796780"}],"query_text":"sudden sharp pain in the lower right of my back"}},{"query":{"id":[{"timestamp_usec":"1448685326406238"},{"timestamp_usec":"1448685334397265"}],"query_text":"sharp instant pain in right side middle of my pacm"}},{"query":{"id":[{"timestamp_usec":"1448684853769047"}],"query_text":"sharp instant pain in left side middle of my pacm"}},{"query":{"id":[{"timestamp_usec":"1448607008785133"}],"query_text":"eppucard"}},{"query":{"id":[{"timestamp_usec":"1448588169325185"}],"query_text":"eba"}},{"query":{"id":[{"timestamp_usec":"1448506376952390"}],"query_text":"eppucard"}},{"query":{"id":[{"timestamp_usec":"1448462073717785"}],"query_text":"johnson county jail"}},{"query":{"id":[{"timestamp_usec":"1448444441542888"},{"timestamp_usec":"1448444455610183"},{"timestamp_usec":"1448444693357128"},{"timestamp_usec":"1448444770866539"},{"timestamp_usec":"1448444819552465"}],"query_text":"porn"}},{"query":{"id":[{"timestamp_usec":"1448439794599435"}],"query_text":"http:/@/0x054F4867/tez.tez?KgoZHVdaETchd=pbmqWqmHSNxzo14fft4t00zia301cekw020jh0511zygvo0336"}},{"query":{"id":[{"timestamp_usec":"1448439554143321"},{"timestamp_usec":"1448439560382571"},{"timestamp_usec":"1448439578336594"}],"query_text":"http:/@/0xA290D6C6/tez.tez?fTXvFQavHSmUu=cPfaJoqudwMQZ13etx4l012do301cetq020ob0h1iy1s2f04ao"}},{"query":{"id":[{"timestamp_usec":"1448439524886311"}],"query_text":"http:/@/0x054F4867/tez.tez?geElJXjIbCiOc=sNuIVfTNilHql14fft4t00znen01c6yd020jq050pgzysq0336"}},{"query":{"id":[{"timestamp_usec":"1448439499707587"}],"query_text":"http:/@/0xA290D6C6/tez.tez?mpxVmNuIlNQFs=cqNERsNgGXFED13etx4l012d3001cfj8020oz0h0crnodg04ao"}},{"query":{"id":[{"timestamp_usec":"1448439475126514"}],"query_text":"http:/@/0xA290D6C6/tez.tez?fZxcnRoCgOUso=LrOokDCoopOlx23etx4l012d3001cfj8020oz0h0crnodg04ao"}},{"query":{"id":[{"timestamp_usec":"1448439464955191"}],"query_text":"http:/@/0xA290D6C6/tez.tez?mpxVmNuIlNQFs=cqNERsNgGXFED13etx4l012d3001cfj8020oz0h0crnodg04ao"}},{"query":{"id":[{"timestamp_usec":"1448439218500780"}],"query_text":"http:/@0xD1EF7004/P98.818?GEyoJRDfdnqxZ=ixkkLDeSwGXnB14fft4t00zsw301cbct020ol051ncyc7m0336"}},{"query":{"id":[{"timestamp_usec":"1448438866462879"},{"timestamp_usec":"1448439050361403"}],"query_text":"http:/@/0x054F4867/tez.tez?FVgeUdecSruAG=ewIPCTRAbeBia14fft4t00zq9601c6yd020jz050lrfq2v0336"}},{"query":{"id":[{"timestamp_usec":"1448413879389317"}],"query_text":"sensation cell phones"}},{"query":{"id":[{"timestamp_usec":"1448413153893414"},{"timestamp_usec":"1448413296591651"}],"query_text":"cragslist"}},{"query":{"id":[{"timestamp_usec":"1448379985895464"}],"query_text":"marcos pizza franklin indiana"}},{"query":{"id":[{"timestamp_usec":"1448373736442949"},{"timestamp_usec":"1448374986945237"},{"timestamp_usec":"1448375166136858"}],"query_text":"circuit court 2 franklin indiana"}},{"query":{"id":[{"timestamp_usec":"1448373083714126"}],"query_text":"failor to appear"}},{"query":{"id":[{"timestamp_usec":"1448324404167515"}],"query_text":"johnson county jail"}},{"query":{"id":[{"timestamp_usec":"1448324297694549"}],"query_text":"marian county indy jail"}},{"query":{"id":[{"timestamp_usec":"1447628308726058"}],"query_text":"3142 blue pill"}},{"query":{"id":[{"timestamp_usec":"1447610847298862"},{"timestamp_usec":"1447611019532298"}],"query_text":"ronda rousey vs holly holm full fight"}},{"query":{"id":[{"timestamp_usec":"1447610793422436"}],"query_text":"ronda rousey vs holly holm odds"}},{"query":{"id":[{"timestamp_usec":"1447607940227674"}],"query_text":"ronda rousey vs holly holm full fight"}},{"query":{"id":[{"timestamp_usec":"1447542558329015"},{"timestamp_usec":"1447542559569123"}],"query_text":"kfc near me"}},{"query":{"id":[{"timestamp_usec":"1447513528202496"}],"query_text":"longhorn steakhouse indiana"}},{"query":{"id":[{"timestamp_usec":"1447513510781438"}],"query_text":"longhorn steakhouse"}},{"query":{"id":[{"timestamp_usec":"1447160541560000"}],"query_text":"set alarm for 8:30 a.m. today"}},{"query":{"id":[{"timestamp_usec":"1447116200586000"}],"query_text":"phone Valicity at his house"}},{"query":{"id":[{"timestamp_usec":"1446938662891000"},{"timestamp_usec":"1446939098341188"},{"timestamp_usec":"1446939192450645"},{"timestamp_usec":"1446939223492727"},{"timestamp_usec":"1446939233895515"},{"timestamp_usec":"1446940525759414"}],"query_text":"free tv"}},{"query":{"id":[{"timestamp_usec":"1446938251060000"},{"timestamp_usec":"1446938254716000"}],"query_text":"free movies"}},{"query":{"id":[{"timestamp_usec":"1446938135496685"}],"query_text":"free tv"}},{"query":{"id":[{"timestamp_usec":"1446915495263214"},{"timestamp_usec":"1446915518158046"}],"query_text":"Walmart on Emerson Avenue"}},{"query":{"id":[{"timestamp_usec":"1446911328648890"}],"query_text":"use strict node"}},{"query":{"id":[{"timestamp_usec":"1446911276188290"}],"query_text":"\"use strict\""}},{"query":{"id":[{"timestamp_usec":"1446910058728185"},{"timestamp_usec":"1446910195214201"},{"timestamp_usec":"1446910358891240"},{"timestamp_usec":"1446910499093258"}],"query_text":"t"}},{"query":{"id":[{"timestamp_usec":"1446910022122120"}],"query_text":"th"}},{"query":{"id":[{"timestamp_usec":"1446862587371000"}],"query_text":"app killer"}},{"query":{"id":[{"timestamp_usec":"1446850711390115"}],"query_text":"incallui"}},{"query":{"id":[{"timestamp_usec":"1446847954758000"},{"timestamp_usec":"1446847958829000"},{"timestamp_usec":"1446848010485000"}],"query_text":"free movies"}},{"query":{"id":[{"timestamp_usec":"1446739877373217"}],"query_text":"email.wedge"}},{"query":{"id":[{"timestamp_usec":"1446739161926215"},{"timestamp_usec":"1446739793216834"}],"query_text":"(Current Location) -> 4630 S Emerson Ave, Indianapolis, IN 46203"}},{"query":{"id":[{"timestamp_usec":"1446729803383741"}],"query_text":"https://myaccount.google.com/preferences?utm_source=Android&utm_campaign=MobileSettings&pli=1#storage"}},{"query":{"id":[{"timestamp_usec":"1446723860070072"}],"query_text":"https://myaccount.google.com/preferences?utm_source=Android&utm_campaign=MobileSettings&pli=1#storage"}},{"query":{"id":[{"timestamp_usec":"1446715292720596"}],"query_text":"7:40 a.m."}},{"query":{"id":[{"timestamp_usec":"1446685603054865"}],"query_text":"apache connection reset"}},{"query":{"id":[{"timestamp_usec":"1446684592818057"}],"query_text":"git"}},{"query":{"id":[{"timestamp_usec":"1446671076681333"},{"timestamp_usec":"1446671080946047"}],"query_text":"apache connection reset"}},{"query":{"id":[{"timestamp_usec":"1446670851376310"}],"query_text":"child"}},{"query":{"id":[{"timestamp_usec":"1446619334483984"}],"query_text":"39.769660, -86.083470"}},{"query":{"id":[{"timestamp_usec":"1446614067462062"}],"query_text":"ci.."}},{"query":{"id":[{"timestamp_usec":"1446613901961500"}],"query_text":"a d"}},{"query":{"id":[{"timestamp_usec":"1446613650813470"},{"timestamp_usec":"1446613667597181"}],"query_text":"captive portal login android"}},{"query":{"id":[{"timestamp_usec":"1446611739803146"}],"query_text":"acsf assessment tools"}},{"query":{"id":[{"timestamp_usec":"1446611736555483"}],"query_text":"ascf"}},{"query":{"id":[{"timestamp_usec":"1446611673408800"}],"query_text":"http://m.yahoo.com/w/web/legal/LegalLinks.bp?.lang=en&.intl=US"}},{"query":{"id":[{"timestamp_usec":"1446604950298584"}],"query_text":"http://m.yahoo.com/w/web/legal/LegalLinks.bp?.lang=en&.intl=US"}},{"query":{"id":[{"timestamp_usec":"1446602473258148"}],"query_text":"dcim photos"}},{"query":{"id":[{"timestamp_usec":"1446601732593000"},{"timestamp_usec":"1446601735183303"}],"query_text":"dcim"}},{"query":{"id":[{"timestamp_usec":"1446601706091000"},{"timestamp_usec":"1446601711910104"}],"query_text":"what kind of charger does my fat Lash"}},{"query":{"id":[{"timestamp_usec":"1446600429304004"}],"query_text":"FatMax flashlight"}},{"query":{"id":[{"timestamp_usec":"1446600416484937"}],"query_text":"what kind of charger does my"}},{"query":{"id":[{"timestamp_usec":"1446600403572604"}],"query_text":"what kind of charger does my fat Lash"}},{"query":{"id":[{"timestamp_usec":"1446600202304679"}],"query_text":"Walmart on Emerson Avenue in Beech Grove"}},{"query":{"id":[{"timestamp_usec":"1446590640733956"},{"timestamp_usec":"1446590668858126"},{"timestamp_usec":"1446590925061131"}],"query_text":"Lowe's on Emerson Avenue"}},{"query":{"id":[{"timestamp_usec":"1446587943458701"}],"query_text":"acsf assessment tools"}},{"query":{"id":[{"timestamp_usec":"1446587919520831"}],"query_text":"ascf membership"}},{"query":{"id":[{"timestamp_usec":"1446587721231461"},{"timestamp_usec":"1446587839897689"}],"query_text":"ascf"}},{"query":{"id":[{"timestamp_usec":"1446576115350007"}],"query_text":"future military weapons"}},{"query":{"id":[{"timestamp_usec":"1446564452589000"},{"timestamp_usec":"1446564468477000"}],"query_text":"pub:APLIO Lab"}},{"query":{"id":[{"timestamp_usec":"1446556085825818"},{"timestamp_usec":"1446556127874641"}],"query_text":"com.rechild.advancedtaskkiller"}},{"query":{"id":[{"timestamp_usec":"1446555391590785"}],"query_text":"ERR-CACHE-MISS"}},{"query":{"id":[{"timestamp_usec":"1446517721541806"}],"query_text":"Slippery Noodle Inn, 372 S Meridian St, Indianapolis, IN 46225"}},{"query":{"id":[{"timestamp_usec":"1446517593839559"}],"query_text":"39.841256, -86.120681"}},{"query":{"id":[{"timestamp_usec":"1446517525526972"}],"query_text":"39.699916, -86.083515"}},{"query":{"id":[{"timestamp_usec":"1446459223631022"}],"query_text":"z"}},{"query":{"id":[{"timestamp_usec":"1446459104888520"}],"query_text":"v"}},{"query":{"id":[{"timestamp_usec":"1446459001524630"}],"query_text":"i"}},{"query":{"id":[{"timestamp_usec":"1446456735842965"}],"query_text":"ceuk archive"}},{"query":{"id":[{"timestamp_usec":"1446440042689207"},{"timestamp_usec":"1446440640783568"}],"query_text":"johnson county hospital"}},{"query":{"id":[{"timestamp_usec":"1446411745994699"}],"query_text":"Menards on Southport Road"}},{"query":{"id":[{"timestamp_usec":"1446406793015993"}],"query_text":"pictures and prices of sports power swing sets"}},{"query":{"id":[{"timestamp_usec":"1446406751919098"},{"timestamp_usec":"1446406763600875"},{"timestamp_usec":"1446406780238561"}],"query_text":"pictures and prices of"}},{"query":{"id":[{"timestamp_usec":"1446406721239067"}],"query_text":"pictures and prices of swing sets"}},{"query":{"id":[{"timestamp_usec":"1446367537803383"}],"query_text":"top news stories"}},{"query":{"id":[{"timestamp_usec":"1446359818721000"},{"timestamp_usec":"1446359865671758"}],"query_text":"speedway beechgrove in"}},{"query":{"id":[{"timestamp_usec":"1446359729478000"}],"query_text":"speedway"}},{"query":{"id":[{"timestamp_usec":"1446358758306226"},{"timestamp_usec":"1446359347725199"},{"timestamp_usec":"1446359370565709"},{"timestamp_usec":"1446359439697432"}],"query_text":"Speedway on Emerson Avenue in Beech Grove Indiana"}},{"query":{"id":[{"timestamp_usec":"1446358747008406"}],"query_text":"Speedway"}},{"query":{"id":[{"timestamp_usec":"1446358693382082"}],"query_text":"Speedway on Emerson Avenue in Beech Grove Indiana"}},{"query":{"id":[{"timestamp_usec":"1446358660549342"}],"query_text":"Pizza in Beech Grove Indiana"}},{"query":{"id":[{"timestamp_usec":"1446258406961000"}],"query_text":"pub:APLIO Lab"}},{"query":{"id":[{"timestamp_usec":"1446242161786159"}],"query_text":"facebook katana"}},{"query":{"id":[{"timestamp_usec":"1446239798890000"},{"timestamp_usec":"1446239827851697"},{"timestamp_usec":"1446240355955369"}],"query_text":"sec.brservice"}},{"query":{"id":[{"timestamp_usec":"1446239667361470"},{"timestamp_usec":"1446239692171553"}],"query_text":"tls 1.2."}},{"query":{"id":[{"timestamp_usec":"1446233867509000"},{"timestamp_usec":"1446234086366000"}],"query_text":"app killer"}},{"query":{"id":[{"timestamp_usec":"1446233218317000"}],"query_text":"imei checker"}},{"query":{"id":[{"timestamp_usec":"1446231830596000"},{"timestamp_usec":"1446231835505000"}],"query_text":"app killer"}},{"query":{"id":[{"timestamp_usec":"1446231033565002"}],"query_text":"network unlock"}},{"query":{"id":[{"timestamp_usec":"1446229903725000"},{"timestamp_usec":"1446229907731000"},{"timestamp_usec":"1446230381499000"}],"query_text":"imei checker"}},{"query":{"id":[{"timestamp_usec":"1446191093002000"}],"query_text":"fingerprint scanner"}},{"query":{"id":[{"timestamp_usec":"1446187510212481"}],"query_text":"rsa"}},{"query":{"id":[{"timestamp_usec":"1446187411089593"},{"timestamp_usec":"1446187473581765"}],"query_text":"tls 1.2."}},{"query":{"id":[{"timestamp_usec":"1446186872546462"}],"query_text":"256 bit encryption crack time"}},{"query":{"id":[{"timestamp_usec":"1446186770641256"}],"query_text":"256 bit"}},{"query":{"id":[{"timestamp_usec":"1446186611630408"},{"timestamp_usec":"1446186719432582"}],"query_text":"ecdhe encryption"}},{"query":{"id":[{"timestamp_usec":"1446184650220000"},{"timestamp_usec":"1446184659091000"}],"query_text":"fingerprint scanner"}},{"query":{"id":[{"timestamp_usec":"1446181530471291"}],"query_text":"Microsoft Xbox One"}},{"query":{"id":[{"timestamp_usec":"1446179562963970"}],"query_text":"unlock my at&t sim card"}},{"query":{"id":[{"timestamp_usec":"1446170923145656"},{"timestamp_usec":"1446170976315273"}],"query_text":"unlock my galaxy prime to work with my att sim.card"}},{"query":{"id":[{"timestamp_usec":"1446170876778281"}],"query_text":"youtube"}},{"query":{"id":[{"timestamp_usec":"1446170258310607"}],"query_text":"er05 invalid sim at&t"}},{"query":{"id":[{"timestamp_usec":"1446170156842904"}],"query_text":"er05 invalid sim metro pcs"}},{"query":{"id":[{"timestamp_usec":"1446170007434249"}],"query_text":"er05 invalid sim at&t"}},{"query":{"id":[{"timestamp_usec":"1446169453380917"}],"query_text":"youtube"}},{"query":{"id":[{"timestamp_usec":"1446169376678646"}],"query_text":"er05 invalid sim"}},{"query":{"id":[{"timestamp_usec":"1446169086793992"}],"query_text":"device unlock app"}},{"query":{"id":[{"timestamp_usec":"1446168283718203"}],"query_text":"network locked sim card"}},{"query":{"id":[{"timestamp_usec":"1446113071924491"}],"query_text":"galaxy s5 mini"}},{"query":{"id":[{"timestamp_usec":"1446085999200376"}],"query_text":"strings and cord for electric guitar near me"}},{"query":{"id":[{"timestamp_usec":"1446081019159404"}],"query_text":"(Current Location) -> 3737 Lima Ct, Indianapolis, IN 46227"}},{"query":{"id":[{"timestamp_usec":"1446081014359621"}],"query_text":"3737 Lima court greenwood"}},{"query":{"id":[{"timestamp_usec":"1446080495091937"}],"query_text":"(Current Location) -> Madison Ave & E Stop 11 Rd, Indianapolis, IN 46227"}},{"query":{"id":[{"timestamp_usec":"1446080492864902"}],"query_text":"stop 11 and Madison"}},{"query":{"id":[{"timestamp_usec":"1446054818835518"}],"query_text":"lawyer in franklin indiana"}},{"query":{"id":[{"timestamp_usec":"1446054685480842"}],"query_text":"Hass Vandiver and Norris in Franklin Indiana"}},{"query":{"id":[{"timestamp_usec":"1446054582669691"}],"query_text":"lawyer in Franklin indiana"}},{"query":{"id":[{"timestamp_usec":"1446054428659495"}],"query_text":"dan vanador lawyer in franklin indiana"}},{"query":{"id":[{"timestamp_usec":"1446045957598696"},{"timestamp_usec":"1446045970190203"},{"timestamp_usec":"1446046044885744"}],"query_text":"pictures of a multi-sport net"}},{"query":{"id":[{"timestamp_usec":"1446037577325307"}],"query_text":"indianapolis maintenance facility"}},{"query":{"id":[{"timestamp_usec":"1445966993549070"},{"timestamp_usec":"1445966993549394"},{"timestamp_usec":"1445967042766782"},{"timestamp_usec":"1445967123988015"}],"query_text":"(Current Location) -> 52 W King St, Franklin, IN 46131"}},{"query":{"id":[{"timestamp_usec":"1445966972686159"}],"query_text":"52 W King St, Franklin, IN 46131"}},{"query":{"id":[{"timestamp_usec":"1445966856380261"},{"timestamp_usec":"1445966868622597"}],"query_text":"0x86685f806192d2b3:0xaed15093890e908f 1"}},{"query":{"id":[{"timestamp_usec":"1445966267678962"}],"query_text":"IPS facility maintenance in Indianapolis Indiana"}},{"query":{"id":[{"timestamp_usec":"1445966239705622"}],"query_text":"Indianapolis maintenance facility"}},{"query":{"id":[{"timestamp_usec":"1445965792916860"}],"query_text":"IPS maintenance facility in Indianapolis Indiana"}},{"query":{"id":[{"timestamp_usec":"1445958910342308"}],"query_text":"electrolux vacuum cleaners"}},{"query":{"id":[{"timestamp_usec":"1445958874517447"},{"timestamp_usec":"1445958892293012"}],"query_text":"Electrolux vacuum cleaners"}},{"query":{"id":[{"timestamp_usec":"1445903608048886"}],"query_text":"wheel bearing replacement for 2002 chevy s10 4×4"}},{"query":{"id":[{"timestamp_usec":"1445903542306160"}],"query_text":"wheel bearing"}},{"query":{"id":[{"timestamp_usec":"1445903511292239"},{"timestamp_usec":"1445903518941372"}],"query_text":"wheel bearing replacement for 2002 Chevy S10 4 wheel drive"}},{"query":{"id":[{"timestamp_usec":"1445903498642653"}],"query_text":"wheel bearing replacement for Chevy s"}},{"query":{"id":[{"timestamp_usec":"1445900737311494"},{"timestamp_usec":"1445900990549384"}],"query_text":"Franklin High School"}},{"query":{"id":[{"timestamp_usec":"1445900049917124"}],"query_text":"what is the best app for the samsung galaxy s6 active"}},{"query":{"id":[{"timestamp_usec":"1445878115454000"},{"timestamp_usec":"1445878136075000"}],"query_text":"ifix it"}},{"query":{"id":[{"timestamp_usec":"1445878068476000"},{"timestamp_usec":"1445878079587000"}],"query_text":"fingerprint scanner"}},{"query":{"id":[{"timestamp_usec":"1445864262108000"},{"timestamp_usec":"1445864271641000"},{"timestamp_usec":"1445864317007000"}],"query_text":"fingerprint scanner"}},{"query":{"id":[{"timestamp_usec":"1445864200637854"},{"timestamp_usec":"1445864219519327"}],"query_text":"what is the best app for the Samsung Galaxy S6 active"}},{"query":{"id":[{"timestamp_usec":"1445863691503000"},{"timestamp_usec":"1445863702798001"}],"query_text":"app killer"}},{"query":{"id":[{"timestamp_usec":"1445858761449081"}],"query_text":"what is Pluto"}},{"query":{"id":[{"timestamp_usec":"1445858209868635"}],"query_text":"what is in the sky this morning"}},{"query":{"id":[{"timestamp_usec":"1445807104802377"}],"query_text":"maytag dryer belt"}},{"query":{"id":[{"timestamp_usec":"1445786878484019"}],"query_text":"Hollow Farm"}},{"query":{"id":[{"timestamp_usec":"1445786857252633"},{"timestamp_usec":"1445786872139141"}],"query_text":"where is Hollow Farm in Indianapolis Indiana"}},{"query":{"id":[{"timestamp_usec":"1445786836734748"},{"timestamp_usec":"1445786846398016"}],"query_text":"what is hollow"}},{"query":{"id":[{"timestamp_usec":"1445786816228261"}],"query_text":"what is Hollow Farm in Indianapolis Indiana"}},{"query":{"id":[{"timestamp_usec":"1445725752028058"}],"query_text":"(Current Location) -> Westfield, IN"}},{"query":{"id":[{"timestamp_usec":"1445725749994114"}],"query_text":"Westfield, IN"}},{"query":{"id":[{"timestamp_usec":"1445725596217555"}],"query_text":"serial killer killed him self in1996"}},{"query":{"id":[{"timestamp_usec":"1445725526771445"}],"query_text":"real haunted house north side indy"}},{"query":{"id":[{"timestamp_usec":"1445725470099026"}],"query_text":"haunted house north side indy"}},{"query":{"id":[{"timestamp_usec":"1445712033791331"}],"query_text":"you suck"}},{"query":{"id":[{"timestamp_usec":"1445712019321683"}],"query_text":"armageddon"}},{"query":{"id":[{"timestamp_usec":"1445711980037312"}],"query_text":"Armageddon"}},{"query":{"id":[{"timestamp_usec":"1445711939381074"},{"timestamp_usec":"1445711943920270"},{"timestamp_usec":"1445711950138382"},{"timestamp_usec":"1445711956070351"}],"query_text":"Army"}},{"query":{"id":[{"timestamp_usec":"1445711929982930"},{"timestamp_usec":"1445711936560680"}],"query_text":"Armageddon prophecies"}},{"query":{"id":[{"timestamp_usec":"1445711918716557"}],"query_text":"what does the Bible say about the end of time"}},{"query":{"id":[{"timestamp_usec":"1445709248529668"}],"query_text":"KFC near my location"}},{"query":{"id":[{"timestamp_usec":"1445709160022628"}],"query_text":"KFC in Greenwood Indiana"}},{"query":{"id":[{"timestamp_usec":"1445705899608737"}],"query_text":"KFC menu and deals"}},{"query":{"id":[{"timestamp_usec":"1445704457404125"}],"query_text":"Menards on Southport Road"}},{"query":{"id":[{"timestamp_usec":"1445700792367572"}],"query_text":"Home Depot on Southport Road"}},{"query":{"id":[{"timestamp_usec":"1445699663621228"}],"query_text":"what does the Bible say about the end of time"}},{"query":{"id":[{"timestamp_usec":"1445649308346990"}],"query_text":"(Current Location) -> Greenwood, IN"}},{"query":{"id":[{"timestamp_usec":"1445649015149453"}],"query_text":"Milo -> Greenwood, IN"}},{"query":{"id":[{"timestamp_usec":"1445648843252098"}],"query_text":"(Current Location) -> Greenwood, IN"}},{"query":{"id":[{"timestamp_usec":"1445648838964445"}],"query_text":"Greenwood Indiana"}},{"query":{"id":[{"timestamp_usec":"1445646245090393"},{"timestamp_usec":"1445646269576869"}],"query_text":"On the Border in Castleton Indiana"}},{"query":{"id":[{"timestamp_usec":"1445646193228380"}],"query_text":"on the border in the castelton square mall"}},{"query":{"id":[{"timestamp_usec":"1445646141898245"},{"timestamp_usec":"1445646150567654"}],"query_text":"On the Border in the Castleton Square Mall"}},{"query":{"id":[{"timestamp_usec":"1445646134568071"}],"query_text":"On the Border restaurant in Macau"}},{"query":{"id":[{"timestamp_usec":"1445646112660990"}],"query_text":"On the Border in the car"}},{"query":{"id":[{"timestamp_usec":"1445646106342491"}],"query_text":"On the Border in the cow"}},{"query":{"id":[{"timestamp_usec":"1445642102189440"},{"timestamp_usec":"1445642102190135"}],"query_text":"(Current Location) -> Castleton Square Mall, 6020 E 82nd St, Indianapolis, IN 46250, United States"}},{"query":{"id":[{"timestamp_usec":"1445642066817700"}],"query_text":"Castleton square mall"}},{"query":{"id":[{"timestamp_usec":"1445454957287455"}],"query_text":"lawyer in Franklin indiana"}},{"query":{"id":[{"timestamp_usec":"1445454915191005"}],"query_text":"dan vanador lawyer in Franklin indiana"}},{"query":{"id":[{"timestamp_usec":"1445454086705084"}],"query_text":"andrew eggers attorney Franklin indiana"}},{"query":{"id":[{"timestamp_usec":"1445454063060369"}],"query_text":"andrew egan attorney Franklin indiana"}},{"query":{"id":[{"timestamp_usec":"1445454003551520"}],"query_text":"andrew egan attorney"}},{"query":{"id":[{"timestamp_usec":"1445438777530000"},{"timestamp_usec":"1445438803606000"}],"query_text":"google play"}},{"query":{"id":[{"timestamp_usec":"1445438529542000"}],"query_text":"google play services"}},{"query":{"id":[{"timestamp_usec":"1445438072291241"}],"query_text":"wwon tech"}},{"query":{"id":[{"timestamp_usec":"1445393760688659"}],"query_text":"speedyrewards.com"}},{"query":{"id":[{"timestamp_usec":"1445389341942051"}],"query_text":"pictures of automotive creepers"}},{"query":{"id":[{"timestamp_usec":"1445389287780041"}],"query_text":"pictures of automotive"}},{"query":{"id":[{"timestamp_usec":"1445389268109735"}],"query_text":"pictures of"}},{"query":{"id":[{"timestamp_usec":"1445388940057508"},{"timestamp_usec":"1445388949182769"}],"query_text":"pictures of the M16 DeWalt nail gun"}},{"query":{"id":[{"timestamp_usec":"1445388931714156"}],"query_text":"pictures of the in"}},{"query":{"id":[{"timestamp_usec":"1445361890296086"}],"query_text":"2 wheels beachgrove"}},{"query":{"id":[{"timestamp_usec":"1445352540906698"},{"timestamp_usec":"1445352550761889"},{"timestamp_usec":"1445352572175630"}],"query_text":"if mice"}},{"query":{"id":[{"timestamp_usec":"1445352515947553"}],"query_text":"if my"}},{"query":{"id":[{"timestamp_usec":"1445352508506689"}],"query_text":"if mice"}},{"query":{"id":[{"timestamp_usec":"1445352112198813"}],"query_text":"Johnson County Juvenile Detention Center"}},{"query":{"id":[{"timestamp_usec":"1445315064274789"}],"query_text":"3224 S Emerson Ave, Beech Grove, IN -> E 21st St & N Emerson Ave, Indianapolis, IN 46218"}},{"query":{"id":[{"timestamp_usec":"1445315045300447"},{"timestamp_usec":"1445315050562421"}],"query_text":"(Current Location) -> E 21st St & N Emerson Ave, Indianapolis, IN 46218"}},{"query":{"id":[{"timestamp_usec":"1445315013240446"}],"query_text":"21st and Emerson"}},{"query":{"id":[{"timestamp_usec":"1445314747469356"}],"query_text":"(Current Location) -> E 21st St & N Emerson Ave"}},{"query":{"id":[{"timestamp_usec":"1445314701642058"}],"query_text":"21st and Emerson Avenue"}},{"query":{"id":[{"timestamp_usec":"1445314030838062"},{"timestamp_usec":"1445314036219899"}],"query_text":"Waterman's Farm Market, Indiana 37, Greenwood, IN -> E 21st St & N Emerson Ave, Indianapolis, IN 46218"}},{"query":{"id":[{"timestamp_usec":"1445313969073302"}],"query_text":"21st and Emerson"}},{"query":{"id":[{"timestamp_usec":"1445286381263267"}],"query_text":"c.betrad.com.html 78f7264"}},{"query":{"id":[{"timestamp_usec":"1445108055148857"},{"timestamp_usec":"1445108415080704"},{"timestamp_usec":"1445108433005060"}],"query_text":"(Current Location) -> 8440 Southern Springs Blvd, Indianapolis, IN 46237"}},{"query":{"id":[{"timestamp_usec":"1445108028196649"}],"query_text":"8440 southern springs blvd"}},{"query":{"id":[{"timestamp_usec":"1445100525152561"}],"query_text":"c.betrad.com.html 78f7264"}},{"query":{"id":[{"timestamp_usec":"1445095207252000"}],"query_text":"flashlight app"}},{"query":{"id":[{"timestamp_usec":"1445086444346545"}],"query_text":"198 Robinson St, Franklin, IN 46131"}},{"query":{"id":[{"timestamp_usec":"1445079973273000"},{"timestamp_usec":"1445080146118000"}],"query_text":"app killer"}},{"query":{"id":[{"timestamp_usec":"1445061876421000"},{"timestamp_usec":"1445061887062000"}],"query_text":"my apps"}},{"query":{"id":[{"timestamp_usec":"1445055422904000"}],"query_text":"c.betrad.com.html 78f7264"}},{"query":{"id":[{"timestamp_usec":"1445055322339156"}],"query_text":"m.simplyss.c ok m"}},{"query":{"id":[{"timestamp_usec":"1445051398230490"}],"query_text":" "}},{"query":{"id":[{"timestamp_usec":"1445046091547515"}],"query_text":"what can I use to get the screen off of a Samsung Galaxy S3"}},{"query":{"id":[{"timestamp_usec":"1445036703688153"}],"query_text":"BW3's in Greenwood Indiana"}},{"query":{"id":[{"timestamp_usec":"1445026622875753"},{"timestamp_usec":"1445026668577135"}],"query_text":"(Current Location) -> Co Rd 300 E, Greenwood, IN 46143"}},{"query":{"id":[{"timestamp_usec":"1445026618378793"}],"query_text":"Five Points Road in Greenwood Indiana"}},{"query":{"id":[{"timestamp_usec":"1445026556907716"}],"query_text":"five points and south port road"}},{"query":{"id":[{"timestamp_usec":"1445026507572288"}],"query_text":"Breckenridge"}},{"query":{"id":[{"timestamp_usec":"1445026465132348"}],"query_text":"Breckenridge addition"}},{"query":{"id":[{"timestamp_usec":"1445025943589955"},{"timestamp_usec":"1445026431785577"},{"timestamp_usec":"1445026450768300"}],"query_text":"Breckenridge addition in Greenwood Indiana"}},{"query":{"id":[{"timestamp_usec":"1445023856049154"},{"timestamp_usec":"1445023872491338"}],"query_text":"Breckenridge addition in Five Points"}},{"query":{"id":[{"timestamp_usec":"1445017773470000"},{"timestamp_usec":"1445017781609000"}],"query_text":"clean master"}},{"query":{"id":[{"timestamp_usec":"1445016952950057"},{"timestamp_usec":"1445016996755918"}],"query_text":"phone (317) 414-8826"}},{"query":{"id":[{"timestamp_usec":"1444855365864260"}],"query_text":"Waterman's Farm Market, 1100 IN-37, Greenwood, IN 46142"}},{"query":{"id":[{"timestamp_usec":"1444836083344249"},{"timestamp_usec":"1444836099449000"},{"timestamp_usec":"1444836100079938"}],"query_text":"walmart pack packs"}},{"query":{"id":[{"timestamp_usec":"1444835030762132"}],"query_text":"d"}},{"query":{"id":[{"timestamp_usec":"1444834810056283"}],"query_text":"walmart pack packs"}},{"query":{"id":[{"timestamp_usec":"1444833272005495"}],"query_text":"walmar"}},{"query":{"id":[{"timestamp_usec":"1444833143047576"}],"query_text":"walmart pack packs"}},{"query":{"id":[{"timestamp_usec":"1444833142902535"}],"query_text":"who sells aquasource pedestal sinks in greenwood indiana"}},{"query":{"id":[{"timestamp_usec":"1444833003606000"}],"query_text":"walmart pack packs"}},{"query":{"id":[{"timestamp_usec":"1444816001519907"}],"query_text":"who sells AquaSource pedestal sinks in Greenwood Indiana"}},{"query":{"id":[{"timestamp_usec":"1444815978448055"},{"timestamp_usec":"1444815992390084"}],"query_text":"who sells aqua"}},{"query":{"id":[{"timestamp_usec":"1444789659225583"}],"query_text":"how can i tell if someone is using herion and needles"}},{"query":{"id":[{"timestamp_usec":"1444782378382153"}],"query_text":"how do I restore my message settings on my Samsung Galaxy S6 active"}},{"query":{"id":[{"timestamp_usec":"1444782257996090"}],"query_text":"why can't I download my picture mail on my Samsung Galaxy S6 active"}},{"query":{"id":[{"timestamp_usec":"1444778321608271"}],"query_text":"craigslist indianapolis electronics "}},{"query":{"id":[{"timestamp_usec":"1444778083583749"}],"query_text":"craigslist indianapolis electronics"}},{"query":{"id":[{"timestamp_usec":"1444766022909678"}],"query_text":"what is it"}},{"query":{"id":[{"timestamp_usec":"1444758240925960"}],"query_text":"samsung galaxy s6 active replacement screens"}},{"query":{"id":[{"timestamp_usec":"1444751965436846"}],"query_text":"(Current Location) -> Waterman's Farm Market, 1100 IN-37, Greenwood, IN 46142"}},{"query":{"id":[{"timestamp_usec":"1444751963604770"}],"query_text":"watermens farm"}},{"query":{"id":[{"timestamp_usec":"1444748875414531"}],"query_text":"cell phone repair in the Greenwood Park Mall"}},{"query":{"id":[{"timestamp_usec":"1444738150928461"},{"timestamp_usec":"1444738156905904"}],"query_text":"phone 3176529933"}},{"query":{"id":[{"timestamp_usec":"1444721484788104"}],"query_text":"phone 3176529933"}},{"query":{"id":[{"timestamp_usec":"1444716287961250"}],"query_text":"indianapolis electronics classifieds craigslist"}},{"query":{"id":[{"timestamp_usec":"1444716257681356"}],"query_text":"craigslist indianapolis electronics"}},{"query":{"id":[{"timestamp_usec":"1444715541816465"}],"query_text":"Samsung Galaxy S6 active replacement screens"}},{"query":{"id":[{"timestamp_usec":"1444715339661449"}],"query_text":"replacement screens for sale"}},{"query":{"id":[{"timestamp_usec":"1444715330568609"}],"query_text":"replacement screens for"}},{"query":{"id":[{"timestamp_usec":"1444715311720053"}],"query_text":"cell phones"}},{"query":{"id":[{"timestamp_usec":"1444715301103154"}],"query_text":"Barnes cell phones"}},{"query":{"id":[{"timestamp_usec":"1444714844511150"},{"timestamp_usec":"1444714844552177"}],"query_text":"i"}},{"query":{"id":[{"timestamp_usec":"1444703192986318"}],"query_text":"gmail login"}},{"query":{"id":[{"timestamp_usec":"1444701761255541"}],"query_text":"cists or canser that causes pain and vaginal bleeding only in women"}},{"query":{"id":[{"timestamp_usec":"1444694630207307"}],"query_text":"39.718202, -86.081552"}},{"query":{"id":[{"timestamp_usec":"1444688533820995"}],"query_text":"phone number to Walmart on County Line Road"}},{"query":{"id":[{"timestamp_usec":"1444683431793673"}],"query_text":"gmail login"}},{"query":{"id":[{"timestamp_usec":"1444682361135347"}],"query_text":"Buffalo Wild Wings on US 31 in Greenwood Indiana"}},{"query":{"id":[{"timestamp_usec":"1444681739290555"}],"query_text":"what kind of wing specials do they have at Buffalo Wild Wings"}},{"query":{"id":[{"timestamp_usec":"1444681685422676"}],"query_text":"does Buffalo Wild Wings have carry out"}},{"query":{"id":[{"timestamp_usec":"1444681533951083"}],"query_text":"menu for Buffalo"}},{"query":{"id":[{"timestamp_usec":"1444681452574999"}],"query_text":"Buffalo Wild Wings on County Line"}},{"query":{"id":[{"timestamp_usec":"1444681308111439"}],"query_text":"cysts ovary"}},{"query":{"id":[{"timestamp_usec":"1444679894889668"}],"query_text":"phone number to Walmart on County Line Road"}},{"query":{"id":[{"timestamp_usec":"1444673841864075"},{"timestamp_usec":"1444674248185397"}],"query_text":"Harbor Freight on US 31 in Indianapolis Indiana"}},{"query":{"id":[{"timestamp_usec":"1444672662834347"}],"query_text":"s"}},{"query":{"id":[{"timestamp_usec":"1444672649818221"}],"query_text":"craigslist indianapolis electronics"}},{"query":{"id":[{"timestamp_usec":"1444670542124139"}],"query_text":"i have "}},{"query":{"id":[{"timestamp_usec":"1444670467970465"}],"query_text":"bought a screen and digatizer for a galaxy s6 active where can i sell the screen"}},{"query":{"id":[{"timestamp_usec":"1444669767044446"}],"query_text":"craigslist indianapolis electronics"}},{"query":{"id":[{"timestamp_usec":"1444634454727073"}],"query_text":"ama"}},{"query":{"id":[{"timestamp_usec":"1444620603635146"}],"query_text":"ss"}},{"query":{"id":[{"timestamp_usec":"1444617859317628"}],"query_text":"spider with a eggcorn big butt with looks like a thick cross on it with 8 legs"}},{"query":{"id":[{"timestamp_usec":"1444617591698967"}],"query_text":"spider with a eggcorn big butt with looks like a cross on it with 8 legs"}},{"query":{"id":[{"timestamp_usec":"1444607561245197"}],"query_text":"how do I"}},{"query":{"id":[{"timestamp_usec":"1444607557294916"}],"query_text":"how do I say"}},{"query":{"id":[{"timestamp_usec":"1444546720619136"},{"timestamp_usec":"1444546720663155"},{"timestamp_usec":"1444546720702174"},{"timestamp_usec":"1444546720732193"},{"timestamp_usec":"1444546720762212"},{"timestamp_usec":"1444546720781231"},{"timestamp_usec":"1444546771602250"},{"timestamp_usec":"1444546916046269"}],"query_text":"j"}},{"query":{"id":[{"timestamp_usec":"1444545390964060"},{"timestamp_usec":"1444545434005083"},{"timestamp_usec":"1444545638304102"},{"timestamp_usec":"1444545638386121"},{"timestamp_usec":"1444545638434140"},{"timestamp_usec":"1444545693886159"},{"timestamp_usec":"1444545766757178"},{"timestamp_usec":"1444545919507197"},{"timestamp_usec":"1444546204453010"},{"timestamp_usec":"1444546204490029"},{"timestamp_usec":"1444546204528048"},{"timestamp_usec":"1444546498822067"},{"timestamp_usec":"1444546498880090"},{"timestamp_usec":"1444546720563109"}],"query_text":"a"}},{"query":{"id":[{"timestamp_usec":"1444528414986000"},{"timestamp_usec":"1444528430214000"}],"query_text":"app notifier"}},{"query":{"id":[{"timestamp_usec":"1444513363667000"}],"query_text":"app notifier"}},{"query":{"id":[{"timestamp_usec":"1444476111247000"}],"query_text":"app notifier"}},{"query":{"id":[{"timestamp_usec":"1444462661826222"}],"query_text":"(Current Location) -> La Crosse, WI 54601"}},{"query":{"id":[{"timestamp_usec":"1444462610112256"}],"query_text":"loc: Park Ave at West Ave La Crosse WI US"}},{"query":{"id":[{"timestamp_usec":"1444462108311131"}],"query_text":"craigslist "}},{"query":{"id":[{"timestamp_usec":"1444460103606711"}],"query_text":"3 girls found in guys house locked up for years"}},{"query":{"id":[{"timestamp_usec":"1444449745104000"}],"query_text":"uber"}},{"query":{"id":[{"timestamp_usec":"1444438148556192"},{"timestamp_usec":"1444438228586958"},{"timestamp_usec":"1444438323909192"},{"timestamp_usec":"1444438380539323"}],"query_text":"golf training center indoor"}},{"query":{"id":[{"timestamp_usec":"1444438097643470"},{"timestamp_usec":"1444438101185394"}],"query_text":"golf training center"}},{"query":{"id":[{"timestamp_usec":"1444438068640676"},{"timestamp_usec":"1444438074688385"}],"query_text":"golf training club"}},{"query":{"id":[{"timestamp_usec":"1444437911597928"},{"timestamp_usec":"1444437987479049"},{"timestamp_usec":"1444438025927945"}],"query_text":"ideas for my new golf training building"}},{"query":{"id":[{"timestamp_usec":"1444437598138579"},{"timestamp_usec":"1444437602297270"},{"timestamp_usec":"1444437719776974"},{"timestamp_usec":"1444437785484985"},{"timestamp_usec":"1444437849404363"}],"query_text":"golf training equipment"}},{"query":{"id":[{"timestamp_usec":"1444437541380940"}],"query_text":"golf training"}},{"query":{"id":[{"timestamp_usec":"1444431900465425"}],"query_text":"why was his face swollen when i found him when he died in his sleep"}},{"query":{"id":[{"timestamp_usec":"1444426057719068"}],"query_text":"kids with black eyes"}},{"query":{"id":[{"timestamp_usec":"1444423034874197"}],"query_text":"how do i download music to my samsung galaxy s6 active"}},{"query":{"id":[{"timestamp_usec":"1444422955786411"}],"query_text":"(Current Location) -> Two Wheels & More, 128 Main St, Beech Grove, IN 46107"}},{"query":{"id":[{"timestamp_usec":"1444422952356450"}],"query_text":"Two Wheels & More, 128 Main St, Beech Grove, IN 46107"}},{"query":{"id":[{"timestamp_usec":"1444422928295930"}],"query_text":"down load musis"}},{"query":{"id":[{"timestamp_usec":"1444421861871210"},{"timestamp_usec":"1444421971239919"}],"query_text":"skullcandy"}},{"query":{"id":[{"timestamp_usec":"1444415535930052"}],"query_text":"Pink Floyd Money"}},{"query":{"id":[{"timestamp_usec":"1444415528768554"}],"query_text":"very beginning is"}},{"query":{"id":[{"timestamp_usec":"1444415523063926"}],"query_text":"can you to"}},{"query":{"id":[{"timestamp_usec":"1444415413263497"}],"query_text":"ACDC Back in Black video"}},{"query":{"id":[{"timestamp_usec":"1444409916884434"}],"query_text":"craigslist indianapolis electronics"}},{"query":{"id":[{"timestamp_usec":"1444408739469269"}],"query_text":"places to buy lawn mower tires in Greenwood Indiana"}},{"query":{"id":[{"timestamp_usec":"1444405268222040"}],"query_text":"(Current Location) -> Greenwood, IN"}},{"query":{"id":[{"timestamp_usec":"1444405265604051"}],"query_text":"Greenwood Indiana"}},{"query":{"id":[{"timestamp_usec":"1444403072984358"}],"query_text":"Rural King in Greenwood Indiana"}},{"query":{"id":[{"timestamp_usec":"1444402477669181"}],"query_text":"5th 3rd bank on ohio street"}},{"query":{"id":[{"timestamp_usec":"1444400624853644"}],"query_text":"(Current Location) -> 145 East St, Indianapolis, IN 46204"}},{"query":{"id":[{"timestamp_usec":"1444400617357563"}],"query_text":"5th 3rd bank on ohio street"}},{"query":{"id":[{"timestamp_usec":"1444102493646685"}],"query_text":"why am i unable to send my text messages"}},{"query":{"id":[{"timestamp_usec":"1444102157907546"}],"query_text":"why am i unable to get my text messages"}},{"query":{"id":[{"timestamp_usec":"1444100385880073"}],"query_text":"cra"}},{"query":{"id":[{"timestamp_usec":"1444093503687264"}],"query_text":"face"}},{"query":{"id":[{"timestamp_usec":"1444090929132204"}],"query_text":"craigs"}},{"query":{"id":[{"timestamp_usec":"1444085467329813"}],"query_text":"(Current Location) -> E 21st St & N Emerson Ave, Indianapolis, IN 46218"}},{"query":{"id":[{"timestamp_usec":"1444085444889684"}],"query_text":"21 and emerson"}},{"query":{"id":[{"timestamp_usec":"1444072317649790"}],"query_text":"can i unlock my at&t iphone 4s to Verizon"}},{"query":{"id":[{"timestamp_usec":"1444071731967406"}],"query_text":"(Current Location) -> 4857 Banning Ln, Beech Grove, IN 46107"}},{"query":{"id":[{"timestamp_usec":"1444071729289230"}],"query_text":"4857 Banning Lane, Beech Grove, IN"}},{"query":{"id":[{"timestamp_usec":"1444058382857282"}],"query_text":"homeless near me"}},{"query":{"id":[{"timestamp_usec":"1444058077457113"}],"query_text":"homeless indy"}},{"query":{"id":[{"timestamp_usec":"1444058016114765"}],"query_text":"homeless"}},{"query":{"id":[{"timestamp_usec":"1444057778794155"}],"query_text":"tent city indy homeless"}},{"query":{"id":[{"timestamp_usec":"1444057576729700"}],"query_text":"tent city indy Indiana"}},{"query":{"id":[{"timestamp_usec":"1444057393217933"}],"query_text":"homeless near e"}},{"query":{"id":[{"timestamp_usec":"1444057351098064"},{"timestamp_usec":"1444057377249000"}],"query_text":"truck stop near me"}},{"query":{"id":[{"timestamp_usec":"1444057139352144"}],"query_text":"(Current Location) -> Broad Ripple Park, 1550 Broad Ripple Ave, Indianapolis, IN 46220"}},{"query":{"id":[{"timestamp_usec":"1444057015211738"}],"query_text":"parks near me"}},{"query":{"id":[{"timestamp_usec":"1444055330590283"}],"query_text":"fingerprint scan app"}},{"query":{"id":[{"timestamp_usec":"1444051671955887"}],"query_text":"blisters on arms lasting over 8 weeks now and are dark"}},{"query":{"id":[{"timestamp_usec":"1444050479109566"}],"query_text":"a rash looks like poison ivy thats only on my arms lasted 8 weeks now and the rash is now dark blisters"}},{"query":{"id":[{"timestamp_usec":"1444050239378334"}],"query_text":"looks like poison ivy but has lasted 7 weeks now and only on my arms"}},{"query":{"id":[{"timestamp_usec":"1444049927051558"}],"query_text":"what does poison ivy look like and how long does it last"}},{"query":{"id":[{"timestamp_usec":"1444048013290000"},{"timestamp_usec":"1444048024431000"}],"query_text":"solitaire"}},{"query":{"id":[{"timestamp_usec":"1444047233080763"},{"timestamp_usec":"1444047233087852"}],"query_text":"39.602918, -86.162215"}},{"query":{"id":[{"timestamp_usec":"1444012771518662"}],"query_text":"Domino's Pizza in Franklin"}},{"query":{"id":[{"timestamp_usec":"1444012649013231"}],"query_text":"Jack's Pizza in Franklin Indiana"}},{"query":{"id":[{"timestamp_usec":"1444008144067362"},{"timestamp_usec":"1444008161355341"}],"query_text":"vivitar vivicam 7028 f=5.1mm F2.8"}},{"query":{"id":[{"timestamp_usec":"1444008100018893"}],"query_text":"vivitar vivicam 7028"}},{"query":{"id":[{"timestamp_usec":"1444008030978276"}],"query_text":"vivitar vivi cam 7028"}},{"query":{"id":[{"timestamp_usec":"1444005673718000"}],"query_text":"pandora"}},{"query":{"id":[{"timestamp_usec":"1444005673559000"}],"query_text":"ifixit app"}},{"query":{"id":[{"timestamp_usec":"1444002931838488"}],"query_text":"mb or gb bigger"}},{"query":{"id":[{"timestamp_usec":"1444002874481137"}],"query_text":"330 mg is equal to what in gb"}},{"query":{"id":[{"timestamp_usec":"1444001007438352"}],"query_text":"places that deliver in edenburgh indiana"}},{"query":{"id":[{"timestamp_usec":"1444000434171831"}],"query_text":"dominos"}},{"query":{"id":[{"timestamp_usec":"1443984601323000"}],"query_text":"pandora"}},{"query":{"id":[{"timestamp_usec":"1443984592350000"}],"query_text":"ifixit app"}},{"query":{"id":[{"timestamp_usec":"1443983282467025"}],"query_text":"pick a part indianapolis"}},{"query":{"id":[{"timestamp_usec":"1443975744531683"}],"query_text":"(Current Location) -> 250 Hurricane St, Franklin, IN 46131"}},{"query":{"id":[{"timestamp_usec":"1443975743228730"}],"query_text":"250 hurricane Street Franklin Indiana"}},{"query":{"id":[{"timestamp_usec":"1443975709345794"}],"query_text":"(Current Location) -> 52 W King St, Franklin, IN 46131"}},{"query":{"id":[{"timestamp_usec":"1443975702919041"}],"query_text":"52 W King St, Franklin, IN"}},{"query":{"id":[{"timestamp_usec":"1443964287799000"}],"query_text":"ifixit app"}},{"query":{"id":[{"timestamp_usec":"1443934338636000"},{"timestamp_usec":"1443934346002000"}],"query_text":"dolphin browser"}},{"query":{"id":[{"timestamp_usec":"1443933067938767"}],"query_text":"how much is my Electrolux Oxygen el7024 vacuum worth"}},{"query":{"id":[{"timestamp_usec":"1443932981996214"}],"query_text":"how much is my Electrolux Oxygen vacuum worth"}},{"query":{"id":[{"timestamp_usec":"1443920621527068"}],"query_text":"how do I get a network on lock off of my Galaxy Prime"}},{"query":{"id":[{"timestamp_usec":"1443920116290239"}],"query_text":"how do I get off a network lock on my Samsung phone"}},{"query":{"id":[{"timestamp_usec":"1443920037487954"}],"query_text":"Network"}},{"query":{"id":[{"timestamp_usec":"1443904798069475"}],"query_text":"craigslist indianapolis electronics"}},{"query":{"id":[{"timestamp_usec":"1443899422946583"}],"query_text":"Taco Bell menu"}},{"query":{"id":[{"timestamp_usec":"1443898811022703"}],"query_text":"food specials for Jack in the Box"}},{"query":{"id":[{"timestamp_usec":"1443898647647762"}],"query_text":"menu for Jack in the Box"}},{"query":{"id":[{"timestamp_usec":"1443898602868705"}],"query_text":"fast food restaurants in Greenwood Indiana"}},{"query":{"id":[{"timestamp_usec":"1443898094204484"}],"query_text":"Burger King on County Line Road in Greenwood Indiana"}},{"query":{"id":[{"timestamp_usec":"1443892961252703"}],"query_text":"craigslist indianapolis electronics"}},{"query":{"id":[{"timestamp_usec":"1443892693677621"}],"query_text":"samsung sm-g360t1"}},{"query":{"id":[{"timestamp_usec":"1443892488989969"},{"timestamp_usec":"1443892492139975"},{"timestamp_usec":"1443892500777837"}],"query_text":"Samsung"}},{"query":{"id":[{"timestamp_usec":"1443887917153045"}],"query_text":"check cashing on 38th and Keystone in Indianapolis Indiana"}},{"query":{"id":[{"timestamp_usec":"1443862847174000"}],"query_text":"app killer"}},{"query":{"id":[{"timestamp_usec":"1443862805733000"}],"query_text":"flashlight app"}},{"query":{"id":[{"timestamp_usec":"1443840704336531"}],"query_text":"craigslist indianapolis electronics"}},{"query":{"id":[{"timestamp_usec":"1443830657049291"}],"query_text":"craigslist indianapolis electronics"}},{"query":{"id":[{"timestamp_usec":"1443814219387651"}],"query_text":"how can i get my password off of my galaxy 6 active"}},{"query":{"id":[{"timestamp_usec":"1443807023633980"}],"query_text":"how can i get my password off of my galaxy 6 active"}},{"query":{"id":[{"timestamp_usec":"1443806867769193"},{"timestamp_usec":"1443806887337720"},{"timestamp_usec":"1443806914842513"},{"timestamp_usec":"1443806927887581"},{"timestamp_usec":"1443806940634557"},{"timestamp_usec":"1443806980967701"}],"query_text":"Samsung Galaxy S6 active"}},{"query":{"id":[{"timestamp_usec":"1443806619734426"}],"query_text":"craigslist indianapolis electronics"}},{"query":{"id":[{"timestamp_usec":"1443806505272000"},{"timestamp_usec":"1443806511082288"},{"timestamp_usec":"1443806531552156"},{"timestamp_usec":"1443806531847000"}],"query_text":"what new features does the Samsung Galaxy S6 active have"}},{"query":{"id":[{"timestamp_usec":"1443775187298598"},{"timestamp_usec":"1443775208407267"}],"query_text":"how can i get my password off of my galaxy 6 active"}},{"query":{"id":[{"timestamp_usec":"1443774918252114"}],"query_text":"Dolan"}},{"query":{"id":[{"timestamp_usec":"1443774829823000"},{"timestamp_usec":"1443774830124335"}],"query_text":"how can i get my password off of my galaxy 6 active"}},{"query":{"id":[{"timestamp_usec":"1443774792309481"},{"timestamp_usec":"1443774796384000"},{"timestamp_usec":"1443774799556453"}],"query_text":"Dolan"}},{"query":{"id":[{"timestamp_usec":"1443774781297724"}],"query_text":"the five"}},{"query":{"id":[{"timestamp_usec":"1443774774635768"}],"query_text":"if"}},{"query":{"id":[{"timestamp_usec":"1443757266557306"}],"query_text":"how can i get my password off of my galaxy 6 active"}},{"query":{"id":[{"timestamp_usec":"1443750272137731"}],"query_text":"how can I get my password off of my Galaxy 6 active"}},{"query":{"id":[{"timestamp_usec":"1443727850873165"}],"query_text":"(Current Location) -> 8011 Sara Ct, Indianapolis, IN 46217"}},{"query":{"id":[{"timestamp_usec":"1443713169215653"}],"query_text":"Walmart on Southport Road and US 31 in Greenwood Indiana"}},{"query":{"id":[{"timestamp_usec":"1443695707963756"},{"timestamp_usec":"1443695726442209"},{"timestamp_usec":"1443695777298884"}],"query_text":"daily journal franklin in"}},{"query":{"id":[{"timestamp_usec":"1443695658112817"},{"timestamp_usec":"1443695672907000"},{"timestamp_usec":"1443695677026190"}],"query_text":"daily"}},{"query":{"id":[{"timestamp_usec":"1443695650152826"}],"query_text":"Cailleach"}},{"query":{"id":[{"timestamp_usec":"1443695523419375"}],"query_text":"jobs in the Greenwood"}},{"query":{"id":[{"timestamp_usec":"1443692952247988"}],"query_text":"stress related symptoms"}},{"query":{"id":[{"timestamp_usec":"1443668250290314"}],"query_text":"how to change my galaxy s3 from 4g to 3g"}},{"query":{"id":[{"timestamp_usec":"1443668195500200"}],"query_text":"how to change my galaxy s3 screen"}},{"query":{"id":[{"timestamp_usec":"1443667739540082"}],"query_text":"best way to get rid of a headache right above the right eye"}},{"query":{"id":[{"timestamp_usec":"1443667389714829"}],"query_text":"music"}},{"query":{"id":[{"timestamp_usec":"1443667289847007"}],"query_text":"best way to get rid of a headache right above the right eye"}},{"query":{"id":[{"timestamp_usec":"1443663010179933"}],"query_text":"best way to get rid of a headache right above the right eye"}},{"query":{"id":[{"timestamp_usec":"1443659271213971"}],"query_text":"she plays actucic guitat now wants a elelectric guitar"}},{"query":{"id":[{"timestamp_usec":"1443659046986940"}],"query_text":"systemout.log"}},{"query":{"id":[{"timestamp_usec":"1443658969066160"}],"query_text":"whit"}},{"query":{"id":[{"timestamp_usec":"1443658803581000"},{"timestamp_usec":"1443658803934963"},{"timestamp_usec":"1443658825793487"},{"timestamp_usec":"1443658847265791"},{"timestamp_usec":"1443658895746226"},{"timestamp_usec":"1443658921155172"},{"timestamp_usec":"1443658932656205"},{"timestamp_usec":"1443658940906123"},{"timestamp_usec":"1443658948856234"}],"query_text":"indy pawn shop"}},{"query":{"id":[{"timestamp_usec":"1443658768466311"},{"timestamp_usec":"1443658780305428"}],"query_text":"whiteland pawn shop"}},{"query":{"id":[{"timestamp_usec":"1443658654983855"},{"timestamp_usec":"1443658666945027"}],"query_text":"first electric guitar and amp s"}},{"query":{"id":[{"timestamp_usec":"1443658557727158"},{"timestamp_usec":"1443658581405229"},{"timestamp_usec":"1443658593555117"}],"query_text":"electric guitar and amp"}}]}