{"event":[{"query":{"id":[{"timestamp_usec":"1427837922597955"}],"query_text":"Human Services in Franklin Indiana"}},{"query":{"id":[{"timestamp_usec":"1427834425365949"}],"query_text":"churches in Franklin Indiana"}},{"query":{"id":[{"timestamp_usec":"1427806458185000"}],"query_text":"phone dialer"}},{"query":{"id":[{"timestamp_usec":"1427806390619000"}],"query_text":"contacts"}},{"query":{"id":[{"timestamp_usec":"1427723909252000"}],"query_text":"hill climb racing"}},{"query":{"id":[{"timestamp_usec":"1427653828756106"}],"query_text":"(Current Location) -> 1300 Graham Rd, Franklin, IN 46131"}},{"query":{"id":[{"timestamp_usec":"1427652227697016"}],"query_text":"(Current Location) -> Pull-A-Part - Indianapolis"}},{"query":{"id":[{"timestamp_usec":"1427652219053247"}],"query_text":"pull a part in Indianapolis Indiana"}},{"query":{"id":[{"timestamp_usec":"1427652078889221"}],"query_text":"junk yards near my location"}},{"query":{"id":[{"timestamp_usec":"1427646060904140"}],"query_text":"(Current Location) -> Pic-A-Part, 940 W 16th St, Indianapolis, IN 46202, United States"}},{"query":{"id":[{"timestamp_usec":"1427636413477244"}],"query_text":"fazoli.com"}},{"query":{"id":[{"timestamp_usec":"1427589557071607"}],"query_text":"Animal Control in Franklin Indiana"}},{"query":{"id":[{"timestamp_usec":"1427561376705361"}],"query_text":"(Current Location) -> 1300 Graham Rd, Franklin, IN 46131"}},{"query":{"id":[{"timestamp_usec":"1427559759098176"}],"query_text":"(Current Location) -> Pic-A-Part, 940 W 16th St, Indianapolis, IN 46202, United States"}},{"query":{"id":[{"timestamp_usec":"1427559757432052"}],"query_text":"Pic-A-Part, W 16th St, Indianapolis, IN"}},{"query":{"id":[{"timestamp_usec":"1427557681816999"}],"query_text":"(Current Location) -> Pic-A-Part, 940 W 16th St, Indianapolis, IN 46202, United States"}},{"query":{"id":[{"timestamp_usec":"1427557680673348"}],"query_text":"pick a part"}},{"query":{"id":[{"timestamp_usec":"1427553011471440"}],"query_text":"(Current Location) -> Marathon Gas, 922 N Delaware St, Indianapolis, IN 46202"}},{"query":{"id":[{"timestamp_usec":"1427553008943346"}],"query_text":"Gas Station"}},{"query":{"id":[{"timestamp_usec":"1427550151748808"},{"timestamp_usec":"1427550207998014"}],"query_text":"(Current Location) -> Pic-A-Part, 940 W 16th St, Indianapolis, IN 46202, United States"}},{"query":{"id":[{"timestamp_usec":"1427550148449585"}],"query_text":"pick a part Indianapolis indiana"}},{"query":{"id":[{"timestamp_usec":"1427549976935349"}],"query_text":"(Current Location) -> Pull-A-Part - Indianapolis, 2505 Forest Manor Ave, Indianapolis, IN 46218"}},{"query":{"id":[{"timestamp_usec":"1427549412548537"}],"query_text":"(Current Location) -> Pull-A-Part - Indianapolis, 2505 Forest Manor Ave, Indianapolis, IN 46218, United States"}},{"query":{"id":[{"timestamp_usec":"1427549364349438"}],"query_text":"Fall Creek Parkway and 46th street in Indianapolis Indiana -> Pull-A-Part - Indianapolis, 2505 Forest Manor Ave, Indianapolis, IN 46218, United States"}},{"query":{"id":[{"timestamp_usec":"1427549314351898"}],"query_text":"Pull-A-Part, Forest Manor Avenue, Indianapolis, IN"}},{"query":{"id":[{"timestamp_usec":"1427528784674924"}],"query_text":"how can I break into a digital Motel room key lock"}},{"query":{"id":[{"timestamp_usec":"1427473099110373"}],"query_text":"how do I remove the rear motor mount on a 2001 Mazda Protege"}},{"query":{"id":[{"timestamp_usec":"1427468290942872"}],"query_text":"elevated recovery"}},{"query":{"id":[{"timestamp_usec":"1427404197751361"}],"query_text":"Lake motel in Johnson County"}},{"query":{"id":[{"timestamp_usec":"1427404175165195"}],"query_text":"Lake motel in Hammond Indiana"}},{"query":{"id":[{"timestamp_usec":"1427403944671195"},{"timestamp_usec":"1427404105746437"}],"query_text":"sleeping time Motel in Franklin Indiana"}},{"query":{"id":[{"timestamp_usec":"1427403804173625"}],"query_text":"motels in Franklin Indiana"}},{"query":{"id":[{"timestamp_usec":"1427403704920036"}],"query_text":"Tearman Motel Franklin, IN"}},{"query":{"id":[{"timestamp_usec":"1427403698499714"}],"query_text":"motels in Franklin Indiana"}},{"query":{"id":[{"timestamp_usec":"1427403679010704"}],"query_text":"hotels in Franklin Indiana"}},{"query":{"id":[{"timestamp_usec":"1427403625974079"}],"query_text":"motels in Franklin Indiana"}},{"query":{"id":[{"timestamp_usec":"1427403563312837"}],"query_text":"Land o nod Inn Franklin Indiana"}},{"query":{"id":[{"timestamp_usec":"1427403026856556"}],"query_text":"Redbox customer service"}},{"query":{"id":[{"timestamp_usec":"1427385177363447"}],"query_text":"plastic recycling in Greenwood Indiana"}},{"query":{"id":[{"timestamp_usec":"1427384540277539"}],"query_text":"plastic recycling in Franklin Indiana"}},{"query":{"id":[{"timestamp_usec":"1427384430965129"}],"query_text":"Kroot corporation in Columbus Indiana"}},{"query":{"id":[{"timestamp_usec":"1427325131840462"}],"query_text":"pictures of a 2006 Ford Windstar"}},{"query":{"id":[{"timestamp_usec":"1427325121811309"}],"query_text":"star what year"}},{"query":{"id":[{"timestamp_usec":"1427319646296491"}],"query_text":"Indiana Recycling Coalition Indianapolis, IN"}},{"query":{"id":[{"timestamp_usec":"1427319635169779"}],"query_text":"recycling"}},{"query":{"id":[{"timestamp_usec":"1427319307510505"},{"timestamp_usec":"1427319572010245"}],"query_text":"free places to take plastic bumper covers"}},{"query":{"id":[{"timestamp_usec":"1427319202836052"}],"query_text":"motel rooms in Greenwood Indiana"}},{"query":{"id":[{"timestamp_usec":"1427318438964590"}],"query_text":"Value Place Greenwood, IN"}},{"query":{"id":[{"timestamp_usec":"1427318426133043"}],"query_text":"motel rooms in Greenwood Indiana"}},{"query":{"id":[{"timestamp_usec":"1427318416700314"}],"query_text":"motels in Greenwood Indiana"}},{"query":{"id":[{"timestamp_usec":"1427318065795073"}],"query_text":"Red Roof Inn Greenwood Greenwood, IN"}},{"query":{"id":[{"timestamp_usec":"1427318061738749"}],"query_text":"motels in Greenwood Indiana"}},{"query":{"id":[{"timestamp_usec":"1427317671857497"}],"query_text":"La Quinta Inn & Suites Greenwood Greenwood, IN"}},{"query":{"id":[{"timestamp_usec":"1427317661285464"}],"query_text":"Red Roof Inn Greenwood Greenwood, IN"}},{"query":{"id":[{"timestamp_usec":"1427317646538015"}],"query_text":"motels in Greenwood Indiana"}},{"query":{"id":[{"timestamp_usec":"1427317240030465"}],"query_text":"InTown Suites in Greenwood Indiana"}},{"query":{"id":[{"timestamp_usec":"1427308492361786"}],"query_text":"Buick dealer in Franklin Indiana"}},{"query":{"id":[{"timestamp_usec":"1427306514180162"}],"query_text":"eBay cars and trucks"}},{"query":{"id":[{"timestamp_usec":"1427300891372194"}],"query_text":"(Current Location) -> Ray Skillman Hyundai"}},{"query":{"id":[{"timestamp_usec":"1427300885255250"}],"query_text":"Ray Skillman Hyundai Greenwood, IN"}},{"query":{"id":[{"timestamp_usec":"1427300872965227"}],"query_text":"Hyundai dealer in Greenwood Indiana"}},{"query":{"id":[{"timestamp_usec":"1427300547027640"}],"query_text":"(Current Location) -> PNC Bank, 8733 US-31, Indianapolis, IN 46227"}},{"query":{"id":[{"timestamp_usec":"1427300276664432"}],"query_text":"(Current Location) -> Ray Skillman Hyundai, 1300 US-31, Greenwood, IN 46143, United States"}},{"query":{"id":[{"timestamp_usec":"1427300194087711"}],"query_text":"(Current Location) -> Indy Honda, 8455 US-31, Indianapolis, IN 46227, United States"}},{"query":{"id":[{"timestamp_usec":"1427300183166011"}],"query_text":"honda dealing in Greenwood indiana"}},{"query":{"id":[{"timestamp_usec":"1427299258199954"}],"query_text":"(Current Location) -> 1300 Graham Rd, Franklin, IN 46131"}},{"query":{"id":[{"timestamp_usec":"1427293505469509"}],"query_text":"(Current Location) -> Pull-A-Part - Indianapolis, 2505 Forest Manor Ave, Indianapolis, IN 46218, United States"}},{"query":{"id":[{"timestamp_usec":"1427293371298031"},{"timestamp_usec":"1427293450652989"}],"query_text":"Pull-A-Part, Pull-A-Part - Indianapolis, Forest Manor Avenue, Indianapolis, IN"}},{"query":{"id":[{"timestamp_usec":"1427293304676420"}],"query_text":"pull apart on the Eastside of Indianapolis"}},{"query":{"id":[{"timestamp_usec":"1427292884944553"}],"query_text":"tranny schematic for 03 Grand Prix"}},{"query":{"id":[{"timestamp_usec":"1427290871558546"},{"timestamp_usec":"1427292528529971"}],"query_text":"pick a part in Indianapolis Indiana"}},{"query":{"id":[{"timestamp_usec":"1427289944911480"}],"query_text":"pick a part inventory"}},{"query":{"id":[{"timestamp_usec":"1427213727397168"}],"query_text":"Hyundai dealer in Greenwood Indiana"}},{"query":{"id":[{"timestamp_usec":"1427211278452032"}],"query_text":"Southport Presbyterian Church on Southport and Madison"}},{"query":{"id":[{"timestamp_usec":"1427210866860948"}],"query_text":"churches in greenwood indiana"}},{"query":{"id":[{"timestamp_usec":"1427207880139370"}],"query_text":"discovery house"}},{"query":{"id":[{"timestamp_usec":"1427207790611512"}],"query_text":"discovery house methadone clinic"}},{"query":{"id":[{"timestamp_usec":"1427207671965185"}],"query_text":"discovery house"}},{"query":{"id":[{"timestamp_usec":"1427167829636204"}],"query_text":"free TV"}},{"query":{"id":[{"timestamp_usec":"1427152640686629"}],"query_text":"eppicard.com"}},{"query":{"id":[{"timestamp_usec":"1427145921316990"}],"query_text":"(Current Location) -> 70 E. Monroe St. P.O. Box 280        Franklin IN 46131"}},{"query":{"id":[{"timestamp_usec":"1427145741921209"}],"query_text":"h r office in Franklin indiana"}},{"query":{"id":[{"timestamp_usec":"1427144892602386"}],"query_text":"receipt sample"}},{"query":{"id":[{"timestamp_usec":"1427138531248707"}],"query_text":"receipt"}},{"query":{"id":[{"timestamp_usec":"1427138490114702"}],"query_text":"receipt sample"}},{"query":{"id":[{"timestamp_usec":"1427138397719656"},{"timestamp_usec":"1427138415610602"}],"query_text":"receipt"}},{"query":{"id":[{"timestamp_usec":"1427137496278431"}],"query_text":"deduction and exceptions and unearned income for children"}},{"query":{"id":[{"timestamp_usec":"1427137449451002"}],"query_text":"liberty tax service in franklin indiana"}},{"query":{"id":[{"timestamp_usec":"1427136803409377"},{"timestamp_usec":"1427136881676296"}],"query_text":"taxes"}},{"query":{"id":[{"timestamp_usec":"1427135807182322"}],"query_text":"h r office in Franklin indiana"}},{"query":{"id":[{"timestamp_usec":"1427135427311165"}],"query_text":"H&R Block in Franklin Indiana"}},{"query":{"id":[{"timestamp_usec":"1427134952414069"}],"query_text":"how do I get the biggest refund back on my taxes"}},{"query":{"id":[{"timestamp_usec":"1427130410883592"}],"query_text":"churches in Greenwood Indiana"}},{"query":{"id":[{"timestamp_usec":"1427128439151383"}],"query_text":"walnut grove in franklin indiana"}},{"query":{"id":[{"timestamp_usec":"1427126844962038"}],"query_text":"Walnut Grove campgrounds in Shelbyville Indiana"}},{"query":{"id":[{"timestamp_usec":"1427126830002771"}],"query_text":"Walnut Grove in Franklin Indiana"}},{"query":{"id":[{"timestamp_usec":"1427122205305700"}],"query_text":"(Current Location) -> 2949 E North St, Nineveh, IN 46164"}},{"query":{"id":[{"timestamp_usec":"1427120092510718"}],"query_text":"pictures of the California drought"}},{"query":{"id":[{"timestamp_usec":"1427117570364460"}],"query_text":"Johnson County campgrounds"}},{"query":{"id":[{"timestamp_usec":"1427117125063192"},{"timestamp_usec":"1427117569175222"}],"query_text":"Johnson County Park Edinburgh, IN"}},{"query":{"id":[{"timestamp_usec":"1427117116709632"}],"query_text":"Johnson County campgrounds"}},{"query":{"id":[{"timestamp_usec":"1427117098153909"}],"query_text":"homeless in franklin indiana"}},{"query":{"id":[{"timestamp_usec":"1427084947778675"}],"query_text":"Hidden Paradise Campground, East Jefferson Street, Saint Paul, IN"}},{"query":{"id":[{"timestamp_usec":"1427077435968897"}],"query_text":"Heflen Park in Taylorsville Indiana"}},{"query":{"id":[{"timestamp_usec":"1427077422360565"}],"query_text":"have fun park.com"}},{"query":{"id":[{"timestamp_usec":"1427058415478985"}],"query_text":"homeless in Franklin indiana"}},{"query":{"id":[{"timestamp_usec":"1427055749813148"}],"query_text":"saddle club Columbus indiana camp grounds"}},{"query":{"id":[{"timestamp_usec":"1427055708877245"}],"query_text":"saddle club camp grounds"}},{"query":{"id":[{"timestamp_usec":"1427055665958806"}],"query_text":"saddle club edenbrig indiana"}},{"query":{"id":[{"timestamp_usec":"1427054222073324"}],"query_text":"tearman motel in Franklin Indiana"}},{"query":{"id":[{"timestamp_usec":"1427054212231345"}],"query_text":"tim and motel in Franklin Indiana"}},{"query":{"id":[{"timestamp_usec":"1427054198600544"}],"query_text":"hilltop motel"}},{"query":{"id":[{"timestamp_usec":"1427054056597028"}],"query_text":"storage units in Franklin Indiana"}},{"query":{"id":[{"timestamp_usec":"1427048406191495"}],"query_text":"apartments for rent in Franklin Indiana"}},{"query":{"id":[{"timestamp_usec":"1427048290623976"}],"query_text":"classifieds in Franklin Indiana"}},{"query":{"id":[{"timestamp_usec":"1427047426380441"},{"timestamp_usec":"1427047777358467"}],"query_text":"campgrounds near Franklin Indiana"}},{"query":{"id":[{"timestamp_usec":"1427041774310521"}],"query_text":"pettits in Shelbyville Indiana"}},{"query":{"id":[{"timestamp_usec":"1427038818571650"}],"query_text":"Lake motel in Amity Indiana"}},{"query":{"id":[{"timestamp_usec":"1427036482389063"}],"query_text":"RV parks in Greenwood Indiana"}},{"query":{"id":[{"timestamp_usec":"1427036327109759"}],"query_text":"heflin's in Taylorsville Indiana"}},{"query":{"id":[{"timestamp_usec":"1427036171261727"}],"query_text":"places to take a rv near franklin in"}},{"query":{"id":[{"timestamp_usec":"1427024205492115"}],"query_text":"Camp Atterbury, IN"}},{"query":{"id":[{"timestamp_usec":"1427023673300897"}],"query_text":"campsites"}},{"query":{"id":[{"timestamp_usec":"1426983442956463"}],"query_text":"RV sites near adaberry Indiana"}},{"query":{"id":[{"timestamp_usec":"1426983346858604"}],"query_text":"places to take a rv near franklin in"}},{"query":{"id":[{"timestamp_usec":"1426947450045086"}],"query_text":"daily journal franklin"}},{"query":{"id":[{"timestamp_usec":"1426946780823571"}],"query_text":"johnson county campgrounds"}},{"query":{"id":[{"timestamp_usec":"1426946771634071"}],"query_text":"johnson county horse club"}},{"query":{"id":[{"timestamp_usec":"1426946734573120"}],"query_text":"The Last Resort RV Park & Campground Nashville, IN"}},{"query":{"id":[{"timestamp_usec":"1426946698899846"}],"query_text":"camp atterbury campgrounds"}},{"query":{"id":[{"timestamp_usec":"1426946569779633"}],"query_text":"johnson county horse club"}},{"query":{"id":[{"timestamp_usec":"1426946460548940"}],"query_text":"johnson county campgrounds"}},{"query":{"id":[{"timestamp_usec":"1426909113872628"}],"query_text":"what the 666 means"}},{"query":{"id":[{"timestamp_usec":"1426904515940554"}],"query_text":"what the 666 means"}},{"query":{"id":[{"timestamp_usec":"1426897120688867"}],"query_text":"how do i fix my psp 1000 that wont play my games"}},{"query":{"id":[{"timestamp_usec":"1426880636165529"}],"query_text":"why wont my laser move on my psp 1001"}},{"query":{"id":[{"timestamp_usec":"1426879539376196"}],"query_text":"how do I fix my psp 1000 that wont play my games"}},{"query":{"id":[{"timestamp_usec":"1426862163125521"}],"query_text":"what amount do i have to make to get the full amount for my kids"}},{"query":{"id":[{"timestamp_usec":"1426860595198567"}],"query_text":"PSP hacks"}},{"query":{"id":[{"timestamp_usec":"1426859187194765"}],"query_text":"what amount do I have to make to get the full amount for my kids"}},{"query":{"id":[{"timestamp_usec":"1426827586756418"}],"query_text":"how can i download games on my psp 1000"}},{"query":{"id":[{"timestamp_usec":"1426806401607172"}],"query_text":"how can i download games on my psp 1000"}},{"query":{"id":[{"timestamp_usec":"1426793197647296"}],"query_text":"how can i download games on my PSP 1000"}},{"query":{"id":[{"timestamp_usec":"1426791200511562"}],"query_text":"can I download psp games from my psp store"}},{"query":{"id":[{"timestamp_usec":"1426790708344920"}],"query_text":"pawn shop in Greenwood Indiana"}},{"query":{"id":[{"timestamp_usec":"1426788685389648"}],"query_text":"why won't my PSP 1000 play games"}},{"query":{"id":[{"timestamp_usec":"1426785550552890"}],"query_text":"turbo tax"}},{"query":{"id":[{"timestamp_usec":"1426784094900039"}],"query_text":"aluminum welding companies near Franklin Indiana"}},{"query":{"id":[{"timestamp_usec":"1426780127893346"}],"query_text":"what's the last day I can file my taxes"}},{"query":{"id":[{"timestamp_usec":"1426780110188868"}],"query_text":"whats the last day I can file mmyb taxes"}},{"query":{"id":[{"timestamp_usec":"1426780097079905"}],"query_text":"what's the last day I can file my taxes"}},{"query":{"id":[{"timestamp_usec":"1426780093153216"}],"query_text":"whats the last day I can file mmyb taxes"}},{"query":{"id":[{"timestamp_usec":"1426710294738218"}],"query_text":"transmission welding in franklin in"}},{"query":{"id":[{"timestamp_usec":"1426709698412743"}],"query_text":"Wilson auto repair in Franklin Indiana"}},{"query":{"id":[{"timestamp_usec":"1426702773616604"}],"query_text":"ebay store"}},{"query":{"id":[{"timestamp_usec":"1426694038553288"}],"query_text":"how can I get games on my PSP if my laser doesn't work"}},{"query":{"id":[{"timestamp_usec":"1426685434569390"}],"query_text":"exceptions and unearned credit"}},{"query":{"id":[{"timestamp_usec":"1426667401262014"}],"query_text":"can't swallow anything solid, only sips of water, feels like the middle of my throat is closed, cant even make my self burp, and I feel like I will choke"}},{"query":{"id":[{"timestamp_usec":"1426666559100918"}],"query_text":"can't swallow, only sips of water, the middle of my throat feels blocked,"}},{"query":{"id":[{"timestamp_usec":"1426666066470124"}],"query_text":"what is the best thing that helps with choking"}},{"query":{"id":[{"timestamp_usec":"1426641948785023"},{"timestamp_usec":"1426642262883513"}],"query_text":"what is the best thing that helps with choking"}},{"query":{"id":[{"timestamp_usec":"1426606130936810"}],"query_text":"GameStop in Greenwood Indiana"}},{"query":{"id":[{"timestamp_usec":"1426550282074356"}],"query_text":"(Current Location) -> Caribbean Clean Laundry, 2361 Henry Lakes Blvd, Columbus, IN 47201"}},{"query":{"id":[{"timestamp_usec":"1426547930699407"}],"query_text":"laundromat in Edinburgh Indiana"}},{"query":{"id":[{"timestamp_usec":"1426547900286648"}],"query_text":"laundromats near Franklin Indiana"}},{"query":{"id":[{"timestamp_usec":"1426547831606972"}],"query_text":"laundromats in Edinburgh Indiana"}},{"query":{"id":[{"timestamp_usec":"1426539429734675"}],"query_text":"psp 1001 charger"}},{"query":{"id":[{"timestamp_usec":"1426534432232700"}],"query_text":"laundromat in Greenwood Indiana"}},{"query":{"id":[{"timestamp_usec":"1426534143579838"}],"query_text":"(Current Location) -> Franklin Coin Laundry, 1723 N Main St, Franklin, IN 46131"}},{"query":{"id":[{"timestamp_usec":"1426534049237134"}],"query_text":"laundromats in Franklin Indiana"}},{"query":{"id":[{"timestamp_usec":"1426528620505790"}],"query_text":"laundromat in johnson county indiana"}},{"query":{"id":[{"timestamp_usec":"1426528601440427"}],"query_text":"laundromat"}},{"query":{"id":[{"timestamp_usec":"1426528455392728"}],"query_text":"laundromat near franklin indiana"}},{"query":{"id":[{"timestamp_usec":"1426528228351852"},{"timestamp_usec":"1426528239405332"}],"query_text":"laundromat"}},{"query":{"id":[{"timestamp_usec":"1426520813405531"},{"timestamp_usec":"1426522285758720"}],"query_text":"Franklin indiana probation"}},{"query":{"id":[{"timestamp_usec":"1426510230751719"}],"query_text":"Medicaid office in Franklin Indiana"}},{"query":{"id":[{"timestamp_usec":"1426445645341559"}],"query_text":"where are my track bar bushings located on my 04 Dodge Ram 3500 dually"}},{"query":{"id":[{"timestamp_usec":"1426347168620008"},{"timestamp_usec":"1426347606997899"}],"query_text":"(Current Location) -> Kroot Corporation, 2915 State St, Columbus, IN 47201"}},{"query":{"id":[{"timestamp_usec":"1426347167331060"}],"query_text":"Kroot Corporation, State St, Columbus, IN"}},{"query":{"id":[{"timestamp_usec":"1426343970006465"},{"timestamp_usec":"1426345386782140"},{"timestamp_usec":"1426345398838329"}],"query_text":"Kroot corporation in Columbus Indiana"}},{"query":{"id":[{"timestamp_usec":"1426343101278748"},{"timestamp_usec":"1426343200826753"}],"query_text":"esn checker"}},{"query":{"id":[{"timestamp_usec":"1426342370319640"}],"query_text":"(Current Location) -> 1300 Graham Rd, Franklin, IN 46131"}},{"query":{"id":[{"timestamp_usec":"1426342368660895"}],"query_text":"1300 Graham Rd, Franklin, IN"}},{"query":{"id":[{"timestamp_usec":"1426312854792004"}],"query_text":"how do I replace my battery on my htc evo"}},{"query":{"id":[{"timestamp_usec":"1426312231676654"}],"query_text":"what kind of phone is a htc pj40110"}},{"query":{"id":[{"timestamp_usec":"1426312008967738"}],"query_text":"how can I tell what kind of cell phone I have"}},{"query":{"id":[{"timestamp_usec":"1426311924687777"}],"query_text":"imei 359902043303274"}},{"query":{"id":[{"timestamp_usec":"1426307706963677"},{"timestamp_usec":"1426308366405831"},{"timestamp_usec":"1426308951785893"}],"query_text":"how can i tell if my sprint phone has a clean esn"}},{"query":{"id":[{"timestamp_usec":"1426303874685550"}],"query_text":"how do I put on a sidekick shoulder gun holster"}},{"query":{"id":[{"timestamp_usec":"1426271499060779"}],"query_text":"kroots scrap yard in Columbus indiw"}},{"query":{"id":[{"timestamp_usec":"1426258825697312"}],"query_text":"dentists in Franklin indiana"}},{"query":{"id":[{"timestamp_usec":"1426257609810399"}],"query_text":"a period that has lasted 40 days"}},{"query":{"id":[{"timestamp_usec":"1426257372362204"}],"query_text":"Christopher Benjamin born in kansas and served at fort hood in Killeen texas"}},{"query":{"id":[{"timestamp_usec":"1426253997573310"}],"query_text":"chris benjamin was in army stationed at fort hood indiana"}},{"query":{"id":[{"timestamp_usec":"1426253957331267"}],"query_text":"chris benjamin"}},{"query":{"id":[{"timestamp_usec":"1426253784425009"}],"query_text":"chris benjamin went to fort hood in texas"}},{"query":{"id":[{"timestamp_usec":"1426253757645537"}],"query_text":"chris benjamin"}},{"query":{"id":[{"timestamp_usec":"1426230517744000"}],"query_text":"scanner app"}},{"query":{"id":[{"timestamp_usec":"1426228575040571"}],"query_text":"toothpain cures"}},{"query":{"id":[{"timestamp_usec":"1426205607255797"}],"query_text":"rally's desserts"}},{"query":{"id":[{"timestamp_usec":"1426203158326321"}],"query_text":"rally's desserts"}},{"query":{"id":[{"timestamp_usec":"1426180652143244"}],"query_text":"(Current Location) -> Maaco Collision Repair & Auto Painting, 511 S Werges Ave, Indianapolis, IN 46227, United States"}},{"query":{"id":[{"timestamp_usec":"1426180635382928"}],"query_text":"maaco in Greenwood indiana"}},{"query":{"id":[{"timestamp_usec":"1426178474992949"}],"query_text":"Maaco in Greenwood Indiana"}},{"query":{"id":[{"timestamp_usec":"1426159526687357"}],"query_text":"fcms homepage"}},{"query":{"id":[{"timestamp_usec":"1426044080202000"}],"query_text":"police scanner"}},{"query":{"id":[{"timestamp_usec":"1426015216034434"}],"query_text":"H&R Block in Franklin ND Anna"}},{"query":{"id":[{"timestamp_usec":"1426015198998759"}],"query_text":"Liberty Tax Service in Franklin Indiana"}},{"query":{"id":[{"timestamp_usec":"1426006824565859"}],"query_text":"locking lug nut keys at autozone"}},{"query":{"id":[{"timestamp_usec":"1426006632284598"},{"timestamp_usec":"1426006808114951"}],"query_text":"locking lug nut keys in autozone"}},{"query":{"id":[{"timestamp_usec":"1426006493684304"}],"query_text":"locking lug nut key"}},{"query":{"id":[{"timestamp_usec":"1426000438553533"}],"query_text":"(Current Location) -> 1300 Graham Rd, Franklin, IN 46131"}},{"query":{"id":[{"timestamp_usec":"1426000432875285"}],"query_text":"1300 Graham Rd, Franklin, IN"}},{"query":{"id":[{"timestamp_usec":"1425999980827848"}],"query_text":"(Current Location) -> 1300 Graham Rd, Franklin, IN 46131"}},{"query":{"id":[{"timestamp_usec":"1425999964952473"}],"query_text":"1300 Graham Rd, Franklin, IN"}},{"query":{"id":[{"timestamp_usec":"1425997968913715"}],"query_text":"(Current Location) -> Pull-A-Part - Indianapolis, 2505 Forest Manor Ave, Indianapolis, IN 46218, United States"}},{"query":{"id":[{"timestamp_usec":"1425951052600647"},{"timestamp_usec":"1425951158838298"},{"timestamp_usec":"1425952856146339"}],"query_text":"pf"}},{"query":{"id":[{"timestamp_usec":"1425949127027000"},{"timestamp_usec":"1425949140503000"},{"timestamp_usec":"1425949149421000"}],"query_text":"police scanner"}},{"query":{"id":[{"timestamp_usec":"1425924942204955"},{"timestamp_usec":"1425925068173774"},{"timestamp_usec":"1425926019553580"}],"query_text":"kroots salvage yard in Columbus Indiana"}},{"query":{"id":[{"timestamp_usec":"1425912441900150"}],"query_text":"obg yn in Franklin indiana"}},{"query":{"id":[{"timestamp_usec":"1425908839985242"}],"query_text":"the song were would I be without u"}},{"query":{"id":[{"timestamp_usec":"1425868368936344"}],"query_text":"silent of the lamb"}},{"query":{"id":[{"timestamp_usec":"1425864208248764"}],"query_text":"Straight Talk customer service"}},{"query":{"id":[{"timestamp_usec":"1425860338891237"}],"query_text":"Verizon Wireless customer support"}},{"query":{"id":[{"timestamp_usec":"1425856802529597"}],"query_text":"rallies in Greenwood indiana"}},{"query":{"id":[{"timestamp_usec":"1425840383395556"},{"timestamp_usec":"1425840578979610"}],"query_text":"Speedway in Franklin Indiana"}},{"query":{"id":[{"timestamp_usec":"1425829501309679"}],"query_text":"Verizon Wireless customer"}},{"query":{"id":[{"timestamp_usec":"1425775830989790"}],"query_text":"24 hr laundry mats near franklin in"}},{"query":{"id":[{"timestamp_usec":"1425769134958993"}],"query_text":"Murphy's gas station on us 31"}},{"query":{"id":[{"timestamp_usec":"1425769091751329"}],"query_text":"Murphy's gas station on us 31 in Franklin Indiana"}},{"query":{"id":[{"timestamp_usec":"1425769077501872"}],"query_text":"Murphy's gas station on us 31"}},{"query":{"id":[{"timestamp_usec":"1425769066045006"}],"query_text":"number for the gas station next to Walmart in Franklin Indiana whats in whats the number to the gas station at Walmart whats the name of it"}},{"query":{"id":[{"timestamp_usec":"1425746273434901"}],"query_text":"where does my ground wire go on my 1997 mazda protege"}},{"query":{"id":[{"timestamp_usec":"1425745891320780"}],"query_text":"where does my ground wire go on my 1997 Mazda Protege"}},{"query":{"id":[{"timestamp_usec":"1425679916800494"}],"query_text":"tracfone customer service"}},{"query":{"id":[{"timestamp_usec":"1425666609472211"}],"query_text":"corporate dominoes pizza in franklin indiana"}},{"query":{"id":[{"timestamp_usec":"1425666469629869"}],"query_text":"corporate dominoes pizza in Franklin indiana"}},{"query":{"id":[{"timestamp_usec":"1425662058925049"}],"query_text":"(Current Location) -> 1300 Graham Rd, Franklin, IN 46131"}},{"query":{"id":[{"timestamp_usec":"1425655030186153"}],"query_text":"(Current Location) -> Pull-A-Part - Indianapolis, 2505 Forest Manor Ave, Indianapolis, IN 46218, United States"}},{"query":{"id":[{"timestamp_usec":"1425652791488879"}],"query_text":"pull a part"}},{"query":{"id":[{"timestamp_usec":"1425600257298930"},{"timestamp_usec":"1425600324762955"}],"query_text":"pick a part in Indianapolis Indiana"}},{"query":{"id":[{"timestamp_usec":"1425577809989173"}],"query_text":"infinity qx4"}},{"query":{"id":[{"timestamp_usec":"1425565849606685"}],"query_text":"turbotax"}},{"query":{"id":[{"timestamp_usec":"1425509390117281"}],"query_text":"want is set up wizard app"}},{"query":{"id":[{"timestamp_usec":"1425486164491966"},{"timestamp_usec":"1425486260770686"},{"timestamp_usec":"1425486279225423"}],"query_text":"turbo tax"}},{"query":{"id":[{"timestamp_usec":"1425484827590792"}],"query_text":"do my own taxes"}},{"query":{"id":[{"timestamp_usec":"1425484716923635"},{"timestamp_usec":"1425484797493320"}],"query_text":"france in franklin indiana"}},{"query":{"id":[{"timestamp_usec":"1425484539198972"},{"timestamp_usec":"1425484550171085"},{"timestamp_usec":"1425484572184556"}],"query_text":"due date to get ur taxes done"}},{"query":{"id":[{"timestamp_usec":"1425484109044002"}],"query_text":"grahams in franklin in"}},{"query":{"id":[{"timestamp_usec":"1425484089032858"}],"query_text":"France in Franklin Indiana"}},{"query":{"id":[{"timestamp_usec":"1425484053097596"}],"query_text":"Grahams in Franklin Indiana"}},{"query":{"id":[{"timestamp_usec":"1425484036489357"}],"query_text":"lightest grams in Franklin Indiana"}},{"query":{"id":[{"timestamp_usec":"1425443741445984"}],"query_text":"golden corral"}},{"query":{"id":[{"timestamp_usec":"1425428506563334"}],"query_text":"(Current Location) -> 160 S Marlin Dr, Greenwood, IN 46142"}},{"query":{"id":[{"timestamp_usec":"1425428469789930"}],"query_text":"160 S Marlin Dr, Greenwood 46142"}},{"query":{"id":[{"timestamp_usec":"1425428018353603"}],"query_text":"golden corral"}},{"query":{"id":[{"timestamp_usec":"1425420548257791"},{"timestamp_usec":"1425420574295930"}],"query_text":"grahams towing in franklin in"}},{"query":{"id":[{"timestamp_usec":"1425420163329410"}],"query_text":"the BMV in Franklin Indiana"}},{"query":{"id":[{"timestamp_usec":"1425409965999662"},{"timestamp_usec":"1425410058477032"},{"timestamp_usec":"1425410185089750"},{"timestamp_usec":"1425410684289735"}],"query_text":"bmv in franklin indiana"}},{"query":{"id":[{"timestamp_usec":"1425404873278767"}],"query_text":"safe auto auto insurance"}},{"query":{"id":[{"timestamp_usec":"1425404679302591"}],"query_text":"the general auto insurance"}},{"query":{"id":[{"timestamp_usec":"1425404624690963"}],"query_text":"GEICO insurance company"}},{"query":{"id":[{"timestamp_usec":"1425404396189227"}],"query_text":"bmv in franklin in"}},{"query":{"id":[{"timestamp_usec":"1425396820220652"}],"query_text":"how can I tell which generation my iPod Touch is"}},{"query":{"id":[{"timestamp_usec":"1425228048553971"},{"timestamp_usec":"1425228121211428"}],"query_text":"Straight Talk customer service"}},{"query":{"id":[{"timestamp_usec":"1425223263336759"}],"query_text":"AT&T APN settings"}},{"query":{"id":[{"timestamp_usec":"1425216546231840"}],"query_text":"straight talk customer service"}},{"query":{"id":[{"timestamp_usec":"1425216404833498"}],"query_text":"why cant I send pics through my phone"}},{"query":{"id":[{"timestamp_usec":"1425164062119326"},{"timestamp_usec":"1425165954832001"}],"query_text":"redbook movies"}},{"query":{"id":[{"timestamp_usec":"1425151000703242"},{"timestamp_usec":"1425151399033331"}],"query_text":"redbook movies"}},{"query":{"id":[{"timestamp_usec":"1425150927952551"}],"query_text":"redbook"}},{"query":{"id":[{"timestamp_usec":"1425150679597403"}],"query_text":"Redbook"}},{"query":{"id":[{"timestamp_usec":"1425092669853324"}],"query_text":"(Current Location) -> 1231 N Aberdeen Dr, Franklin, IN 46131"}},{"query":{"id":[{"timestamp_usec":"1425092661103867"}],"query_text":"1231 north Aberdeen road Franklin indiana"}},{"query":{"id":[{"timestamp_usec":"1425036325114420"}],"query_text":"web md"}},{"query":{"id":[{"timestamp_usec":"1424892290781003"}],"query_text":"how do I replace the rear axle bearing on a 2003 Ford F 150"}},{"query":{"id":[{"timestamp_usec":"1424876702537808"}],"query_text":"graham towing franklin in"}},{"query":{"id":[{"timestamp_usec":"1424874584781814"}],"query_text":"deaths in stark couny indiana"}},{"query":{"id":[{"timestamp_usec":"1424811993042992"}],"query_text":"Johnson County Probation Department"}},{"query":{"id":[{"timestamp_usec":"1424745087285000"},{"timestamp_usec":"1424745094521000"}],"query_text":"app killer"}},{"query":{"id":[{"timestamp_usec":"1424735125435000"}],"query_text":"flashlight"}},{"query":{"id":[{"timestamp_usec":"1424540466905452"}],"query_text":"(Current Location) -> 1879 Eastwood St, Greenwood, IN"}},{"query":{"id":[{"timestamp_usec":"1424470272433869"}],"query_text":"lvis"}},{"query":{"id":[{"timestamp_usec":"1424465388892985"}],"query_text":"(Current Location) -> 1879 Eastwood St, Greenwood, IN 46143"}},{"query":{"id":[{"timestamp_usec":"1424465382027635"}],"query_text":"1879 Eastwood Street, Greenwood, IN"}},{"query":{"id":[{"timestamp_usec":"1424458826334581"}],"query_text":"(Current Location) -> 1300 Graham Rd, Franklin, IN 46131"}},{"query":{"id":[{"timestamp_usec":"1424448564088036"}],"query_text":"(Current Location) -> Pull-A-Part of Indianapolis, 2505 Forest Manor Ave, Indianapolis, IN 46218, United States"}},{"query":{"id":[{"timestamp_usec":"1424024326494408"}],"query_text":"Mississippi"}},{"query":{"id":[{"timestamp_usec":"1423685527649376"}],"query_text":"dickface"}},{"query":{"id":[{"timestamp_usec":"1423672754599282"}],"query_text":"lvis"}},{"query":{"id":[{"timestamp_usec":"1423587233045168"}],"query_text":"Hardees in Whiteland Indiana"}},{"query":{"id":[{"timestamp_usec":"1423587202112775"}],"query_text":"McDonalds"}},{"query":{"id":[{"timestamp_usec":"1423586132828514"},{"timestamp_usec":"1423586151237887"}],"query_text":"(Current Location) -> Southern Plaza Shopping Center, South East Street, Indianapolis, IN"}},{"query":{"id":[{"timestamp_usec":"1423586096396415"}],"query_text":"(Current Location) -> Pic-A-Part, W 16th St, Indianapolis, IN"}},{"query":{"id":[{"timestamp_usec":"1423585945434451"}],"query_text":"(Current Location) -> southern Plaza in Indianapolis Indiana"}},{"query":{"id":[{"timestamp_usec":"1423568117935685"}],"query_text":"johnson co hospital"}},{"query":{"id":[{"timestamp_usec":"1423539962119534"}],"query_text":"is there an over the counter medicine I can use for panic attacks"}},{"query":{"id":[{"timestamp_usec":"1423489933505615"}],"query_text":"(Current Location) -> 351 Johnson Ave, Franklin, IN"}},{"query":{"id":[{"timestamp_usec":"1423489906339890"}],"query_text":"1300 Graham Rd, Franklin, IN -> 351 Johnson Ave, Franklin, IN"}},{"query":{"id":[{"timestamp_usec":"1423482661643000"}],"query_text":"app killer"}},{"query":{"id":[{"timestamp_usec":"1423440106014936"}],"query_text":"Wahl precision hair clippers"}},{"query":{"id":[{"timestamp_usec":"1423439268162902"}],"query_text":"should my catalytic converters glow red on my 2004 Dodge Ram 1500"}},{"query":{"id":[{"timestamp_usec":"1423433378628437"}],"query_text":"replacement screen for Motorola Droid"}},{"query":{"id":[{"timestamp_usec":"1423420275783769"}],"query_text":"why isn't my 2004 Dodge Ram with a 5.7hemi I going right"}},{"query":{"id":[{"timestamp_usec":"1423414583645076"}],"query_text":"idling problems for 2004 Dodge Ram 1500 5 .7 Hemi"}},{"query":{"id":[{"timestamp_usec":"1423414360463264"}],"query_text":"where is the idle air control sensor on my 2004 Dodge Ram 1500"}},{"query":{"id":[{"timestamp_usec":"1423391414051948"}],"query_text":"what is a good medicine for panic attacks and stress"}},{"query":{"id":[{"timestamp_usec":"1423278675890428"}],"query_text":"what is a good medicine for panic attacks and stress"}},{"query":{"id":[{"timestamp_usec":"1423268897580475"}],"query_text":"how to stop nerve attacks and panic attacks"}},{"query":{"id":[{"timestamp_usec":"1423266758716314"},{"timestamp_usec":"1423268086036609"}],"query_text":"how do I stop panic attacks"}},{"query":{"id":[{"timestamp_usec":"1423252005423382"}],"query_text":"John P Wilson in Whiteland Indiana"}},{"query":{"id":[{"timestamp_usec":"1423240889034366"}],"query_text":"what is methadone used for"}},{"query":{"id":[{"timestamp_usec":"1423187357914235"},{"timestamp_usec":"1423188270118657"}],"query_text":"dollar tree hours in franklin indiana"}},{"query":{"id":[{"timestamp_usec":"1423154829897829"}],"query_text":"attorney John Wilson in Whiteland Indiana"}},{"query":{"id":[{"timestamp_usec":"1423154747292511"}],"query_text":"lawyer in whiteland Indiana"}},{"query":{"id":[{"timestamp_usec":"1423154634983705"}],"query_text":"attorney in whiteland indiana"}},{"query":{"id":[{"timestamp_usec":"1423153856413316"}],"query_text":"nerve doctors in Franklin Indiana"}},{"query":{"id":[{"timestamp_usec":"1423153778026426"}],"query_text":"nerve specialist and Greenwood or Indianapolis Indiana"}},{"query":{"id":[{"timestamp_usec":"1423152865712393"}],"query_text":"panic attacks"}},{"query":{"id":[{"timestamp_usec":"1423152710254042"}],"query_text":"symptoms of panic attacks"}},{"query":{"id":[{"timestamp_usec":"1423130821610627"}],"query_text":"system checker"}},{"query":{"id":[{"timestamp_usec":"1423113713818239"}],"query_text":"why am i shakeing uncontrollably and have no balance"}},{"query":{"id":[{"timestamp_usec":"1423112807008470"},{"timestamp_usec":"1423113494330758"}],"query_text":"system checker"}},{"query":{"id":[{"timestamp_usec":"1423110954553333"}],"query_text":"(Current Location) -> 1300 Graham Rd, Franklin, IN 46131"}},{"query":{"id":[{"timestamp_usec":"1423104337088957"}],"query_text":"why am I shakeing uncontrollably and have no balance"}},{"query":{"id":[{"timestamp_usec":"1423079014338393"}],"query_text":"what cause blurry vision. dry mouth. shakky. no balance"}},{"query":{"id":[{"timestamp_usec":"1423051528943410"}],"query_text":"dollar tree hours in franklin Indiana"}},{"query":{"id":[{"timestamp_usec":"1423048189850015"},{"timestamp_usec":"1423048294614635"}],"query_text":"porter starke"}},{"query":{"id":[{"timestamp_usec":"1423023041594708"},{"timestamp_usec":"1423023838972258"}],"query_text":"webmd"}},{"query":{"id":[{"timestamp_usec":"1422980727685957"}],"query_text":"KFC in Franklin Indiana"}},{"query":{"id":[{"timestamp_usec":"1422980033089330"}],"query_text":"KFC menu"}},{"query":{"id":[{"timestamp_usec":"1422979602327092"}],"query_text":"Porter Starke"}},{"query":{"id":[{"timestamp_usec":"1422974950789503"}],"query_text":"power steering pulley puller set"}},{"query":{"id":[{"timestamp_usec":"1422974500144390"}],"query_text":"cobra microtalk walkie talkies"}},{"query":{"id":[{"timestamp_usec":"1422938506807420"}],"query_text":"can a person get scared to death"}},{"query":{"id":[{"timestamp_usec":"1422938341488539"}],"query_text":"is it true that person get scared to death"}},{"query":{"id":[{"timestamp_usec":"1422902895845030"}],"query_text":"john willson attorney in whiteland Indiana"}},{"query":{"id":[{"timestamp_usec":"1422802997081795"}],"query_text":"rise of mythos"}},{"query":{"id":[{"timestamp_usec":"1422802621842000"}],"query_text":"bump locks"}},{"query":{"id":[{"timestamp_usec":"1422802356226000"}],"query_text":"bump locks guide"}},{"query":{"id":[{"timestamp_usec":"1422802355391000"}],"query_text":"bump locks"}},{"query":{"id":[{"timestamp_usec":"1422800987477000"},{"timestamp_usec":"1422801174822000"},{"timestamp_usec":"1422801174990000"}],"query_text":"lock picking guide"}},{"query":{"id":[{"timestamp_usec":"1422800923096000"}],"query_text":"security lock"}},{"query":{"id":[{"timestamp_usec":"1422800103532000"}],"query_text":"battery doctor"}},{"query":{"id":[{"timestamp_usec":"1422781708651122"}],"query_text":"brunton solar charger walmart"}},{"query":{"id":[{"timestamp_usec":"1422759510497210"}],"query_text":"rise of mythos"}},{"query":{"id":[{"timestamp_usec":"1422735749917134"},{"timestamp_usec":"1422735750757223"}],"query_text":"section 8 where to appy for residents in johnson county indiana"}},{"query":{"id":[{"timestamp_usec":"1422735323510454"},{"timestamp_usec":"1422735645851042"}],"query_text":"section 8 johnson county indiana"}},{"query":{"id":[{"timestamp_usec":"1422735131213077"}],"query_text":"(Current Location) -> 300 S Madison Ave, Greenwood, IN"}},{"query":{"id":[{"timestamp_usec":"1422734915694311"}],"query_text":"39.490792,-86.0746334 -> 300 S Madison Ave, Greenwood, IN 46142"}},{"query":{"id":[{"timestamp_usec":"1422734856302284"},{"timestamp_usec":"1422734857610443"}],"query_text":"39.4936844,-86.0718327 -> 300 S Madison Ave, Greenwood, IN 46142"}},{"query":{"id":[{"timestamp_usec":"1422734567284978"}],"query_text":"hr office in Greenwood Indiana"}},{"query":{"id":[{"timestamp_usec":"1422728859725353"}],"query_text":"(Current Location) -> 3615 N Grant Ave, Indianapolis, IN"}},{"query":{"id":[{"timestamp_usec":"1422726425521487"}],"query_text":"what makes a fuel pump go out"}},{"query":{"id":[{"timestamp_usec":"1422632090675820"}],"query_text":"Chrysler dealer in Franklin Indiana"}},{"query":{"id":[{"timestamp_usec":"1422573712236026"}],"query_text":"what kind of paint will stick to stained trim"}},{"query":{"id":[{"timestamp_usec":"1422548889503486"}],"query_text":"attorney in whiteland indiana"}},{"query":{"id":[{"timestamp_usec":"1422500839933239"}],"query_text":"why does the heat work only in the front of my 2006 Dodge Grand Caravan but not in the back"}},{"query":{"id":[{"timestamp_usec":"1422495713191976"}],"query_text":"Franklin High School in Franklin Indiana"}},{"query":{"id":[{"timestamp_usec":"1422462178531709"}],"query_text":"how do I replace my ignition in my 2000 Chrysler Town and Country minivan"}},{"query":{"id":[{"timestamp_usec":"1422430029915962"},{"timestamp_usec":"1422431379113122"}],"query_text":"ep"}},{"query":{"id":[{"timestamp_usec":"1422415802755866"}],"query_text":"how do i replace my ignition on my 2000 chrysler town and country"}},{"query":{"id":[{"timestamp_usec":"1422405990579698"}],"query_text":"how do I replace my ignition on my 2000 Chrysler Town and Country"}},{"query":{"id":[{"timestamp_usec":"1422394713233545"}],"query_text":"(Current Location) -> Tom O'Brien Chrysler Jeep Dodge Ram - Greenwood, South U.S. 31, Greenwood, IN, United States"}},{"query":{"id":[{"timestamp_usec":"1422393748452739"}],"query_text":"(Current Location) -> Tom O'Brien Chrysler Jeep Dodge Ram - Greenwood"}},{"query":{"id":[{"timestamp_usec":"1422393731929166"}],"query_text":"Tom O'Brien in Greenwood Indiana"}},{"query":{"id":[{"timestamp_usec":"1422389348751910"}],"query_text":"(Current Location) -> 3615 N Grant Ave, Indianapolis, IN 46218"}},{"query":{"id":[{"timestamp_usec":"1422376744127528"}],"query_text":"Tom O'Brien in Greenwood Indiana"}},{"query":{"id":[{"timestamp_usec":"1422331798686030"},{"timestamp_usec":"1422331945530657"}],"query_text":"what year fuel pumps are compatible with my 2004 Dodge Ram 1500"}},{"query":{"id":[{"timestamp_usec":"1422331677688804"}],"query_text":"what does a fuel pump look like for a 2004 Dodge Ram 1500"}},{"query":{"id":[{"timestamp_usec":"1422314319972718"}],"query_text":"why do fuel pumps go out in vehicles"}},{"query":{"id":[{"timestamp_usec":"1422312452274607"}],"query_text":"can I clean a fuel pump on a Dodge Ram 1500 2004"}},{"query":{"id":[{"timestamp_usec":"1422263779272849"}],"query_text":"i am david"}},{"query":{"id":[{"timestamp_usec":"1422253625730000"}],"query_text":"free tv shows to watch now"}},{"query":{"id":[{"timestamp_usec":"1422201127720697"}],"query_text":"Advance Auto in Franklin Indiana"}},{"query":{"id":[{"timestamp_usec":"1422200362562137"}],"query_text":"where does my blower motor resistor go on my 2006 Dodge"}},{"query":{"id":[{"timestamp_usec":"1422198979050943"},{"timestamp_usec":"1422199076348845"}],"query_text":"Mark Wahlberg military movies"}},{"query":{"id":[{"timestamp_usec":"1422177395741000"}],"query_text":"visual voicemail app"}},{"query":{"id":[{"timestamp_usec":"1422139747066486"}],"query_text":"(Current Location) -> 1300 Graham Rd, Franklin, IN 46131"}},{"query":{"id":[{"timestamp_usec":"1422133319839820"}],"query_text":"(Current Location) -> Pic-A-Part, 940 W 16th St, Indianapolis, IN 46202"}},{"query":{"id":[{"timestamp_usec":"1422133244690420"}],"query_text":"pharmacy"}},{"query":{"id":[{"timestamp_usec":"1422133225053754"}],"query_text":"Empire Beauty School, East Southport Road, Indianapolis, IN, USA"}},{"query":{"id":[{"timestamp_usec":"1422055941209477"}],"query_text":"how can I tell if the motor in my 2003 Ford Taurus will bolt up in my 1999 Ford Taurus"}},{"query":{"id":[{"timestamp_usec":"1422055828807210"}],"query_text":"will my 3.0 motor in my 2003 Ford Taurus work in my 1999 Ford Taurus"}},{"query":{"id":[{"timestamp_usec":"1422025546827571"}],"query_text":"why would my headlights stay on after I unplug my headlight switch on my 1999 Ford Taurus"}},{"query":{"id":[{"timestamp_usec":"1421973048610586"}],"query_text":"why wont my headlights shut off on my 1999 Ford Taurus"}},{"query":{"id":[{"timestamp_usec":"1421854477731905"}],"query_text":"(Current Location) -> RadioShack, 2319 East 53Rd St, Keystone Plaza, Indianapolis, IN 46220"}},{"query":{"id":[{"timestamp_usec":"1421852617301369"}],"query_text":"how do I setup my Cobra ESD 7400"}},{"query":{"id":[{"timestamp_usec":"1421848752894022"}],"query_text":"is it illegal to have a radar scanner on in the state of Indiana"}},{"query":{"id":[{"timestamp_usec":"1421794881729485"}],"query_text":"how do I operate my Stealth Cam"}},{"query":{"id":[{"timestamp_usec":"1421787947236361"}],"query_text":"(Current Location) -> 480 Center St, Franklin, IN, USA"}},{"query":{"id":[{"timestamp_usec":"1421787389077913"}],"query_text":"(Current Location) -> 125 3rd Street, Columbus, IN"}},{"query":{"id":[{"timestamp_usec":"1421784772549690"}],"query_text":"(Current Location) -> Kroot Corporation, State Street, Columbus, IN"}},{"query":{"id":[{"timestamp_usec":"1421658358055454"}],"query_text":"can i use a verizon galaxy s3 with my straight talk service"}},{"query":{"id":[{"timestamp_usec":"1421644996869254"}],"query_text":"can i use a verizon galaxy s3 with my straight talk service"}},{"query":{"id":[{"timestamp_usec":"1421604134288075"}],"query_text":"(Current Location) -> AutoZone, 785 U.S. 31, Greenwood, IN 46143"}},{"query":{"id":[{"timestamp_usec":"1421603327079994"}],"query_text":"(Current Location) -> AutoZone, East Stop 11 Road, Indianapolis, IN, United States"}},{"query":{"id":[{"timestamp_usec":"1421603291528477"}],"query_text":"AutoZone, East Stop 11 Road, Indianapolis, IN, United States -> 8800 Madison Ave, Indianapolis, IN, USA"}},{"query":{"id":[{"timestamp_usec":"1421603262477309"}],"query_text":"ra"}},{"query":{"id":[{"timestamp_usec":"1421591554103171"}],"query_text":"can I use a Verizon Galaxy s3 with my straight talk service"}},{"query":{"id":[{"timestamp_usec":"1421591521958599"}],"query_text":"can I use a Verizon Galaxy s3 with my"}},{"query":{"id":[{"timestamp_usec":"1421552463888887"}],"query_text":"24 hour autozone in Greenwood Indiana"}},{"query":{"id":[{"timestamp_usec":"1421506720025452"}],"query_text":"(Current Location) -> Elijah Blue Dr, Greenwood, IN 46143"}},{"query":{"id":[{"timestamp_usec":"1421506710762192"}],"query_text":"Elijah Blue Dr, Greenwood, IN, USA"}},{"query":{"id":[{"timestamp_usec":"1421506688058193"}],"query_text":"(Current Location) -> Elijah Blue Dr, Greenwood, IN 46143"}},{"query":{"id":[{"timestamp_usec":"1421506683044185"}],"query_text":"Elijah Blue Dr, Greenwood, IN, USA"}},{"query":{"id":[{"timestamp_usec":"1421505466804695"},{"timestamp_usec":"1421506662334848"}],"query_text":"(Current Location) -> Elijah Blue Drive, Greenwood, IN"}},{"query":{"id":[{"timestamp_usec":"1421505433398448"}],"query_text":"8800 Madison Ave, Indianapolis, IN, USA"}},{"query":{"id":[{"timestamp_usec":"1421505396726322"}],"query_text":"Red Lobster, E Thompson Rd, Indianapolis, IN, United States"}},{"query":{"id":[{"timestamp_usec":"1421433173531049"}],"query_text":"autozone in Columbus Indiana"}},{"query":{"id":[{"timestamp_usec":"1421427024065046"}],"query_text":"autozone in Greenwood Indiana"}},{"query":{"id":[{"timestamp_usec":"1421425977135805"}],"query_text":"autozone in greenwood indiana"}},{"query":{"id":[{"timestamp_usec":"1421425522425326"}],"query_text":"(Current Location) -> AutoZone"}},{"query":{"id":[{"timestamp_usec":"1421425492741523"}],"query_text":"autozone in whiteland and Greenwood Indiana"}},{"query":{"id":[{"timestamp_usec":"1421425430716117"}],"query_text":"autozone in greenwood indiana"}},{"query":{"id":[{"timestamp_usec":"1421425299732864"}],"query_text":"(Current Location) -> AutoZone, 785 U.S. 31, Greenwood, IN 46143"}},{"query":{"id":[{"timestamp_usec":"1421425160294349"}],"query_text":"autozone near my location"}},{"query":{"id":[{"timestamp_usec":"1421421749054453"}],"query_text":"autozone in Greenwood Indiana"}},{"query":{"id":[{"timestamp_usec":"1421414661795864"}],"query_text":"true corporation in Columbus Indiana"}},{"query":{"id":[{"timestamp_usec":"1421261802963092"}],"query_text":"what does he stand for on my fire drift slot machine"}},{"query":{"id":[{"timestamp_usec":"1421261792742089"}],"query_text":"what does HG mean on my fire drift slot machine"}},{"query":{"id":[{"timestamp_usec":"1421261681074584"}],"query_text":"how do I reset a fire drift slot machine"}},{"query":{"id":[{"timestamp_usec":"1421243601129357"}],"query_text":"slot machine repair in greenwood indiana"}},{"query":{"id":[{"timestamp_usec":"1421179717036141"}],"query_text":"slot machine repair in Greenwood Indiana"}},{"query":{"id":[{"timestamp_usec":"1421173619663692"},{"timestamp_usec":"1421173619885586"},{"timestamp_usec":"1421173620641040"}],"query_text":"motorola rokr"}},{"query":{"id":[{"timestamp_usec":"1421173617924203"}],"query_text":"motorola rokr e1"}},{"query":{"id":[{"timestamp_usec":"1421173472937050"},{"timestamp_usec":"1421173540733485"}],"query_text":"motorola rokr"}},{"query":{"id":[{"timestamp_usec":"1421173128839013"}],"query_text":"how do I use my Motorola ROKR headset"}},{"query":{"id":[{"timestamp_usec":"1421173106443605"}],"query_text":"motorola rokr"}},{"query":{"id":[{"timestamp_usec":"1421173015360912"}],"query_text":"motorola rokr headset"}},{"query":{"id":[{"timestamp_usec":"1421172952639542"}],"query_text":"motorola rokr"}},{"query":{"id":[{"timestamp_usec":"1421158504793639"}],"query_text":"how do I reset a fire drift slot machine"}},{"query":{"id":[{"timestamp_usec":"1421158470916774"}],"query_text":"fire drift slot machine"}},{"query":{"id":[{"timestamp_usec":"1421113454159981"}],"query_text":"fire drift slot machine"}},{"query":{"id":[{"timestamp_usec":"1421091279347807"},{"timestamp_usec":"1421091463229491"},{"timestamp_usec":"1421092108325253"}],"query_text":"fire drift slot machine"}},{"query":{"id":[{"timestamp_usec":"1421091244865780"}],"query_text":"how do I work on firedrive slot machine"}},{"query":{"id":[{"timestamp_usec":"1421064925551072"}],"query_text":"fox 59"}},{"query":{"id":[{"timestamp_usec":"1421005600143753"}],"query_text":"how can I get a ICLOUD account off my iphone 5c"}},{"query":{"id":[{"timestamp_usec":"1420990074811225"}],"query_text":"Blakes tire center in Franklin Indiana"}},{"query":{"id":[{"timestamp_usec":"1420989851255100"}],"query_text":"Elite tire center in Franklin Indiana"}},{"query":{"id":[{"timestamp_usec":"1420989833173331"}],"query_text":"boutiques in Franklin Indiana"}},{"query":{"id":[{"timestamp_usec":"1420958955075799"}],"query_text":"McDonalds Allston whiteland exit"}},{"query":{"id":[{"timestamp_usec":"1420943634571828"}],"query_text":"24 hour autozone in Greenwood Indiana"}},{"query":{"id":[{"timestamp_usec":"1420912753474671"}],"query_text":"how do I fix my chamberlain garage door"}},{"query":{"id":[{"timestamp_usec":"1420912484361322"}],"query_text":"chamberlain"}},{"query":{"id":[{"timestamp_usec":"1420912400447562"}],"query_text":"chamberlain garage door"}},{"query":{"id":[{"timestamp_usec":"1420912387503067"}],"query_text":"chamberlain"}},{"query":{"id":[{"timestamp_usec":"1420912335263218"}],"query_text":"genie garage door opener"}},{"query":{"id":[{"timestamp_usec":"1420912073070813"}],"query_text":"chapplin garage door opener"}},{"query":{"id":[{"timestamp_usec":"1420912028153280"}],"query_text":"genie garage door opener"}},{"query":{"id":[{"timestamp_usec":"1420752099774367"},{"timestamp_usec":"1420752120982189"},{"timestamp_usec":"1420752152488992"},{"timestamp_usec":"1420752167364705"},{"timestamp_usec":"1420752654346522"},{"timestamp_usec":"1420752669153129"},{"timestamp_usec":"1420752688503636"},{"timestamp_usec":"1420753111751373"}],"query_text":"(Current Location) -> 480 Center St, Franklin, IN, USA"}},{"query":{"id":[{"timestamp_usec":"1420750451851651"}],"query_text":"(Current Location) -> 13000 N Meridian St, Carmel, IN 46032"}},{"query":{"id":[{"timestamp_usec":"1420746794526001"}],"query_text":"(Current Location) -> 13000 N Meridian St, Carmel, IN 46032"}},{"query":{"id":[{"timestamp_usec":"1420732912541904"}],"query_text":"appeal work one decision"}},{"query":{"id":[{"timestamp_usec":"1420730288211213"}],"query_text":"(Current Location) -> Burger King, 5625 Emerson Way, Indianapolis, IN 46220"}},{"query":{"id":[{"timestamp_usec":"1420730262040256"}],"query_text":"Burger King by 46th and Keystone"}},{"query":{"id":[{"timestamp_usec":"1420728916878323"}],"query_text":"franklin high school indiana"}},{"query":{"id":[{"timestamp_usec":"1420728341914959"}],"query_text":"appeal work one decision"}},{"query":{"id":[{"timestamp_usec":"1420728112392915"}],"query_text":"franklin high school indiana"}},{"query":{"id":[{"timestamp_usec":"1420675659137692"}],"query_text":"family video"}},{"query":{"id":[{"timestamp_usec":"1420675604624477"}],"query_text":"felix baumgartner video"}},{"query":{"id":[{"timestamp_usec":"1420656728064009"}],"query_text":"replacement screens for samsung sgh t599"}},{"query":{"id":[{"timestamp_usec":"1420656690312456"}],"query_text":"what is a SGH t599"}},{"query":{"id":[{"timestamp_usec":"1420655334880633"}],"query_text":"yellow replacement screen for Samsung Exhibit"}},{"query":{"id":[{"timestamp_usec":"1420654552429515"},{"timestamp_usec":"1420654562970594"},{"timestamp_usec":"1420654617401481"}],"query_text":"sgh-t599"}},{"query":{"id":[{"timestamp_usec":"1420653894431363"}],"query_text":"American Red Cross in Indianapolis Indiana"}},{"query":{"id":[{"timestamp_usec":"1420649339332684"}],"query_text":"Radio Shack in the Greenwood Park Mall"}},{"query":{"id":[{"timestamp_usec":"1420647183123649"}],"query_text":"(Current Location) -> RadioShack, 2319 East 53Rd St, Keystone Plaza, Indianapolis, IN 46220"}},{"query":{"id":[{"timestamp_usec":"1420646921732166"}],"query_text":"radio shack near me"}},{"query":{"id":[{"timestamp_usec":"1420614001549185"},{"timestamp_usec":"1420614001552572"},{"timestamp_usec":"1420614964414803"}],"query_text":"screen replacement for htc one s"}},{"query":{"id":[{"timestamp_usec":"1420602260732766"}],"query_text":"Circle K on Jefferson Street and 31 in Franklin Indiana"}},{"query":{"id":[{"timestamp_usec":"1420601075048163"}],"query_text":"Speedway in Franklin Indiana"}},{"query":{"id":[{"timestamp_usec":"1420596116837444"}],"query_text":"59 weather"}},{"query":{"id":[{"timestamp_usec":"1420582241393766"}],"query_text":"my iphone 5c says iPhone requires your passcode after restarting how do i bypass this"}},{"query":{"id":[{"timestamp_usec":"1420581949290214"}],"query_text":"how do I get the pin number off of my iPhone 5c"}},{"query":{"id":[{"timestamp_usec":"1420576289256102"}],"query_text":"can I use my sprint galaxy s4 for other carriers"}},{"query":{"id":[{"timestamp_usec":"1420575647666562"}],"query_text":"(Current Location) -> 559 Dunn St, Franklin, IN 46131"}},{"query":{"id":[{"timestamp_usec":"1420572137824108"}],"query_text":"(Current Location) -> Two Little Bee's Auto Parts, 505 South Tibbs Avenue, Indianapolis, IN 46241"}},{"query":{"id":[{"timestamp_usec":"1420571606076127"}],"query_text":"snow removal"}},{"query":{"id":[{"timestamp_usec":"1420567495977945"},{"timestamp_usec":"1420567512920242"},{"timestamp_usec":"1420567547148813"}],"query_text":"(Current Location) -> Pic-A-Part, W 16th St, Indianapolis, IN, United States"}},{"query":{"id":[{"timestamp_usec":"1420565736818723"}],"query_text":"(Current Location) -> Walgreens, North Meridian Street, Indianapolis, IN, United States"}},{"query":{"id":[{"timestamp_usec":"1420564184091556"}],"query_text":"(Current Location) -> Circle K, North Capitol Avenue, Indianapolis, IN, United States"}},{"query":{"id":[{"timestamp_usec":"1420562775690231"}],"query_text":"(Current Location) -> Pic-A-Part, 940 W 16th St, Indianapolis, IN 46202"}},{"query":{"id":[{"timestamp_usec":"1420562774535615"}],"query_text":"Pic-A-Part, W 16th St, Indianapolis, IN, United States"}},{"query":{"id":[{"timestamp_usec":"1420562673944267"}],"query_text":"(Current Location) -> Walgreens, 1530 North Meridian Street, Indianapolis, IN 46202"}},{"query":{"id":[{"timestamp_usec":"1420562123914501"},{"timestamp_usec":"1420562608839311"},{"timestamp_usec":"1420562621279727"}],"query_text":"(Current Location) -> Circle K, 2104 North Capitol Avenue, Indianapolis, IN 46202"}},{"query":{"id":[{"timestamp_usec":"1420562060118821"}],"query_text":"(Current Location) -> Indy-Westside Auto Parts, 505 South Tibbs Avenue, Indianapolis, IN 46241"}},{"query":{"id":[{"timestamp_usec":"1420561168318329"}],"query_text":"(Current Location) -> BP, 1545 East 38th Street, Indianapolis, IN 46205"}},{"query":{"id":[{"timestamp_usec":"1420560486008605"},{"timestamp_usec":"1420560499519989"}],"query_text":"(Current Location) -> Pic-A-Part, W 16th St, Indianapolis, IN, United States"}},{"query":{"id":[{"timestamp_usec":"1420554083091967"}],"query_text":"attorney in whiteland Indiana"}},{"query":{"id":[{"timestamp_usec":"1420510210541557"}],"query_text":"how do I replace the screen and the digitizer on a iphone 5c"}},{"query":{"id":[{"timestamp_usec":"1420498421610943"}],"query_text":"(Current Location) -> 559 Dunn St, Franklin, IN 46131"}},{"query":{"id":[{"timestamp_usec":"1420492828328834"}],"query_text":"(Current Location) -> Pic-A-Part, W 16th St, Indianapolis, IN, United States"}},{"query":{"id":[{"timestamp_usec":"1420492779962455"}],"query_text":"(Current Location) -> Pic-A-Part, 940 W 16th St, Indianapolis, IN 46202"}},{"query":{"id":[{"timestamp_usec":"1420492772500592"}],"query_text":"Pic-A-Part, W 16th St, Indianapolis, IN, United States"}},{"query":{"id":[{"timestamp_usec":"1420492649801859"}],"query_text":"(Current Location) -> Pic-A-Part, 940 W 16th St, Indianapolis, IN 46202"}},{"query":{"id":[{"timestamp_usec":"1420492644355300"}],"query_text":"Pic-A-Part, W 16th St, Indianapolis, IN, United States"}},{"query":{"id":[{"timestamp_usec":"1420491964552768"}],"query_text":"(Current Location) -> Pic-A-Part, W 16th St, Indianapolis, IN, United States"}},{"query":{"id":[{"timestamp_usec":"1420491870979320"}],"query_text":"(Current Location) -> RadioShack, 3638 South East St, Indianapolis, IN 46227"}},{"query":{"id":[{"timestamp_usec":"1420491516330783"}],"query_text":"(Current Location) -> Pic-A-Part, W 16th St, Indianapolis, IN, United States"}},{"query":{"id":[{"timestamp_usec":"1420309977805965"}],"query_text":"radio shack in Greenwood off of State Road 135"}},{"query":{"id":[{"timestamp_usec":"1420292855115717"}],"query_text":"aurora project"}},{"query":{"id":[{"timestamp_usec":"1420241228382460"}],"query_text":"aurora project"}},{"query":{"id":[{"timestamp_usec":"1420240755407459"}],"query_text":"felix baumgartner video"}},{"query":{"id":[{"timestamp_usec":"1420232961796033"}],"query_text":"dmv in franklin Indiana"}},{"query":{"id":[{"timestamp_usec":"1420232045412694"}],"query_text":"(Current Location) -> 559 Dunn St, Franklin, IN 46131"}},{"query":{"id":[{"timestamp_usec":"1420224154276580"}],"query_text":"(Current Location) -> 940 W 16th St, Indianapolis, IN 46202"}},{"query":{"id":[{"timestamp_usec":"1420224152895979"}],"query_text":"940 W 16th St, Indianapolis, IN, USA"}},{"query":{"id":[{"timestamp_usec":"1420223359017633"}],"query_text":"(Current Location) -> Hardee's, 921 East Washington Street, Indianapolis, IN 46202"}},{"query":{"id":[{"timestamp_usec":"1420222909266873"},{"timestamp_usec":"1420223138586692"},{"timestamp_usec":"1420223157266423"}],"query_text":"(Current Location) -> Hardee's Red Burrito, Levy Premium Foodservice Limited Partner, Indianapolis, IN 46204"}},{"query":{"id":[{"timestamp_usec":"1420222627671079"}],"query_text":"(Current Location) -> Pic-A-Part, 940 W 16th St, Indianapolis, IN 46202"}},{"query":{"id":[{"timestamp_usec":"1420222620566953"}],"query_text":"Pic-A-Part, W 16th St, Indianapolis, IN, United States"}},{"query":{"id":[{"timestamp_usec":"1420153119629086"}],"query_text":"(Current Location) -> 559 Dunn St, Franklin, IN 46131"}},{"query":{"id":[{"timestamp_usec":"1420151915966297"}],"query_text":"(Current Location) -> 334 N 700 W, Greenfield, IN 46140"}},{"query":{"id":[{"timestamp_usec":"1420150888175521"},{"timestamp_usec":"1420150889079824"},{"timestamp_usec":"1420151607411038"}],"query_text":"what causes schizophrenia"}},{"query":{"id":[{"timestamp_usec":"1420149656821888"}],"query_text":"bi polar and others skitzo"}},{"query":{"id":[{"timestamp_usec":"1420144484264728"}],"query_text":"(Current Location) -> Pull-A-Part, 2505 Forest Manor Avenue, Indianapolis, IN 46218"}},{"query":{"id":[{"timestamp_usec":"1420144482713430"}],"query_text":"Pull-A-Part, Forest Manor Avenue, Indianapolis, IN, United States"}},{"query":{"id":[{"timestamp_usec":"1420142994381408"}],"query_text":"(Current Location) -> Pull-A-Part, Forest Manor Avenue, Indianapolis, IN, United States"}},{"query":{"id":[{"timestamp_usec":"1420142938152194"}],"query_text":"(Current Location) -> Pull-A-Part, 2505 Forest Manor Avenue, Indianapolis, IN 46218"}},{"query":{"id":[{"timestamp_usec":"1420142925586539"}],"query_text":"Pull-A-Part Used Auto Parts, Forest Manor Avenue, Indianapolis, IN"}},{"query":{"id":[{"timestamp_usec":"1420139059999367"}],"query_text":"what stores sell bongo clothes"}},{"query":{"id":[{"timestamp_usec":"1420131322716244"}],"query_text":"Blakes in Franklin Indiana"}}]}