{"event":[{"query":{"id":[{"timestamp_usec":"1443649158846660"},{"timestamp_usec":"1443649161298720"},{"timestamp_usec":"1443649454259811"},{"timestamp_usec":"1443649714003368"}],"query_text":"systemout.log"}},{"query":{"id":[{"timestamp_usec":"1443636211188496"}],"query_text":"(Current Location) -> Long John Silver's, 1250 E Stop 11 Rd, Indianapolis, IN 46227, United States"}},{"query":{"id":[{"timestamp_usec":"1443636173265381"}],"query_text":"long john silvers"}},{"query":{"id":[{"timestamp_usec":"1443636013864895"},{"timestamp_usec":"1443636030466633"}],"query_text":"(Current Location) -> Churchman Hill Plaza Shopping Center, 345 S 1st Ave, Beech Grove, IN 46107"}},{"query":{"id":[{"timestamp_usec":"1443635894939110"},{"timestamp_usec":"1443636001459679"}],"query_text":"long john silvers"}},{"query":{"id":[{"timestamp_usec":"1443635564388000"}],"query_text":"ifixit"}},{"query":{"id":[{"timestamp_usec":"1443635513347407"}],"query_text":"ifix and repair"}},{"query":{"id":[{"timestamp_usec":"1443629967327332"}],"query_text":"garfield park"}},{"query":{"id":[{"timestamp_usec":"1443628675706681"},{"timestamp_usec":"1443628685346383"}],"query_text":"e22"}},{"query":{"id":[{"timestamp_usec":"1443626312935195"},{"timestamp_usec":"1443626313066219"},{"timestamp_usec":"1443626313143237"}],"query_text":"f"}},{"query":{"id":[{"timestamp_usec":"1443620455385343"}],"query_text":"Indiana"}},{"query":{"id":[{"timestamp_usec":"1443551100650561"}],"query_text":"(Current Location) -> 8011 Sara Ct, Indianapolis, IN 46217"}},{"query":{"id":[{"timestamp_usec":"1443547588406953"}],"query_text":"(Current Location) -> Menards, 300 S Marlin Dr, Greenwood, IN 46142"}},{"query":{"id":[{"timestamp_usec":"1443547568495875"}],"query_text":"menards"}},{"query":{"id":[{"timestamp_usec":"1443537299598062"}],"query_text":"stop 11 and 135"}},{"query":{"id":[{"timestamp_usec":"1443463883056302"}],"query_text":"(Current Location) -> Perry Meridian Middle School"}},{"query":{"id":[{"timestamp_usec":"1443461561217798"}],"query_text":"(Current Location) -> 8011 Sara Ct, Indianapolis, IN 46217"}},{"query":{"id":[{"timestamp_usec":"1443461554427085"}],"query_text":"8011 Sarah Court Indianapolis Indiana"}},{"query":{"id":[{"timestamp_usec":"1443456024689264"},{"timestamp_usec":"1443456484927641"},{"timestamp_usec":"1443456547426835"},{"timestamp_usec":"1443456598127127"}],"query_text":"bdubs in Greenwood Indiana"}},{"query":{"id":[{"timestamp_usec":"1443456007028086"}],"query_text":"b dubs "}},{"query":{"id":[{"timestamp_usec":"1443455980634461"}],"query_text":"bdubs in Greenwood Indiana"}},{"query":{"id":[{"timestamp_usec":"1443291541942965"}],"query_text":"39.575405, -86.159744"}},{"query":{"id":[{"timestamp_usec":"1443280468831000"}],"query_text":"free music download apps for android"}},{"query":{"id":[{"timestamp_usec":"1443244001749294"}],"query_text":"E22"}},{"query":{"id":[{"timestamp_usec":"1443240412060351"}],"query_text":"(Current Location) -> Amity Volunteer Fire Department, RR 5, Franklin, IN 46131"}},{"query":{"id":[{"timestamp_usec":"1443240409255113"}],"query_text":"Amity fire station in Amity Indiana"}},{"query":{"id":[{"timestamp_usec":"1443219269048972"}],"query_text":"pleurisy heart failure"}},{"query":{"id":[{"timestamp_usec":"1443218763740164"}],"query_text":"plursary"}},{"query":{"id":[{"timestamp_usec":"1443218745245237"}],"query_text":"plursarie"}},{"query":{"id":[{"timestamp_usec":"1443217899295435"}],"query_text":"widow maker heart attack"}},{"query":{"id":[{"timestamp_usec":"1443202644606550"},{"timestamp_usec":"1443202668932759"},{"timestamp_usec":"1443202683816610"},{"timestamp_usec":"1443202720323998"},{"timestamp_usec":"1443202850879271"}],"query_text":"catering"}},{"query":{"id":[{"timestamp_usec":"1443190899043517"}],"query_text":"give blood for money indianapolis"}},{"query":{"id":[{"timestamp_usec":"1443189456848277"},{"timestamp_usec":"1443189569902201"}],"query_text":"widow maker heart attack"}},{"query":{"id":[{"timestamp_usec":"1443188018750264"}],"query_text":"pain in left shoulder wakes me up at nite with bad heartburn"}},{"query":{"id":[{"timestamp_usec":"1443187869707525"}],"query_text":"acid reflux from stomach to back of throat taste like vial and hurts followed by sharp pain from middle of chest to back"}},{"query":{"id":[{"timestamp_usec":"1443146093351000"},{"timestamp_usec":"1443146097658637"}],"query_text":"youtube"}},{"query":{"id":[{"timestamp_usec":"1443132231192962"}],"query_text":"tight sharp pain from my chest to middle of my back and through my shoulder blades and bad heart burn from bottom of my chest to the back of my throught makes me nausious"}},{"query":{"id":[{"timestamp_usec":"1443126742768294"},{"timestamp_usec":"1443126787325117"},{"timestamp_usec":"1443126799540166"}],"query_text":"parks near me"}},{"query":{"id":[{"timestamp_usec":"1443122903228299"},{"timestamp_usec":"1443123027080624"}],"query_text":"(Current Location) -> ABF Freight System Inc"}},{"query":{"id":[{"timestamp_usec":"1443120477730964"}],"query_text":"(Current Location) -> Marathon Gas, 1447 E Main St Suite A, Brownsburg, IN 46112"}},{"query":{"id":[{"timestamp_usec":"1443120455457704"}],"query_text":"gas station near me"}},{"query":{"id":[{"timestamp_usec":"1443116028666612"}],"query_text":"(Current Location) -> Old Dominion Freight Line, 3915 W Morris St, Indianapolis, IN 46241"}},{"query":{"id":[{"timestamp_usec":"1443116026760829"}],"query_text":"Old Dominion Freight Line, 3915 W Morris St, Indianapolis, IN 46241"}},{"query":{"id":[{"timestamp_usec":"1443113415349752"}],"query_text":"(Current Location) -> 1250 E Northfield Dr, Brownsburg, IN 46112"}},{"query":{"id":[{"timestamp_usec":"1443113413112803"}],"query_text":"1250 east Northfield drive 46112"}},{"query":{"id":[{"timestamp_usec":"1443113352500928"}],"query_text":"(Current Location) -> Old Dominion Freight Line, 3915 W Morris St, Indianapolis, IN 46241"}},{"query":{"id":[{"timestamp_usec":"1443113331861661"}],"query_text":"old dominion freight line 1250 east Northfield drive 46112"}},{"query":{"id":[{"timestamp_usec":"1443098130937419"}],"query_text":"(Current Location) -> 6942 Shoals Way, Indianapolis, IN 46237"}},{"query":{"id":[{"timestamp_usec":"1443098032126808"}],"query_text":"6942 Shoals Way Indianapolis Indiana"}},{"query":{"id":[{"timestamp_usec":"1443040388048260"}],"query_text":"6942 Shoals Way Indianapolis, in 46239"}},{"query":{"id":[{"timestamp_usec":"1443038448426038"},{"timestamp_usec":"1443038453082000"},{"timestamp_usec":"1443038455298898"},{"timestamp_usec":"1443038508059141"}],"query_text":"yellow spiders"}},{"query":{"id":[{"timestamp_usec":"1443032128577131"},{"timestamp_usec":"1443032277182000"},{"timestamp_usec":"1443032278247690"},{"timestamp_usec":"1443032369399460"}],"query_text":"yellow spiders"}},{"query":{"id":[{"timestamp_usec":"1443024877725841"}],"query_text":"center lane Franklin"}},{"query":{"id":[{"timestamp_usec":"1443024544117045"}],"query_text":"(Current Location) -> Center Dr, Franklin, IN 46131"}},{"query":{"id":[{"timestamp_usec":"1443024434965210"}],"query_text":"Center Drive in Franklin Indiana"}},{"query":{"id":[{"timestamp_usec":"1443022816208990"}],"query_text":"Gander Mountain in Greenwood Indiana"}},{"query":{"id":[{"timestamp_usec":"1443013256256920"}],"query_text":"1849 Pleasant Run Parkway South Drive -> N Keystone Ave & E 46th St, Indianapolis, IN 46205"}},{"query":{"id":[{"timestamp_usec":"1443013239450326"}],"query_text":"(Current Location) -> N Keystone Ave & E 46th St, Indianapolis, IN 46205"}},{"query":{"id":[{"timestamp_usec":"1443013230187217"}],"query_text":"46th Street and Keystone Avenue in Indianapolis Indiana"}},{"query":{"id":[{"timestamp_usec":"1443012717380714"}],"query_text":"(Current Location) -> 1849 E Pleasant Run Pkwy S Dr, Indianapolis, IN 46203"}},{"query":{"id":[{"timestamp_usec":"1443012693295399"}],"query_text":"1849 Pleasant Run Parkway South Drive Indianapolis Indiana"}},{"query":{"id":[{"timestamp_usec":"1443012491709885"}],"query_text":"Keystone Avenue and Interstate 65 -> 1849 E Pleasant Run Pkwy S Dr, Indianapolis, IN 46203"}},{"query":{"id":[{"timestamp_usec":"1443012416163949"}],"query_text":"1849 Pleasant Run Parkway South Drive Indianapolis Indiana"}},{"query":{"id":[{"timestamp_usec":"1443012281739289"},{"timestamp_usec":"1443012329417886"}],"query_text":"Southport Road Greenwood Indiana -> 1849 E Pleasant Run Pkwy S Dr, Indianapolis, IN 46203"}},{"query":{"id":[{"timestamp_usec":"1443012209175303"}],"query_text":"1849 Pleasant Run Parkway South Drive Indianapolis Indiana"}},{"query":{"id":[{"timestamp_usec":"1442991204038000"},{"timestamp_usec":"1442991248551000"}],"query_text":"barcode scanner app"}},{"query":{"id":[{"timestamp_usec":"1442989413711864"}],"query_text":"chinas new fighter plane"}},{"query":{"id":[{"timestamp_usec":"1442989398786618"}],"query_text":"Chinese nude"}},{"query":{"id":[{"timestamp_usec":"1442989376362000"}],"query_text":"chinas new fighter plane"}},{"query":{"id":[{"timestamp_usec":"1442972800395000"}],"query_text":"barcode scanner app"}},{"query":{"id":[{"timestamp_usec":"1442951186510962"}],"query_text":"Walmart"}},{"query":{"id":[{"timestamp_usec":"1442944787561768"}],"query_text":"Kroger's on County Line and Emerson Avenue"}},{"query":{"id":[{"timestamp_usec":"1442941992273804"}],"query_text":"Popeye's Chicken near my location"}},{"query":{"id":[{"timestamp_usec":"1442941969395963"}],"query_text":"phone number to Popeye's Chicken on County Line Road and Emerson Avenue"}},{"query":{"id":[{"timestamp_usec":"1442941461404651"}],"query_text":"Chicken menu"}},{"query":{"id":[{"timestamp_usec":"1442941119532000"},{"timestamp_usec":"1442941123465755"},{"timestamp_usec":"1442941145536380"},{"timestamp_usec":"1442941203419115"}],"query_text":"Popeye"}},{"query":{"id":[{"timestamp_usec":"1442935702790274"},{"timestamp_usec":"1442935996474061"}],"query_text":"acdc back in black video"}},{"query":{"id":[{"timestamp_usec":"1442850764574593"}],"query_text":"ACDC Back in Black video"}},{"query":{"id":[{"timestamp_usec":"1442846998486899"},{"timestamp_usec":"1442846998567000"}],"query_text":"028 av super"}},{"query":{"id":[{"timestamp_usec":"1442785601451178"}],"query_text":"what's the blood pressure of a woman having a heart attack"}},{"query":{"id":[{"timestamp_usec":"1442783802490443"}],"query_text":"muse cell phone from cricket"}},{"query":{"id":[{"timestamp_usec":"1442783647055864"}],"query_text":"cell phone from cricket muse"}},{"query":{"id":[{"timestamp_usec":"1442783552851111"},{"timestamp_usec":"1442783579291307"},{"timestamp_usec":"1442783612329513"}],"query_text":"cell phone from cricket"}},{"query":{"id":[{"timestamp_usec":"1442783501257870"}],"query_text":"muse cell"}},{"query":{"id":[{"timestamp_usec":"1442783476413121"}],"query_text":"muse"}},{"query":{"id":[{"timestamp_usec":"1442783035838081"}],"query_text":"muse cell phone"}},{"query":{"id":[{"timestamp_usec":"1442781589801011"}],"query_text":"(Current Location) -> Smith Valley Rd, Greenwood, IN 46143"}},{"query":{"id":[{"timestamp_usec":"1442781583639020"}],"query_text":"Smith Valley Road in Greenwood Indiana"}},{"query":{"id":[{"timestamp_usec":"1442758323107148"}],"query_text":"westville sxhools.in westville.indiana"}},{"query":{"id":[{"timestamp_usec":"1442757859384093"}],"query_text":"history of weztville school in westville Indiana"}},{"query":{"id":[{"timestamp_usec":"1442736779229114"}],"query_text":"proff"}},{"query":{"id":[{"timestamp_usec":"1442736748090018"}],"query_text":"adobe player 9.0"}},{"query":{"id":[{"timestamp_usec":"1442732794084279"}],"query_text":"adobe player 9.0"}},{"query":{"id":[{"timestamp_usec":"1442730151741829"},{"timestamp_usec":"1442730519000179"},{"timestamp_usec":"1442731976011720"},{"timestamp_usec":"1442731987762000"},{"timestamp_usec":"1442731989191399"},{"timestamp_usec":"1442732011412134"},{"timestamp_usec":"1442732047914255"},{"timestamp_usec":"1442732063640820"},{"timestamp_usec":"1442732383278462"},{"timestamp_usec":"1442732513918790"}],"query_text":"greatland insta-set 4-room dome tent"}},{"query":{"id":[{"timestamp_usec":"1442729742850665"},{"timestamp_usec":"1442729765539443"},{"timestamp_usec":"1442729777762687"}],"query_text":"land skae tents"}},{"query":{"id":[{"timestamp_usec":"1442729673331265"}],"query_text":"bj-940/10 four room dome tent"}},{"query":{"id":[{"timestamp_usec":"1442729457605127"}],"query_text":"pictures of different names"}},{"query":{"id":[{"timestamp_usec":"1442729359766366"},{"timestamp_usec":"1442729374890552"}],"query_text":"(Current Location) -> 480 Center St, Franklin, IN 46131"}},{"query":{"id":[{"timestamp_usec":"1442711043685135"},{"timestamp_usec":"1442711043752172"},{"timestamp_usec":"1442711043926101"}],"query_text":"0x886b50ffa7796a03:0xd68e9df640b9ea7c 1"}},{"query":{"id":[{"timestamp_usec":"1442711043378878"}],"query_text":"0x886a8b8f0741bbe3:0x37a94c54295c371c 1"}},{"query":{"id":[{"timestamp_usec":"1442711042837515"},{"timestamp_usec":"1442711042938273"},{"timestamp_usec":"1442711043064689"},{"timestamp_usec":"1442711043256432"},{"timestamp_usec":"1442711043275866"}],"query_text":"0x886b31d46b522913:0xd8bea155e6111114 1"}},{"query":{"id":[{"timestamp_usec":"1442711009292142"},{"timestamp_usec":"1442711009387487"},{"timestamp_usec":"1442711009401976"},{"timestamp_usec":"1442711009426110"}],"query_text":"0x886b50ffa7796a03:0xd68e9df640b9ea7c 1"}},{"query":{"id":[{"timestamp_usec":"1442711008762824"}],"query_text":"0x886a8b8f0741bbe3:0x37a94c54295c371c 1"}},{"query":{"id":[{"timestamp_usec":"1442711008669283"}],"query_text":"0x886b31d46b522913:0xd8bea155e6111114 1"}},{"query":{"id":[{"timestamp_usec":"1442710928637869"},{"timestamp_usec":"1442710929332528"},{"timestamp_usec":"1442710929799692"}],"query_text":"0x886b50ffa7796a03:0xd68e9df640b9ea7c 1"}},{"query":{"id":[{"timestamp_usec":"1442710928254142"}],"query_text":"0x886a8b8f0741bbe3:0x37a94c54295c371c 1"}},{"query":{"id":[{"timestamp_usec":"1442710928155437"}],"query_text":"0x886b31d46b522913:0xd8bea155e6111114 1"}},{"query":{"id":[{"timestamp_usec":"1442707565743916"}],"query_text":"all times I was at east mills ave"}},{"query":{"id":[{"timestamp_usec":"1442707263649788"}],"query_text":"east mills ave"}},{"query":{"id":[{"timestamp_usec":"1442691228074439"}],"query_text":"dominos franklin in"}},{"query":{"id":[{"timestamp_usec":"1442688560321069"}],"query_text":"Wendy's in Franklin Indiana"}},{"query":{"id":[{"timestamp_usec":"1442682303298652"}],"query_text":"(Current Location) -> 250 Hurricane St, Franklin, IN 46131"}},{"query":{"id":[{"timestamp_usec":"1442682299255941"}],"query_text":"250 1/2 hurricane st franklin in 46131"}},{"query":{"id":[{"timestamp_usec":"1442672687516467"},{"timestamp_usec":"1442672707450046"}],"query_text":"pictures of a TomTom XXL"}},{"query":{"id":[{"timestamp_usec":"1442622621449180"},{"timestamp_usec":"1442622830984095"}],"query_text":"can't swallow, chest gets tight and feels like its caving in bad heart burn it goes all the way up to my throat I grt really nauseous cause of it, I see and hear people that arnt there"}},{"query":{"id":[{"timestamp_usec":"1442613777974187"}],"query_text":"does R V's have converters"}},{"query":{"id":[{"timestamp_usec":"1442613476313551"}],"query_text":"taco bell near me"}},{"query":{"id":[{"timestamp_usec":"1442606220589635"}],"query_text":"heart beat fast my chest feels like pressure like something is on my chest and shaky and I hear n see people that arnt there"}},{"query":{"id":[{"timestamp_usec":"1442604449639037"},{"timestamp_usec":"1442604659440222"}],"query_text":"get mad or really sad my cheat fills like its caveing in"}},{"query":{"id":[{"timestamp_usec":"1442602563640418"}],"query_text":"get mad or really sad my cheat fills like its caveing in"}},{"query":{"id":[{"timestamp_usec":"1442589664101741"}],"query_text":"how do I seem together glue down artificial turf"}},{"query":{"id":[{"timestamp_usec":"1442495369583029"},{"timestamp_usec":"1442495381862557"},{"timestamp_usec":"1442495569681665"}],"query_text":"otte golf course greenwood indiana"}},{"query":{"id":[{"timestamp_usec":"1442495308041828"}],"query_text":"(Current Location) -> Otte Golf & Family Fun Center, 681 Sheek Rd, Greenwood, IN 46143"}},{"query":{"id":[{"timestamp_usec":"1442495229310188"},{"timestamp_usec":"1442495245088542"},{"timestamp_usec":"1442495257898788"},{"timestamp_usec":"1442495273608000"},{"timestamp_usec":"1442495274275727"},{"timestamp_usec":"1442495291844770"},{"timestamp_usec":"1442495302548794"}],"query_text":"otte golf course greenwood indiana"}},{"query":{"id":[{"timestamp_usec":"1442495187957040"}],"query_text":"0x886b50ffa7796a03:0xd68e9df640b9ea7c 1"}},{"query":{"id":[{"timestamp_usec":"1442491352460000"}],"query_text":"police scanner"}},{"query":{"id":[{"timestamp_usec":"1442491043105551"},{"timestamp_usec":"1442491056047542"}],"query_text":"(Current Location) -> Indianapolis, IN"}},{"query":{"id":[{"timestamp_usec":"1442491022440333"}],"query_text":"Indianapolis, IN"}},{"query":{"id":[{"timestamp_usec":"1442490832858247"}],"query_text":"Greenwood exit in Greenwood Indiana"}},{"query":{"id":[{"timestamp_usec":"1442462112348451"}],"query_text":"pictures of carpet seaming tools"}},{"query":{"id":[{"timestamp_usec":"1442462080069663"},{"timestamp_usec":"1442462091083247"}],"query_text":"pictures of ace"}},{"query":{"id":[{"timestamp_usec":"1442461954481264"},{"timestamp_usec":"1442461972512629"},{"timestamp_usec":"1442461986868826"},{"timestamp_usec":"1442462024261743"}],"query_text":"pictures of a super seamer tool"}},{"query":{"id":[{"timestamp_usec":"1442461908696391"},{"timestamp_usec":"1442461913356000"},{"timestamp_usec":"1442461916766399"}],"query_text":"pictures of ace"}},{"query":{"id":[{"timestamp_usec":"1442459716280137"},{"timestamp_usec":"1442461384416360"}],"query_text":"how do i seam together fake grass indoor/outdoor carpet"}},{"query":{"id":[{"timestamp_usec":"1442447858391930"}],"query_text":"how do I seam together fake grass indoor/outdoor carpet"}},{"query":{"id":[{"timestamp_usec":"1442447408745296"}],"query_text":"how do I seem together indoor outdoor"}},{"query":{"id":[{"timestamp_usec":"1442446411662912"}],"query_text":"how do I seem together indoor outdoor carpet"}},{"query":{"id":[{"timestamp_usec":"1442444455024400"}],"query_text":"how do I seem together indoor outdoor carpet"}},{"query":{"id":[{"timestamp_usec":"1442439356259866"}],"query_text":"Rally's in Franklin Indiana"}},{"query":{"id":[{"timestamp_usec":"1442439010005638"}],"query_text":"pleurisy"}},{"query":{"id":[{"timestamp_usec":"1442420314912487"}],"query_text":"how do I seem indoor outdoor carpet on a mini golf course"}},{"query":{"id":[{"timestamp_usec":"1442415985064145"},{"timestamp_usec":"1442416008210154"}],"query_text":"Home Depot"}},{"query":{"id":[{"timestamp_usec":"1442415841913113"}],"query_text":"Target in Greenwood Indiana"}},{"query":{"id":[{"timestamp_usec":"1442415754855378"},{"timestamp_usec":"1442415811896000"},{"timestamp_usec":"1442415811991987"}],"query_text":"pole saw"}},{"query":{"id":[{"timestamp_usec":"1442415687080395"},{"timestamp_usec":"1442415702657675"}],"query_text":"polesaw"}},{"query":{"id":[{"timestamp_usec":"1442415670614223"}],"query_text":"pull"}},{"query":{"id":[{"timestamp_usec":"1442415659209047"}],"query_text":"pull saw"}},{"query":{"id":[{"timestamp_usec":"1442415639453786"}],"query_text":"places in Greenwood Indiana that sell pull saw"}},{"query":{"id":[{"timestamp_usec":"1442413408845015"}],"query_text":"pole saw"}},{"query":{"id":[{"timestamp_usec":"1442413007392000"},{"timestamp_usec":"1442413016665390"},{"timestamp_usec":"1442413036835063"},{"timestamp_usec":"1442413055338362"}],"query_text":"grandrental station in Franklin Indiana"}},{"query":{"id":[{"timestamp_usec":"1442367861285530"}],"query_text":"low white blood cells"}},{"query":{"id":[{"timestamp_usec":"1442366304019436"}],"query_text":"woke up my hands swollen and on my rite hand 3 fingers are numb"}},{"query":{"id":[{"timestamp_usec":"1442361058448206"},{"timestamp_usec":"1442361138238883"}],"query_text":"Shelby Street in Indianapolis Indiana"}},{"query":{"id":[{"timestamp_usec":"1442356676015579"}],"query_text":"50 warrant served today"}},{"query":{"id":[{"timestamp_usec":"1442355280350949"}],"query_text":"woke up my hands swollen and on my rite hand 3 fingers are numb"}},{"query":{"id":[{"timestamp_usec":"1442355253739886"}],"query_text":"woke up my hands swollen and on my rite hand 3 fen"}},{"query":{"id":[{"timestamp_usec":"1442352965921209"},{"timestamp_usec":"1442352965961000"},{"timestamp_usec":"1442352988452015"}],"query_text":"tomtom gps"}},{"query":{"id":[{"timestamp_usec":"1442342271061266"},{"timestamp_usec":"1442342326626537"}],"query_text":"Rural King in Greenwood Indiana"}},{"query":{"id":[{"timestamp_usec":"1442342249920738"}],"query_text":"Rural King Greenwood Indiana"}},{"query":{"id":[{"timestamp_usec":"1442341515265939"}],"query_text":"who sells 16 foot pole saws in Indianapolis Indiana"}},{"query":{"id":[{"timestamp_usec":"1442340036318169"}],"query_text":"McDonald's on 65 in greenwood in"}},{"query":{"id":[{"timestamp_usec":"1442340008436000"},{"timestamp_usec":"1442340010706845"}],"query_text":"McDonald's on"}},{"query":{"id":[{"timestamp_usec":"1442339921330667"}],"query_text":"McDonald's in Greenwood Indiana"}},{"query":{"id":[{"timestamp_usec":"1442339878362412"}],"query_text":"McDonald's in the South Park Plaza in Greenwood Indiana"}},{"query":{"id":[{"timestamp_usec":"1442339849593228"}],"query_text":"McDonald's on the go"}},{"query":{"id":[{"timestamp_usec":"1442336127767903"}],"query_text":"my fingers on rite hand are numb"}},{"query":{"id":[{"timestamp_usec":"1442329608547333"}],"query_text":"Rally's on 31 in Greenwood Indiana"}},{"query":{"id":[{"timestamp_usec":"1442326044445416"}],"query_text":"pole saw"}},{"query":{"id":[{"timestamp_usec":"1442252412187046"}],"query_text":"parks near me"}},{"query":{"id":[{"timestamp_usec":"1442252296699069"}],"query_text":"(Current Location) -> 1525 Younce St, Franklin, IN 46131"}},{"query":{"id":[{"timestamp_usec":"1442249979721936"}],"query_text":"McDonald's on State Road 135 in Greenwood Indiana"}},{"query":{"id":[{"timestamp_usec":"1442249908913531"},{"timestamp_usec":"1442249933901317"}],"query_text":"McDonald's on"}},{"query":{"id":[{"timestamp_usec":"1442247232964591"},{"timestamp_usec":"1442247233141000"},{"timestamp_usec":"1442247251846375"}],"query_text":"pull saw for sale"}},{"query":{"id":[{"timestamp_usec":"1442245240545050"}],"query_text":"Indiana"}},{"query":{"id":[{"timestamp_usec":"1442241290776687"}],"query_text":"mtech knives 20-35"}},{"query":{"id":[{"timestamp_usec":"1442241213294168"},{"timestamp_usec":"1442241231584632"},{"timestamp_usec":"1442241254114376"}],"query_text":"mtech knives"}},{"query":{"id":[{"timestamp_usec":"1442240930130688"}],"query_text":"ridgid mobile air"}},{"query":{"id":[{"timestamp_usec":"1442228234521470"}],"query_text":"greatland insta-set 4-room dome tent"}},{"query":{"id":[{"timestamp_usec":"1442208307968000"},{"timestamp_usec":"1442208309226800"},{"timestamp_usec":"1442208317659625"}],"query_text":"greatland insta-set 4-room dome tent"}},{"query":{"id":[{"timestamp_usec":"1442206555040000"},{"timestamp_usec":"1442206555215000"}],"query_text":"adobe reader fill and sign dc"}},{"query":{"id":[{"timestamp_usec":"1442184686178685"}],"query_text":"my full profile her https://goo.gl/mmwdvw"}},{"query":{"id":[{"timestamp_usec":"1442184592588918"},{"timestamp_usec":"1442184629590491"},{"timestamp_usec":"1442184632011103"},{"timestamp_usec":"1442184668338749"}],"query_text":"my full profile her>https://goo.gl/mmwdvw"}},{"query":{"id":[{"timestamp_usec":"1442171986569769"}],"query_text":"(Current Location) -> 111 IN-135, Greenwood, IN 46142"}},{"query":{"id":[{"timestamp_usec":"1442171939476805"}],"query_text":"Arby's"}},{"query":{"id":[{"timestamp_usec":"1442168681503250"}],"query_text":"(Current Location) -> Taco Bell"}},{"query":{"id":[{"timestamp_usec":"1442168475432563"},{"timestamp_usec":"1442168500390016"},{"timestamp_usec":"1442168600128674"}],"query_text":"Taco Bell near me"}},{"query":{"id":[{"timestamp_usec":"1442168222418504"}],"query_text":"(Current Location) -> Hardee's, 8015 S Meridian St, Indianapolis, IN 46217"}},{"query":{"id":[{"timestamp_usec":"1442167630901278"},{"timestamp_usec":"1442168217296770"}],"query_text":"fast food restaurants around me"}},{"query":{"id":[{"timestamp_usec":"1442163562301300"},{"timestamp_usec":"1442163598606024"}],"query_text":"pictures of a greatland insta set four room dome tent"}},{"query":{"id":[{"timestamp_usec":"1442163482406517"}],"query_text":"pictures of a"}},{"query":{"id":[{"timestamp_usec":"1442163456096262"}],"query_text":"Santa Cruz"}},{"query":{"id":[{"timestamp_usec":"1442163425812806"},{"timestamp_usec":"1442163432713075"}],"query_text":"how do I say"}},{"query":{"id":[{"timestamp_usec":"1442162805000316"}],"query_text":"(Current Location) -> 5181 Cave Ct, Greenwood, IN 46142"}},{"query":{"id":[{"timestamp_usec":"1442162313473218"}],"query_text":"(Current Location) -> 5181 Cave Ct"}},{"query":{"id":[{"timestamp_usec":"1442162158471367"}],"query_text":"(Current Location) -> 1158 Fielding Ln"}},{"query":{"id":[{"timestamp_usec":"1442161939515684"}],"query_text":"Lacey Way Drive in Greenwood Indiana"}},{"query":{"id":[{"timestamp_usec":"1442114710411430"}],"query_text":"(Current Location) -> 1158 Fielding Ln, Franklin, IN 46131"}},{"query":{"id":[{"timestamp_usec":"1442114537369117"}],"query_text":"1158 Fielding Lane, Franklin IN"}},{"query":{"id":[{"timestamp_usec":"1442106322491134"},{"timestamp_usec":"1442107082650071"},{"timestamp_usec":"1442108697403773"},{"timestamp_usec":"1442108697403956"},{"timestamp_usec":"1442109605684512"}],"query_text":"(Current Location) -> 1158 Fielding Ln, Franklin, IN 46131"}},{"query":{"id":[{"timestamp_usec":"1442106319016940"}],"query_text":"1158 Fielding Lane, Franklin IN"}},{"query":{"id":[{"timestamp_usec":"1442095143727563"},{"timestamp_usec":"1442095157296145"}],"query_text":"alcatel muve music phone"}},{"query":{"id":[{"timestamp_usec":"1442094966144476"},{"timestamp_usec":"1442094992858197"},{"timestamp_usec":"1442095004926921"},{"timestamp_usec":"1442095031624622"},{"timestamp_usec":"1442095032471000"},{"timestamp_usec":"1442095032509306"},{"timestamp_usec":"1442095067820876"}],"query_text":"Alcatel muse"}},{"query":{"id":[{"timestamp_usec":"1442094881053873"},{"timestamp_usec":"1442094919013244"},{"timestamp_usec":"1442094932425446"}],"query_text":"Alcatel"}},{"query":{"id":[{"timestamp_usec":"1442094810054881"}],"query_text":"hat with a king crown symbol who makes them"}},{"query":{"id":[{"timestamp_usec":"1442094749810711"}],"query_text":"hat with a king crown symbol"}},{"query":{"id":[{"timestamp_usec":"1442094678273369"}],"query_text":"purses with a crown symbol"}},{"query":{"id":[{"timestamp_usec":"1442094617047269"}],"query_text":"quirinur"}},{"query":{"id":[{"timestamp_usec":"1442089887818242"}],"query_text":"how to set up a great land 8 Person tent"}},{"query":{"id":[{"timestamp_usec":"1442068852575443"}],"query_text":"air conditioning actuator for a 06 Impala"}},{"query":{"id":[{"timestamp_usec":"1442068841758449"}],"query_text":"how do I install"}},{"query":{"id":[{"timestamp_usec":"1442068690473670"}],"query_text":"AC control"}},{"query":{"id":[{"timestamp_usec":"1442068628525000"},{"timestamp_usec":"1442068633474400"},{"timestamp_usec":"1442068657712822"}],"query_text":"heater control flap for 06 Impala"}},{"query":{"id":[{"timestamp_usec":"1442068621647814"}],"query_text":"plastic radiator control"}},{"query":{"id":[{"timestamp_usec":"1442029215237332"}],"query_text":"(Current Location) -> 480 Center St, Franklin, IN 46131"}},{"query":{"id":[{"timestamp_usec":"1442024527396000"}],"query_text":"dolphin browser"}},{"query":{"id":[{"timestamp_usec":"1442019572979000"}],"query_text":"police scanner"}},{"query":{"id":[{"timestamp_usec":"1442019491185000"},{"timestamp_usec":"1442019493167000"}],"query_text":"dolphin browser"}},{"query":{"id":[{"timestamp_usec":"1442010724667005"},{"timestamp_usec":"1442010733357758"}],"query_text":"pictures of Hoyt crossbows"}},{"query":{"id":[{"timestamp_usec":"1441984316192412"}],"query_text":"Walmart on Emerson Avenue in Indianapolis Indiana"}},{"query":{"id":[{"timestamp_usec":"1441984088451201"}],"query_text":"403 Dunn Street Franklin Indiana"}},{"query":{"id":[{"timestamp_usec":"1441982806084103"}],"query_text":"(Current Location) -> Indianapolis, IN 46219"}},{"query":{"id":[{"timestamp_usec":"1441982796160134"}],"query_text":"Arlington and Washington in Indianapolis Indiana"}},{"query":{"id":[{"timestamp_usec":"1441982682017539"}],"query_text":"403 Graham Street"}},{"query":{"id":[{"timestamp_usec":"1441981801582684"},{"timestamp_usec":"1441981855542653"},{"timestamp_usec":"1441981932480172"}],"query_text":"ac/dc back in black"}},{"query":{"id":[{"timestamp_usec":"1441979348909491"}],"query_text":"Methodist Hospital in Indianapolis Indiana"}},{"query":{"id":[{"timestamp_usec":"1441979196550616"}],"query_text":"(Current Location) -> Community Health Network, Indianapolis, IN 46219"}},{"query":{"id":[{"timestamp_usec":"1441979133833285"},{"timestamp_usec":"1441979166445590"}],"query_text":"Hospital"}},{"query":{"id":[{"timestamp_usec":"1441979053874765"}],"query_text":"hospitals near me"}},{"query":{"id":[{"timestamp_usec":"1441974933514669"}],"query_text":"quickest way to heal poison ivy, poison oak"}},{"query":{"id":[{"timestamp_usec":"1441974898030903"}],"query_text":"quickest way to heal"}},{"query":{"id":[{"timestamp_usec":"1441974890508385"}],"query_text":"quickest way heal fever blister"}},{"query":{"id":[{"timestamp_usec":"1441974817147756"}],"query_text":"what is the quickest way to heal"}},{"query":{"id":[{"timestamp_usec":"1441934864394909"}],"query_text":"Brookville Road and Post Road in Indianapolis Indiana"}},{"query":{"id":[{"timestamp_usec":"1441927112623314"}],"query_text":"(Current Location) -> 480 Center St, Franklin, IN 46131"}},{"query":{"id":[{"timestamp_usec":"1441909943710520"},{"timestamp_usec":"1441909954208474"},{"timestamp_usec":"1441910049139671"},{"timestamp_usec":"1441910165666750"},{"timestamp_usec":"1441910200557674"},{"timestamp_usec":"1441910263808000"},{"timestamp_usec":"1441910264727774"},{"timestamp_usec":"1441910283417085"}],"query_text":"cricket knife"}},{"query":{"id":[{"timestamp_usec":"1441909750351000"},{"timestamp_usec":"1441909751158028"},{"timestamp_usec":"1441909783047461"}],"query_text":"cricket knives"}},{"query":{"id":[{"timestamp_usec":"1441909691594118"},{"timestamp_usec":"1441909719365764"}],"query_text":"(Current Location) -> Huntington Bank, Allisonville Road, Indianapolis, IN"}},{"query":{"id":[{"timestamp_usec":"1441909579728678"}],"query_text":"39.837116, -86.121827"}},{"query":{"id":[{"timestamp_usec":"1441900444346864"}],"query_text":"what is the book time on a"}},{"query":{"id":[{"timestamp_usec":"1441897435904454"}],"query_text":"whistler 1510 radar detector"}},{"query":{"id":[{"timestamp_usec":"1441897405190793"}],"query_text":"specs on a Wii"}},{"query":{"id":[{"timestamp_usec":"1441897395383810"}],"query_text":"how much is a whistler"}},{"query":{"id":[{"timestamp_usec":"1441895169286523"},{"timestamp_usec":"1441895173490849"}],"query_text":"(Current Location) -> Starke County, IN"}},{"query":{"id":[{"timestamp_usec":"1441895108754498"}],"query_text":"stark county Indiana"}},{"query":{"id":[{"timestamp_usec":"1441894427822041"},{"timestamp_usec":"1441894619266148"},{"timestamp_usec":"1441894665392959"},{"timestamp_usec":"1441894687946248"}],"query_text":"parks near me"}},{"query":{"id":[{"timestamp_usec":"1441885994497000"}],"query_text":"lost my iPhone 4"}},{"query":{"id":[{"timestamp_usec":"1441885533085002"}],"query_text":"Village Pantry"}},{"query":{"id":[{"timestamp_usec":"1441874351803000"},{"timestamp_usec":"1441875188786000"}],"query_text":"truth detector"}},{"query":{"id":[{"timestamp_usec":"1441871567246000"},{"timestamp_usec":"1441871613821000"}],"query_text":"truth detector"}},{"query":{"id":[{"timestamp_usec":"1441866790302992"}],"query_text":"can I use ketoconazole on poisen ivy"}},{"query":{"id":[{"timestamp_usec":"1441860801210576"}],"query_text":"1525 Younce St, Franklin, IN"}},{"query":{"id":[{"timestamp_usec":"1441860751252229"}],"query_text":"Greenwood maples Elmed ct. Building 305"}},{"query":{"id":[{"timestamp_usec":"1441852824349859"}],"query_text":"Greenwood maples Elmed ct. Building 305"}},{"query":{"id":[{"timestamp_usec":"1441852733191786"},{"timestamp_usec":"1441852782948153"},{"timestamp_usec":"1441852789943073"}],"query_text":"Greenwood maples Elmed ct. Building 305 appartment 2012!!!!"}},{"query":{"id":[{"timestamp_usec":"1441852696053954"}],"query_text":"Greenwood maples elmed ct"}},{"query":{"id":[{"timestamp_usec":"1441852501124457"}],"query_text":"Greenwood maple apartment in Greenwood Indiana"}},{"query":{"id":[{"timestamp_usec":"1441852434872690"},{"timestamp_usec":"1441852456328102"}],"query_text":"Greenwood maple apartment"}},{"query":{"id":[{"timestamp_usec":"1441852401666831"}],"query_text":"Greenwood maple"}},{"query":{"id":[{"timestamp_usec":"1441835512223176"},{"timestamp_usec":"1441835552356846"}],"query_text":"39.493590, -86.061974"}},{"query":{"id":[{"timestamp_usec":"1441834201957817"}],"query_text":"can cops look through a cell phone if it was on the person whe he got arrested"}},{"query":{"id":[{"timestamp_usec":"1441811797010475"}],"query_text":"how do I install the wiring on my exhaust fan in my bathroom"}},{"query":{"id":[{"timestamp_usec":"1441811761855571"},{"timestamp_usec":"1441811781832294"}],"query_text":"how do I wire up my"}},{"query":{"id":[{"timestamp_usec":"1441811599657000"},{"timestamp_usec":"1441811600076230"},{"timestamp_usec":"1441811658788884"},{"timestamp_usec":"1441811673005244"},{"timestamp_usec":"1441811684109571"},{"timestamp_usec":"1441811704956829"}],"query_text":"how do I wire up my exaust fan and light to my bathroom"}},{"query":{"id":[{"timestamp_usec":"1441811513780071"},{"timestamp_usec":"1441811531820000"},{"timestamp_usec":"1441811535654297"}],"query_text":"how do I wire up my ex"}},{"query":{"id":[{"timestamp_usec":"1441811486378677"}],"query_text":"how do I wire up my"}},{"query":{"id":[{"timestamp_usec":"1441804379290063"}],"query_text":"Bruster's veterinarian"}},{"query":{"id":[{"timestamp_usec":"1441801883755323"}],"query_text":"pictures of Hoyt crossbows"}},{"query":{"id":[{"timestamp_usec":"1441778686782216"}],"query_text":"local weather for franklin indiana"}},{"query":{"id":[{"timestamp_usec":"1441759955848324"}],"query_text":"wendys on 135"}},{"query":{"id":[{"timestamp_usec":"1441743399382881"}],"query_text":"parks near me"}},{"query":{"id":[{"timestamp_usec":"1441739377516592"}],"query_text":"(Current Location) -> parks in bargerville Indiana"}},{"query":{"id":[{"timestamp_usec":"1441739163850858"}],"query_text":"(Current Location) -> German Park, 8600 S Meridian St, Indianapolis, IN 46217"}},{"query":{"id":[{"timestamp_usec":"1441738384662923"}],"query_text":"(Current Location) -> Westside Park"}},{"query":{"id":[{"timestamp_usec":"1441738212548785"}],"query_text":"parks near me"}},{"query":{"id":[{"timestamp_usec":"1441724681204990"}],"query_text":"McDonald's Greenwood"}},{"query":{"id":[{"timestamp_usec":"1441678237734157"}],"query_text":"how do I build a rat trap mobile"}},{"query":{"id":[{"timestamp_usec":"1441678202732105"}],"query_text":"how do I make a rat trap"}},{"query":{"id":[{"timestamp_usec":"1441668448239624"}],"query_text":"why is my General Electric front loader washing machine saying that it's overheating"}},{"query":{"id":[{"timestamp_usec":"1441661462374534"}],"query_text":"(Current Location) -> S Center Ln, Franklin, IN 46131"}},{"query":{"id":[{"timestamp_usec":"1441661439535881"}],"query_text":"center lane Franklin"}},{"query":{"id":[{"timestamp_usec":"1441638335666959"}],"query_text":"(Current Location) -> 5181 Cave Ct, Greenwood, IN 46142"}},{"query":{"id":[{"timestamp_usec":"1441638328363515"}],"query_text":"5181 Cave Court, Greenwood, IN"}},{"query":{"id":[{"timestamp_usec":"1441632770589132"}],"query_text":"rentals in greenwood indiana"}},{"query":{"id":[{"timestamp_usec":"1441593422446362"},{"timestamp_usec":"1441593766707768"}],"query_text":"places to park your car in Indianapolis Indiana when your homeless"}},{"query":{"id":[{"timestamp_usec":"1441573613528538"}],"query_text":"walmart"}},{"query":{"id":[{"timestamp_usec":"1441569213315463"},{"timestamp_usec":"1441569637897983"},{"timestamp_usec":"1441569683991518"}],"query_text":"tent city in indianapolis"}},{"query":{"id":[{"timestamp_usec":"1441555665662968"}],"query_text":"Walmart Pharmacy in Greenwood Indiana"}},{"query":{"id":[{"timestamp_usec":"1441499643136972"}],"query_text":"Burger King on County Line Road and US 31 in Greenwood Indiana"}},{"query":{"id":[{"timestamp_usec":"1441397784791894"}],"query_text":"walmart"}},{"query":{"id":[{"timestamp_usec":"1441334244970534"}],"query_text":"is calamine lotion thick or runny"}},{"query":{"id":[{"timestamp_usec":"1441331916938044"}],"query_text":"blood pressure chart"}},{"query":{"id":[{"timestamp_usec":"1441326376213161"}],"query_text":"36 year old and get more freckles"}},{"query":{"id":[{"timestamp_usec":"1441305173954729"}],"query_text":"(Current Location) -> Greenwood Amphitheater, 259 S Meridian St, Greenwood, IN 46143"}},{"query":{"id":[{"timestamp_usec":"1441305136932755"}],"query_text":"(Current Location) -> Northeast Park, 100 Crestview Dr, Greenwood, IN 46143, United States"}},{"query":{"id":[{"timestamp_usec":"1441305060713321"},{"timestamp_usec":"1441305135259338"}],"query_text":"parks in Greenwood indiana"}},{"query":{"id":[{"timestamp_usec":"1441305032487719"}],"query_text":"parks Greenwood"}},{"query":{"id":[{"timestamp_usec":"1441304987549069"}],"query_text":"parks near me"}},{"query":{"id":[{"timestamp_usec":"1441291806707301"}],"query_text":"n"}},{"query":{"id":[{"timestamp_usec":"1441261045861951"}],"query_text":"(Current Location) -> County Line Rd, Greenwood, IN"}},{"query":{"id":[{"timestamp_usec":"1441233975434018"},{"timestamp_usec":"1441234305918519"}],"query_text":"(Current Location) -> 248 Ohio St, Franklin, IN 46131"}},{"query":{"id":[{"timestamp_usec":"1441217791112121"}],"query_text":"where do we go when we die"}},{"query":{"id":[{"timestamp_usec":"1441208816620489"}],"query_text":"(Current Location) -> 248 Ohio St, Franklin, IN 46131"}},{"query":{"id":[{"timestamp_usec":"1441202079787335"}],"query_text":"pancake air compressor reviews"}},{"query":{"id":[{"timestamp_usec":"1441165376529501"}],"query_text":"my now cards"}},{"query":{"id":[{"timestamp_usec":"1441164942961422"}],"query_text":"(Current Location) -> new place"}},{"query":{"id":[{"timestamp_usec":"1441164915786954"}],"query_text":"39.482261, -86.018631"}},{"query":{"id":[{"timestamp_usec":"1441161999864310"},{"timestamp_usec":"1441162008588000"},{"timestamp_usec":"1441162009553392"},{"timestamp_usec":"1441162036018226"},{"timestamp_usec":"1441162616295224"},{"timestamp_usec":"1441162714613173"}],"query_text":"diabetic needles"}},{"query":{"id":[{"timestamp_usec":"1441161826392414"}],"query_text":"herion needles"}},{"query":{"id":[{"timestamp_usec":"1441139566404342"},{"timestamp_usec":"1441139684308053"}],"query_text":"My full profile her>https://goo.gl/MMWDVW"}},{"query":{"id":[{"timestamp_usec":"1441129288580076"}],"query_text":"pro bono OB-GYN doctors in Indianapolis Indiana"}},{"query":{"id":[{"timestamp_usec":"1441127082261200"}],"query_text":"obama care"}},{"query":{"id":[{"timestamp_usec":"1441120663455831"}],"query_text":"(Current Location) -> McDonald's, 5198 N Keystone Ave, Indianapolis, IN 46205, United States"}},{"query":{"id":[{"timestamp_usec":"1441118893865277"}],"query_text":"(Current Location) -> Huntington Bank, 6254 Allisonville Rd, Indianapolis, IN 46220, United States"}},{"query":{"id":[{"timestamp_usec":"1441118862877862"}],"query_text":"(Current Location) -> Huntington Bank, 11001 Allisonville Rd, Fishers, IN 46038, United States"}},{"query":{"id":[{"timestamp_usec":"1441118321348866"}],"query_text":"(Current Location) -> 6254 Allisonville Rd, Indianapolis, IN 46220"}},{"query":{"id":[{"timestamp_usec":"1441118280994806"}],"query_text":"the nearest Huntington Bank near my location Indianapolis Indiana"}},{"query":{"id":[{"timestamp_usec":"1441108485012744"}],"query_text":"39.544464, -86.036148"}},{"query":{"id":[{"timestamp_usec":"1441080169393829"}],"query_text":"craigslist bloomington"}},{"query":{"id":[{"timestamp_usec":"1441075035001565"}],"query_text":"eppicard in"}},{"query":{"id":[{"timestamp_usec":"1441063329350312"}],"query_text":"39.493582, -86.062096"}},{"query":{"id":[{"timestamp_usec":"1441063309120774"}],"query_text":"39.506872, -86.070157"}},{"query":{"id":[{"timestamp_usec":"1441063231169814"}],"query_text":"39.634297, -86.083122"}},{"query":{"id":[{"timestamp_usec":"1441063209497279"}],"query_text":"39.553371, -86.047485"}},{"query":{"id":[{"timestamp_usec":"1441063170821567"}],"query_text":"39.614811, -86.079041"}},{"query":{"id":[{"timestamp_usec":"1441062064992635"},{"timestamp_usec":"1441063090147705"}],"query_text":"(Current Location) -> Bojak's Bar & Grille"}},{"query":{"id":[{"timestamp_usec":"1441053417097932"}],"query_text":"how much pump oil does my king craft 2400 PSI"}},{"query":{"id":[{"timestamp_usec":"1441038314598601"}],"query_text":"(Current Location) -> Bojak's Bar & Grille"}},{"query":{"id":[{"timestamp_usec":"1441032371348000"},{"timestamp_usec":"1441032372348110"},{"timestamp_usec":"1441032397850170"}],"query_text":"log cabin rentals near me"}},{"query":{"id":[{"timestamp_usec":"1441011870091705"}],"query_text":"61st annual chevrolet performance us nationals, lucas oil raceway, september 2"}},{"query":{"id":[{"timestamp_usec":"1441007317398923"}],"query_text":"39.489940,-86.051705"}},{"query":{"id":[{"timestamp_usec":"1440906246201340"}],"query_text":"how do I replace a wheel bearing in a 2000 Chevy Silverado 1500 with a 5.3 motor"}},{"query":{"id":[{"timestamp_usec":"1440899874061077"}],"query_text":"p"}},{"query":{"id":[{"timestamp_usec":"1440884630909328"},{"timestamp_usec":"1440884953244273"}],"query_text":"(Current Location) -> 1001 Canary Creek Dr, Franklin, IN 46131"}},{"query":{"id":[{"timestamp_usec":"1440880747899823"}],"query_text":"(Current Location) -> 1001 Canary Creek Dr, Franklin, IN 46131"}},{"query":{"id":[{"timestamp_usec":"1440880746561847"}],"query_text":"1001 canary creek drive franklin in 46131"}},{"query":{"id":[{"timestamp_usec":"1440877765343660"}],"query_text":"how many inches long is a gas tank strap for a 2002 Chevrolet s10 truck"}},{"query":{"id":[{"timestamp_usec":"1440877077594916"}],"query_text":"how long is the front gas tank strap on my 2002 chevy s 10"}},{"query":{"id":[{"timestamp_usec":"1440875889933000"},{"timestamp_usec":"1440875920409672"}],"query_text":"gas tank strap for a chevy S10 2002 how to install it"}},{"query":{"id":[{"timestamp_usec":"1440875825905115"}],"query_text":"gas tank strap for a chevy S10 how to install it"}},{"query":{"id":[{"timestamp_usec":"1440875777369712"}],"query_text":"gas tank strap for a chevy s10 how to put back on and how long are they"}},{"query":{"id":[{"timestamp_usec":"1440875721714602"}],"query_text":"gas tank strap for a chevy S10 how to put back on and how long are they"}},{"query":{"id":[{"timestamp_usec":"1440875660254422"}],"query_text":"gas tank strap for a chevy S10"}},{"query":{"id":[{"timestamp_usec":"1440858639995472"}],"query_text":"pawn shop on 38th Street and Keystone Avenue in Indianapolis Indiana"}},{"query":{"id":[{"timestamp_usec":"1440835869791068"}],"query_text":"can i change my Phone 4s battery port with and iPhone 4 have c"}},{"query":{"id":[{"timestamp_usec":"1440835807946556"}],"query_text":"can i change my Phone 4s battery post with and iPhone 4 have c"}},{"query":{"id":[{"timestamp_usec":"1440819300462965"}],"query_text":"weather"}},{"query":{"id":[{"timestamp_usec":"1440794820969708"},{"timestamp_usec":"1440794949208300"}],"query_text":"national automotive in Shelbyville Indiana"}},{"query":{"id":[{"timestamp_usec":"1440793243664036"}],"query_text":"in the military could you put a millet"}},{"query":{"id":[{"timestamp_usec":"1440793149016000"},{"timestamp_usec":"1440793165950901"},{"timestamp_usec":"1440793182934290"}],"query_text":"Hubler Chevrolet Greenwood Indiana"}},{"query":{"id":[{"timestamp_usec":"1440793067398000"},{"timestamp_usec":"1440793085792487"},{"timestamp_usec":"1440793130635915"},{"timestamp_usec":"1440793144924952"}],"query_text":"Hubler Chevrolet in Greenwood Indiana"}},{"query":{"id":[{"timestamp_usec":"1440792523870868"}],"query_text":"Bradley Chevrolet in Franklin Indiana"}},{"query":{"id":[{"timestamp_usec":"1440774109874584"}],"query_text":"crash pad"}},{"query":{"id":[{"timestamp_usec":"1440773469865798"}],"query_text":"youtube"}},{"query":{"id":[{"timestamp_usec":"1440773175390752"}],"query_text":"camptrails explorer"}},{"query":{"id":[{"timestamp_usec":"1440771971184079"}],"query_text":"pawn shop at 38th Street and Keystone Avenue in Indianapolis Indiana"}},{"query":{"id":[{"timestamp_usec":"1440756238250000"},{"timestamp_usec":"1440756242276001"},{"timestamp_usec":"1440756261064001"},{"timestamp_usec":"1440756265398001"}],"query_text":"music"}},{"query":{"id":[{"timestamp_usec":"1440691169110006"}],"query_text":"Shelby street Indy Indiana -> troy and Madison in indy"}},{"query":{"id":[{"timestamp_usec":"1440691151989469"}],"query_text":"Shelby street Indy Indiana -> Shelby St, Indianapolis, IN"}},{"query":{"id":[{"timestamp_usec":"1440691081018378"},{"timestamp_usec":"1440691142499732"},{"timestamp_usec":"1440691144448835"},{"timestamp_usec":"1440691145526568"}],"query_text":"(Current Location) -> Shelby St, Indianapolis, IN"}},{"query":{"id":[{"timestamp_usec":"1440690411007145"}],"query_text":"first cash indianapolis, in"}},{"query":{"id":[{"timestamp_usec":"1440687350996839"}],"query_text":"(Current Location) -> First Cash"}},{"query":{"id":[{"timestamp_usec":"1440687328782490"}],"query_text":"First Cash Indianapolis, IN"}},{"query":{"id":[{"timestamp_usec":"1440687305685943"}],"query_text":"pawn shops in indianapolis indiana"}},{"query":{"id":[{"timestamp_usec":"1440680597894437"}],"query_text":"39.825424, -86.121711"}},{"query":{"id":[{"timestamp_usec":"1440672611697121"}],"query_text":"youtube"}},{"query":{"id":[{"timestamp_usec":"1440656877373595"},{"timestamp_usec":"1440656916989515"}],"query_text":"(Current Location) -> Shelby St & E Troy Ave, Indianapolis, IN 46227"}},{"query":{"id":[{"timestamp_usec":"1440642357188239"}],"query_text":"youtube"}},{"query":{"id":[{"timestamp_usec":"1440642320396817"}],"query_text":"123 movies"}},{"query":{"id":[{"timestamp_usec":"1440639391768674"}],"query_text":"youtube"}},{"query":{"id":[{"timestamp_usec":"1440632168042721"}],"query_text":"123 movies"}},{"query":{"id":[{"timestamp_usec":"1440628647264960"}],"query_text":"123 movies"}},{"query":{"id":[{"timestamp_usec":"1440548195514251"}],"query_text":"Advance Auto in Whiteland Indiana"}},{"query":{"id":[{"timestamp_usec":"1440526574478592"}],"query_text":"homeless shelter Indy"}},{"query":{"id":[{"timestamp_usec":"1440526513374868"}],"query_text":"storage sheds"}},{"query":{"id":[{"timestamp_usec":"1440526383958756"}],"query_text":"aunt betty's storage greenwood, in"}},{"query":{"id":[{"timestamp_usec":"1440526126865299"}],"query_text":"Aunt Betty's Storage Greenwood, IN"}},{"query":{"id":[{"timestamp_usec":"1440526003730151"},{"timestamp_usec":"1440526046948786"}],"query_text":"storage sheds"}},{"query":{"id":[{"timestamp_usec":"1440525735113042"}],"query_text":"storage units"}},{"query":{"id":[{"timestamp_usec":"1440472434635197"}],"query_text":"youtube"}},{"query":{"id":[{"timestamp_usec":"1440461124071445"}],"query_text":"dominos"}},{"query":{"id":[{"timestamp_usec":"1440438039097984"}],"query_text":"com.chh.android.allmovieapp"}},{"query":{"id":[{"timestamp_usec":"1440437929142313"}],"query_text":"f******"}},{"query":{"id":[{"timestamp_usec":"1440436440368077"}],"query_text":"(Current Location) -> new place"}},{"query":{"id":[{"timestamp_usec":"1440433779952229"}],"query_text":"Indy Lakes Indianapolis, IN"}},{"query":{"id":[{"timestamp_usec":"1440431826940073"}],"query_text":"Indy Lakes Indianapolis, IN"}},{"query":{"id":[{"timestamp_usec":"1440431454039033"},{"timestamp_usec":"1440431460558433"}],"query_text":"Indianapolis KOA Greenfield, IN"}},{"query":{"id":[{"timestamp_usec":"1440431345667770"}],"query_text":"campgrounds in greenwood indiana"}},{"query":{"id":[{"timestamp_usec":"1440426286560504"}],"query_text":"(Current Location) -> 402 E Main St, Greenwood, IN 46143"}},{"query":{"id":[{"timestamp_usec":"1440426285499744"}],"query_text":"402 East Main Street, Greenwood, IN"}},{"query":{"id":[{"timestamp_usec":"1440426025266553"}],"query_text":"cop able to scan plates automatically"}},{"query":{"id":[{"timestamp_usec":"1440422696939085"}],"query_text":"odd jobs in indianapolis"}},{"query":{"id":[{"timestamp_usec":"1440418166679016"}],"query_text":"cf6094 license plate"}},{"query":{"id":[{"timestamp_usec":"1440418132757376"}],"query_text":"cf6094"}},{"query":{"id":[{"timestamp_usec":"1440417832054614"}],"query_text":"death of a ghost hunter based on a true story"}},{"query":{"id":[{"timestamp_usec":"1440417654059468"}],"query_text":"death of a ghost hunter"}},{"query":{"id":[{"timestamp_usec":"1440355128298348"}],"query_text":"desperation depot amity indiana"}},{"query":{"id":[{"timestamp_usec":"1440354832820045"}],"query_text":"Millie's in Amity Indiana"}},{"query":{"id":[{"timestamp_usec":"1440255118922919"}],"query_text":"(Current Location) -> 908 E Mills Ave, Indianapolis, IN 46227"}},{"query":{"id":[{"timestamp_usec":"1440239458113943"}],"query_text":"culling"}},{"query":{"id":[{"timestamp_usec":"1440192302370168"},{"timestamp_usec":"1440192373872402"}],"query_text":"spiders..yellow white black"}},{"query":{"id":[{"timestamp_usec":"1440192237756413"},{"timestamp_usec":"1440192253124984"}],"query_text":"spiders"}},{"query":{"id":[{"timestamp_usec":"1440136517125217"}],"query_text":"nicole brewer"}},{"query":{"id":[{"timestamp_usec":"1440135586338000"},{"timestamp_usec":"1440135600281000"},{"timestamp_usec":"1440135626843000"}],"query_text":"live stream player"}},{"query":{"id":[{"timestamp_usec":"1440059789501000"}],"query_text":"free movies app that lists movies by the year"}},{"query":{"id":[{"timestamp_usec":"1440049136304000"},{"timestamp_usec":"1440049139206000"},{"timestamp_usec":"1440049160623000"}],"query_text":"free movies app that lists movies by the year"}},{"query":{"id":[{"timestamp_usec":"1440046129208090"}],"query_text":"(Current Location) -> Long's Furniture World & Mattress, 4108 US-31, Franklin, IN 46131, United States"}},{"query":{"id":[{"timestamp_usec":"1440046120471919"}],"query_text":"longs furniture franklin in"}},{"query":{"id":[{"timestamp_usec":"1440045820795048"}],"query_text":"(Current Location) -> Amity Volunteer Fire Department, RR 5, Franklin, IN 46131, United States"}},{"query":{"id":[{"timestamp_usec":"1440045819776879"}],"query_text":"Amity Volunteer Fire Department, Franklin, IN"}},{"query":{"id":[{"timestamp_usec":"1440043711825651"}],"query_text":"(Current Location) -> S Center Ln, Franklin, IN 46131"}},{"query":{"id":[{"timestamp_usec":"1440043663430717"}],"query_text":"center lane Franklin"}},{"query":{"id":[{"timestamp_usec":"1440043600072233"}],"query_text":"Ramsay additions in Franklin Indiana"}},{"query":{"id":[{"timestamp_usec":"1440040575958000"},{"timestamp_usec":"1440040597535000"}],"query_text":"my movies"}},{"query":{"id":[{"timestamp_usec":"1440040536618000"}],"query_text":"free movies app that lists movies by the year"}},{"query":{"id":[{"timestamp_usec":"1440040451474000"},{"timestamp_usec":"1440040507959000"}],"query_text":"my movies free movie library"}},{"query":{"id":[{"timestamp_usec":"1440040319700000"}],"query_text":"free movies app that lists movies by the year"}},{"query":{"id":[{"timestamp_usec":"1440039818295000"}],"query_text":"watch movies"}},{"query":{"id":[{"timestamp_usec":"1440039698592000"}],"query_text":"movies now"}},{"query":{"id":[{"timestamp_usec":"1440039516656000"}],"query_text":"movies now hollywood free"}},{"query":{"id":[{"timestamp_usec":"1440039342811000"},{"timestamp_usec":"1440039347360000"},{"timestamp_usec":"1440039386740000"}],"query_text":"free movies"}},{"query":{"id":[{"timestamp_usec":"1440034888048000"},{"timestamp_usec":"1440034894055000"}],"query_text":"police scanner"}},{"query":{"id":[{"timestamp_usec":"1440027413065983"}],"query_text":"customer service for virgin mobimobile"}},{"query":{"id":[{"timestamp_usec":"1439991779254351"},{"timestamp_usec":"1439991809455264"},{"timestamp_usec":"1439991825485938"},{"timestamp_usec":"1439991844791862"},{"timestamp_usec":"1439991861363053"},{"timestamp_usec":"1439991905042355"},{"timestamp_usec":"1439991936926759"}],"query_text":"punishment for pissing dirty for meth at a job where u work on school grounds"}},{"query":{"id":[{"timestamp_usec":"1439991740226000"},{"timestamp_usec":"1439991742468539"}],"query_text":"punishment for pissing"}},{"query":{"id":[{"timestamp_usec":"1439991728094638"}],"query_text":"punishing"}},{"query":{"id":[{"timestamp_usec":"1439991710235390"}],"query_text":"punishment"}},{"query":{"id":[{"timestamp_usec":"1439967645534000"}],"query_text":"movies"}},{"query":{"id":[{"timestamp_usec":"1439967293642000"}],"query_text":"free movies"}},{"query":{"id":[{"timestamp_usec":"1439964936678000"},{"timestamp_usec":"1439964944319000"},{"timestamp_usec":"1439964970513000"},{"timestamp_usec":"1439964990545000"}],"query_text":"free movies"}},{"query":{"id":[{"timestamp_usec":"1439963159070944"}],"query_text":"weather"}},{"query":{"id":[{"timestamp_usec":"1439944613786593"}],"query_text":"you want to drive or you want me to"}},{"query":{"id":[{"timestamp_usec":"1439919344766327"}],"query_text":"which way do tie rods go on my 1993 olds"}},{"query":{"id":[{"timestamp_usec":"1439884201285808"}],"query_text":"american dad"}},{"query":{"id":[{"timestamp_usec":"1439884041078446"}],"query_text":"family guy"}},{"query":{"id":[{"timestamp_usec":"1439883453845032"}],"query_text":"watch movies online free"}},{"query":{"id":[{"timestamp_usec":"1439851022926000"},{"timestamp_usec":"1439851048561000"}],"query_text":"free movies"}},{"query":{"id":[{"timestamp_usec":"1439838977001000"}],"query_text":"free movies"}},{"query":{"id":[{"timestamp_usec":"1439837768520000"}],"query_text":"popcorn time"}},{"query":{"id":[{"timestamp_usec":"1439836478995000"},{"timestamp_usec":"1439836519848000"}],"query_text":"all movies "}},{"query":{"id":[{"timestamp_usec":"1439836274218000"},{"timestamp_usec":"1439836277668000"}],"query_text":"all movies unlimited"}},{"query":{"id":[{"timestamp_usec":"1439832523590782"}],"query_text":"(Current Location) -> 300 N Graham Rd, Greenwood, IN 46143"}},{"query":{"id":[{"timestamp_usec":"1439831407675583"}],"query_text":"(Current Location) -> Main St, Beech Grove, IN 46107"}},{"query":{"id":[{"timestamp_usec":"1439765666920084"}],"query_text":"goodwill outlet indy Indiana"}},{"query":{"id":[{"timestamp_usec":"1439763073659000"},{"timestamp_usec":"1439763257540340"}],"query_text":"pill identifier"}},{"query":{"id":[{"timestamp_usec":"1439761328138475"}],"query_text":"(Current Location) -> 8405 Farmhill Rd, Indianapolis, IN 46231"}},{"query":{"id":[{"timestamp_usec":"1439761315360719"}],"query_text":"8405 Farmhill Road, Indianapolis, IN"}},{"query":{"id":[{"timestamp_usec":"1439761199409960"}],"query_text":"(Current Location) -> 8405 Hill Rise Dr, Indianapolis, IN 46237"}},{"query":{"id":[{"timestamp_usec":"1439758216330620"},{"timestamp_usec":"1439758619717231"}],"query_text":"(Current Location) -> 6302 W Washington St, Indianapolis, IN 46241"}},{"query":{"id":[{"timestamp_usec":"1439744551086663"},{"timestamp_usec":"1439744619981837"}],"query_text":"camping"}},{"query":{"id":[{"timestamp_usec":"1439729844782904"}],"query_text":"places in Greenwood Indiana that sell tent poles"}},{"query":{"id":[{"timestamp_usec":"1439714654410196"}],"query_text":"garmin maps free"}},{"query":{"id":[{"timestamp_usec":"1439683454911865"}],"query_text":"Gander Mountain in Greenwood Indiana"}},{"query":{"id":[{"timestamp_usec":"1439682881304170"}],"query_text":"Dick's Sporting Goods in Greenwood Indiana"}},{"query":{"id":[{"timestamp_usec":"1439617444119953"}],"query_text":"/"}},{"query":{"id":[{"timestamp_usec":"1439617341857120"}],"query_text":"abdul n child franklin indiana"}},{"query":{"id":[{"timestamp_usec":"1439607465302190"},{"timestamp_usec":"1439607477331640"},{"timestamp_usec":"1439607491921297"},{"timestamp_usec":"1439607664321788"},{"timestamp_usec":"1439607882230214"},{"timestamp_usec":"1439608005662046"},{"timestamp_usec":"1439608489528812"}],"query_text":"pictures of coleman 12-person tent"}},{"query":{"id":[{"timestamp_usec":"1439607106198859"},{"timestamp_usec":"1439607127640000"},{"timestamp_usec":"1439607313096130"}],"query_text":"pictures of Coleman 12-person Tent"}},{"query":{"id":[{"timestamp_usec":"1439607092115694"}],"query_text":"pictures of Coleman"}},{"query":{"id":[{"timestamp_usec":"1439598464770964"},{"timestamp_usec":"1439598492041426"}],"query_text":"(Current Location) -> 110 S Railroad Ave, Whiteland, IN 46184"}},{"query":{"id":[{"timestamp_usec":"1439572881934467"}],"query_text":"(Current Location) -> 300 N Graham Rd, Greenwood, IN 46143"}},{"query":{"id":[{"timestamp_usec":"1439570060841000"}],"query_text":"(Current Location) -> 1010 South Sheffield Avenue, Indianapolis, IN"}},{"query":{"id":[{"timestamp_usec":"1439570024182699"}],"query_text":"(Current Location) -> 1010 South Sheffield Avenue, Indianapolis, IN 46222"}},{"query":{"id":[{"timestamp_usec":"1439569935630528"},{"timestamp_usec":"1439570016339207"}],"query_text":"(Current Location) -> 1010 N Sheffield Ave"}},{"query":{"id":[{"timestamp_usec":"1439569671759440"},{"timestamp_usec":"1439569928362653"}],"query_text":"(Current Location) -> 1010 N Sheffield Ave, Indianapolis, IN 46222"}},{"query":{"id":[{"timestamp_usec":"1439556540018148"}],"query_text":"ep"}},{"query":{"id":[{"timestamp_usec":"1439522582231637"}],"query_text":"himym cast"}},{"query":{"id":[{"timestamp_usec":"1439513851009561"}],"query_text":"Abdul n child Franklin Indiana"}},{"query":{"id":[{"timestamp_usec":"1439488099019071"}],"query_text":"atterbury campgrounds in edinburgh indiana"}},{"query":{"id":[{"timestamp_usec":"1439487592749217"}],"query_text":"why am I not getting fire out of my number one cylinder in my 2002 Chevy Trailblazer"}},{"query":{"id":[{"timestamp_usec":"1439487575278875"}],"query_text":"why am I not getting fire out of my number one cylinder on my 2000 and 2"}},{"query":{"id":[{"timestamp_usec":"1439487374058251"}],"query_text":"Bradley Chevrolet in Franklin Indiana"}},{"query":{"id":[{"timestamp_usec":"1439485637670218"}],"query_text":"why am I not getting fire to my number one cylinder in my 2002 Trailblazer"}},{"query":{"id":[{"timestamp_usec":"1439485622613074"}],"query_text":"why am I not eat"}},{"query":{"id":[{"timestamp_usec":"1439484962314898"}],"query_text":"michelle knight"}},{"query":{"id":[{"timestamp_usec":"1439427969930598"}],"query_text":"39.482261, -86.018631"}},{"query":{"id":[{"timestamp_usec":"1439427950058290"}],"query_text":"camp atterbury campgrounds indiana"}},{"query":{"id":[{"timestamp_usec":"1439390829167042"}],"query_text":"you"}},{"query":{"id":[{"timestamp_usec":"1439386177970120"},{"timestamp_usec":"1439386305262030"}],"query_text":"(Current Location) -> Camp Atterbury, IN 46131"}},{"query":{"id":[{"timestamp_usec":"1439386177205733"}],"query_text":"Camp Atterbury, IN"}},{"query":{"id":[{"timestamp_usec":"1439340678240000"}],"query_text":"police scanner"}},{"query":{"id":[{"timestamp_usec":"1439300642330035"}],"query_text":"(Current Location) -> Pilot Travel Center, 2962 E 500 N, Whiteland, IN 46184"}},{"query":{"id":[{"timestamp_usec":"1439262104587543"},{"timestamp_usec":"1439262179742237"}],"query_text":"porn"}},{"query":{"id":[{"timestamp_usec":"1439262062588379"}],"query_text":"pornstache"}},{"query":{"id":[{"timestamp_usec":"1439261997518433"}],"query_text":"porn"}},{"query":{"id":[{"timestamp_usec":"1439190967705550"}],"query_text":"(Current Location) -> Hidden Paradise Campground, East Jefferson Street, Saint Paul, IN"}},{"query":{"id":[{"timestamp_usec":"1439190314930000"}],"query_text":"navigation apps free"}},{"query":{"id":[{"timestamp_usec":"1439190058846000"}],"query_text":"app killer android"}},{"query":{"id":[{"timestamp_usec":"1439189812373000"}],"query_text":"flashlight app"}},{"query":{"id":[{"timestamp_usec":"1439189210285000"}],"query_text":"ifixit app"}},{"query":{"id":[{"timestamp_usec":"1439181629399572"}],"query_text":"f******"}},{"query":{"id":[{"timestamp_usec":"1439180293994125"}],"query_text":"Hidden Paradise Campground"}},{"query":{"id":[{"timestamp_usec":"1439173258519887"}],"query_text":"f******"}},{"query":{"id":[{"timestamp_usec":"1439124400083027"}],"query_text":"hey. Com"}},{"query":{"id":[{"timestamp_usec":"1439108861655508"}],"query_text":"no drugs in my system and i halucinate"}},{"query":{"id":[{"timestamp_usec":"1439108171380213"},{"timestamp_usec":"1439108172357280"}],"query_text":"how can I reset an iPhone 4S"}},{"query":{"id":[{"timestamp_usec":"1439106926925173"}],"query_text":"no drugs in my system and i see people and talk to them and they talk backbalucinate"}},{"query":{"id":[{"timestamp_usec":"1439106773665133"},{"timestamp_usec":"1439106774133225"},{"timestamp_usec":"1439106806532059"}],"query_text":"no drugs in my system and i halucinate"}},{"query":{"id":[{"timestamp_usec":"1439105576069757"},{"timestamp_usec":"1439105576405429"}],"query_text":"no drugs in my system and I halucinate"}},{"query":{"id":[{"timestamp_usec":"1439063037652042"},{"timestamp_usec":"1439063038509232"}],"query_text":"where is the number one cylinder located on a 2000 and 2"}},{"query":{"id":[{"timestamp_usec":"1439049022679546"}],"query_text":"how do I get a security pattern off of a Samsung Galaxy S3"}},{"query":{"id":[{"timestamp_usec":"1439047076538028"},{"timestamp_usec":"1439047076769833"}],"query_text":"galaxy s 3 for got lock screen code"}},{"query":{"id":[{"timestamp_usec":"1439046992596386"},{"timestamp_usec":"1439046992818796"}],"query_text":"galaxy s 3"}},{"query":{"id":[{"timestamp_usec":"1439010498971000"}],"query_text":"police scanner"}},{"query":{"id":[{"timestamp_usec":"1439010353166000"}],"query_text":"app killer"}},{"query":{"id":[{"timestamp_usec":"1439009970274989"},{"timestamp_usec":"1439009971290407"}],"query_text":"local news in Indianapolis Indiana"}},{"query":{"id":[{"timestamp_usec":"1439009722496000"}],"query_text":"Crackle - Movies & TV"}},{"query":{"id":[{"timestamp_usec":"1439009409686000"}],"query_text":"cracked screen"}},{"query":{"id":[{"timestamp_usec":"1438988584745333"}],"query_text":"Mardis Bail Bonds in Franklin Indiana"}},{"query":{"id":[{"timestamp_usec":"1438979806789011"}],"query_text":"retirement homes in franklin indiana"}},{"query":{"id":[{"timestamp_usec":"1438979593004980"}],"query_text":"retirement homes in Franklin Indiana"}},{"query":{"id":[{"timestamp_usec":"1438961685305488"}],"query_text":"Burger King in Franklin Indiana"}},{"query":{"id":[{"timestamp_usec":"1438914074758675"}],"query_text":"their c**"}},{"query":{"id":[{"timestamp_usec":"1438914000974946"}],"query_text":"bearcom walkie talkie"}},{"query":{"id":[{"timestamp_usec":"1438881425073683"}],"query_text":"prototype fighter jets"}},{"query":{"id":[{"timestamp_usec":"1438880563937518"}],"query_text":"39.636089999999996,-86.094275 -> 801 North us 31 Greenwood Indiana"}},{"query":{"id":[{"timestamp_usec":"1438880519644367"}],"query_text":"Taco Bell in Greenwood Indiana"}},{"query":{"id":[{"timestamp_usec":"1438880454395577"}],"query_text":"pictures of a Grande meal from Taco Bell"}},{"query":{"id":[{"timestamp_usec":"1438880204359199"}],"query_text":"Taco Bell in Greenwood Indiana"}},{"query":{"id":[{"timestamp_usec":"1438879605312316"}],"query_text":"39.761179,-86.05805 -> 559 Dunn Street Franklin Indiana"}},{"query":{"id":[{"timestamp_usec":"1438879549572202"}],"query_text":"39.762344,-86.057632 -> BMV near my location"}},{"query":{"id":[{"timestamp_usec":"1438878457882918"},{"timestamp_usec":"1438878760213014"}],"query_text":"39.7395510, -86.1399800 -> Trinity Metals, 6400 English Avenue, Indianapolis, IN 46219"}},{"query":{"id":[{"timestamp_usec":"1438878156247562"}],"query_text":"39.739551,-86.13998 -> Trinity Metals, 6400 English Avenue, Indianapolis, IN 46219"}},{"query":{"id":[{"timestamp_usec":"1438878155371563"}],"query_text":"39.739551,-86.139933 -> Trinity Metals, 6400 English Avenue, Indianapolis, IN 46219"}},{"query":{"id":[{"timestamp_usec":"1438878154769172"}],"query_text":"39.739551,-86.139878 -> Trinity Metals, 6400 English Avenue, Indianapolis, IN 46219"}},{"query":{"id":[{"timestamp_usec":"1438878145253331"}],"query_text":"39.739244,-86.13976699999999 -> Trinity Metals, 6400 English Avenue, Indianapolis, IN 46219"}},{"query":{"id":[{"timestamp_usec":"1438878143836053"}],"query_text":"39.739104,-86.139766 -> Trinity Metals, 6400 English Avenue, Indianapolis, IN 46219"}},{"query":{"id":[{"timestamp_usec":"1438878134289256"}],"query_text":"39.738994999999996,-86.139765 -> Trinity Metals, 6400 English Avenue, Indianapolis, IN 46219"}},{"query":{"id":[{"timestamp_usec":"1438878102713102"}],"query_text":"39.738929999999996,-86.139765 -> Trinity Metals, 6400 English Avenue, Indianapolis, IN 46219"}},{"query":{"id":[{"timestamp_usec":"1438877968444732"}],"query_text":"39.738375999999995,-86.139725 -> Trinity Metals, 6400 English Avenue, Indianapolis, IN 46219"}},{"query":{"id":[{"timestamp_usec":"1438877967634169"}],"query_text":"39.737868,-86.13967799999999 -> Trinity Metals, 6400 English Avenue, Indianapolis, IN 46219"}},{"query":{"id":[{"timestamp_usec":"1438877950430549"}],"query_text":"39.737623,-86.139394 -> Trinity Metals, 6400 English Avenue, Indianapolis, IN 46219"}},{"query":{"id":[{"timestamp_usec":"1438877822218685"}],"query_text":"39.761469999999996,-86.14342599999999 -> Trinity Metals, 6400 English Avenue, Indianapolis, IN 46219"}},{"query":{"id":[{"timestamp_usec":"1438877703377502"}],"query_text":"39.782075999999996,-86.14288499999999 -> Trinity metals in Indianapolis Indiana"}},{"query":{"id":[{"timestamp_usec":"1438877521931357"}],"query_text":"Trinity Metals in Indianapolis Indiana"}},{"query":{"id":[{"timestamp_usec":"1438877471197643"}],"query_text":"39.803405999999995,-86.123353 -> Trinity Metals, 6400 English Avenue, Indianapolis, IN 46219"}},{"query":{"id":[{"timestamp_usec":"1438877427530411"}],"query_text":"metal recycling in Indianapolis Indiana"}},{"query":{"id":[{"timestamp_usec":"1438877382376782"}],"query_text":"39.803408,-86.12636499999999 -> 3602 Farnsworth Street Indianapolis Indiana"}},{"query":{"id":[{"timestamp_usec":"1438877322969483"}],"query_text":"metal recycling in Indianapolis Indiana"}},{"query":{"id":[{"timestamp_usec":"1438876927992409"}],"query_text":"39.803326999999996,-86.138133 -> 1212 E 25th St, Indianapolis, IN 46205"}},{"query":{"id":[{"timestamp_usec":"1438876387402334"},{"timestamp_usec":"1438876688821570"}],"query_text":"39.8408100, -86.1186920 -> 1212 E 25th St, Indianapolis, IN 46205"}},{"query":{"id":[{"timestamp_usec":"1438876086390748"}],"query_text":"39.84081,-86.118692 -> 1212 East 25th Street Indianapolis Indiana"}},{"query":{"id":[{"timestamp_usec":"1438875936848486"}],"query_text":"metal recycling in Indianapolis Indiana"}},{"query":{"id":[{"timestamp_usec":"1438875818412088"}],"query_text":"39.840939,-86.118692 -> metal recycling in Indianapolis Indiana"}},{"query":{"id":[{"timestamp_usec":"1438871708961738"}],"query_text":"recycling places in Indianapolis Indiana"}},{"query":{"id":[{"timestamp_usec":"1438867507797309"}],"query_text":"kroots recycling columbis Indiana"}},{"query":{"id":[{"timestamp_usec":"1438833355029742"}],"query_text":"craigslist indianapolis indiana farm and garden"}},{"query":{"id":[{"timestamp_usec":"1438823512412110"}],"query_text":"39.5069450, -86.0697440 -> 135 Brentwood Ln, Whiteland, IN 46184"}},{"query":{"id":[{"timestamp_usec":"1438823211266534"}],"query_text":"39.506945,-86.069744 -> 135 Brentwood Ln, Whiteland, IN 46184"}},{"query":{"id":[{"timestamp_usec":"1438823207975302"}],"query_text":"39.507179,-86.06918499999999 -> 135 Brentwood Lane Whiteland Indiana"}},{"query":{"id":[{"timestamp_usec":"1438467738495314"},{"timestamp_usec":"1438467832959536"},{"timestamp_usec":"1438467875190180"},{"timestamp_usec":"1438467964812821"}],"query_text":"wink date site"}},{"query":{"id":[{"timestamp_usec":"1438466389701915"}],"query_text":"Johnson County Park Edinburgh, IN"}},{"query":{"id":[{"timestamp_usec":"1438466314063653"}],"query_text":"atterbury campgrounds in Edinburgh Indiana"}},{"query":{"id":[{"timestamp_usec":"1438466250117678"}],"query_text":"adaberry campgrounds in Edinburgh Indiana"}},{"query":{"id":[{"timestamp_usec":"1438466183206691"}],"query_text":"atterbury camp site"}},{"query":{"id":[{"timestamp_usec":"1438466163646462"}],"query_text":"attibury camp site"}},{"query":{"id":[{"timestamp_usec":"1438466052742062"},{"timestamp_usec":"1438466089046233"}],"query_text":"campgrounds near me"}},{"query":{"id":[{"timestamp_usec":"1438460279692776"}],"query_text":"serpentine belt diagram for a 2002 Chevy Trailblazer"}},{"query":{"id":[{"timestamp_usec":"1438452393785939"}],"query_text":"how do i remove a clutch fan from my 2002 chevy trail blazer"}},{"query":{"id":[{"timestamp_usec":"1438451322626284"}],"query_text":"which way does my clutch fan bolt turn to remove on my 2003 chevy envoy"}},{"query":{"id":[{"timestamp_usec":"1438450771533165"}],"query_text":"how do i remove a clutch fan from my 2002 chevy trail blazer"}},{"query":{"id":[{"timestamp_usec":"1438381048843284"}],"query_text":"alright I'll see you later"}},{"query":{"id":[{"timestamp_usec":"1438373524987856"}],"query_text":"alright I'll see you later"}},{"query":{"id":[{"timestamp_usec":"1438373258270496"}],"query_text":"prosecuter in johnson co in"}},{"query":{"id":[{"timestamp_usec":"1438357425989248"}],"query_text":"seized exhaust bolts"}},{"query":{"id":[{"timestamp_usec":"1438287808482884"}],"query_text":"will a motor out of a 2002 trail blazer work in a 2003 envoy"}},{"query":{"id":[{"timestamp_usec":"1438141950386561"}],"query_text":"wink dating"}},{"query":{"id":[{"timestamp_usec":"1438136948344595"}],"query_text":"motorola nexas 6 replacement screen and digitizer"}},{"query":{"id":[{"timestamp_usec":"1438136774967573"},{"timestamp_usec":"1438136883847036"},{"timestamp_usec":"1438136890334704"},{"timestamp_usec":"1438136899480300"}],"query_text":"motorola nexus 6"}},{"query":{"id":[{"timestamp_usec":"1438123751967064"}],"query_text":"where is a phone numbber from 317-902-2645"}},{"query":{"id":[{"timestamp_usec":"1438117779208861"},{"timestamp_usec":"1438117878847257"},{"timestamp_usec":"1438117958900685"}],"query_text":"what kind of web page is wink"}},{"query":{"id":[{"timestamp_usec":"1438109309931147"}],"query_text":"how do i open my sttaight talk service  on the web"}},{"query":{"id":[{"timestamp_usec":"1438109216482063"},{"timestamp_usec":"1438109237984535"}],"query_text":"how do i open my account on the web"}},{"query":{"id":[{"timestamp_usec":"1438109187906318"}],"query_text":"how do i open my accoutn on the web"}},{"query":{"id":[{"timestamp_usec":"1438102119941584"}],"query_text":"how can i get my car title back from the state of indiana over child support"}},{"query":{"id":[{"timestamp_usec":"1438100166101365"}],"query_text":"how can i get my car title back from the state of indiana over child support"}},{"query":{"id":[{"timestamp_usec":"1438099682993641"}],"query_text":"bmv in franklin in"}},{"query":{"id":[{"timestamp_usec":"1438066780404163"}],"query_text":"rest stop near greenwood in"}},{"query":{"id":[{"timestamp_usec":"1438066751282950"}],"query_text":"rest stops"}},{"query":{"id":[{"timestamp_usec":"1438066725167349"}],"query_text":"39.36352,-85.96669 -> rest stop near my location"}},{"query":{"id":[{"timestamp_usec":"1438043823445681"}],"query_text":"what gets rid of mosquitoes"}},{"query":{"id":[{"timestamp_usec":"1437957990708426"}],"query_text":"walmart in franklin in"}},{"query":{"id":[{"timestamp_usec":"1437942484282286"},{"timestamp_usec":"1437942489347216"}],"query_text":"rash"}},{"query":{"id":[{"timestamp_usec":"1437942364213204"}],"query_text":"my head behind my ears up a little bit itch"}},{"query":{"id":[{"timestamp_usec":"1437938100038046"}],"query_text":"craigslist in myrtle beach sc"}},{"query":{"id":[{"timestamp_usec":"1437921593265737"}],"query_text":"39.492267999999996,-86.05853599999999 -> 7544 E 175 N, Franklin, IN 46131"}},{"query":{"id":[{"timestamp_usec":"1437904499376969"}],"query_text":"how do i fold up my rightline tent"}},{"query":{"id":[{"timestamp_usec":"1437903805664383"}],"query_text":"adr3010 specs"}},{"query":{"id":[{"timestamp_usec":"1437902360123800"}],"query_text":"my head behind my ears up a little bit itch"}},{"query":{"id":[{"timestamp_usec":"1437902297113290"}],"query_text":"bwhi.d"}},{"query":{"id":[{"timestamp_usec":"1437902234619428"}],"query_text":"my head behind my ears up a little bit itch"}},{"query":{"id":[{"timestamp_usec":"1437902118761346"}],"query_text":"behind my eta"}},{"query":{"id":[{"timestamp_usec":"1437901918930929"}],"query_text":"fars"}},{"query":{"id":[{"timestamp_usec":"1437855517561384"}],"query_text":"nintendo ds xl"}},{"query":{"id":[{"timestamp_usec":"1437849424070128"},{"timestamp_usec":"1437849464139702"},{"timestamp_usec":"1437849465800085"},{"timestamp_usec":"1437849467246696"},{"timestamp_usec":"1437849468446504"}],"query_text":"takeout 20150725T135638Z.zip"}},{"query":{"id":[{"timestamp_usec":"1437848971155664"}],"query_text":"red ape no.6610"}},{"query":{"id":[{"timestamp_usec":"1437848794906598"}],"query_text":"takeout 201...."}},{"query":{"id":[{"timestamp_usec":"1437847887743835"}],"query_text":"cadalic devill 2000 check engline came on and while i was drive iy told me to stop the car"}},{"query":{"id":[{"timestamp_usec":"1437847825824983"}],"query_text":"where van i l&my.comyf-"}},{"query":{"id":[{"timestamp_usec":"1437834295321296"}],"query_text":"www facebook com login new account create"}},{"query":{"id":[{"timestamp_usec":"1437834084550973"}],"query_text":"where van i l&my.comyf-"}},{"query":{"id":[{"timestamp_usec":"1437832008454480"}],"query_text":"Fall Creek -> 559 Dunn Street, Franklin, IN"}},{"query":{"id":[{"timestamp_usec":"1437788950365024"}],"query_text":"pinger"}},{"query":{"id":[{"timestamp_usec":"1437635255305000"}],"query_text":"free tv shows full episodes"}},{"query":{"id":[{"timestamp_usec":"1437587955900396"}],"query_text":"39.488304,-86.064317 -> plumbing place in franklin indiana"}},{"query":{"id":[{"timestamp_usec":"1437559454247912"}],"query_text":"franklin indiana town orandse law stating that people can not sleep in there car"}},{"query":{"id":[{"timestamp_usec":"1437558757305318"},{"timestamp_usec":"1437559203688831"},{"timestamp_usec":"1437559241005781"}],"query_text":"franklin indiana laws about sleeping in a car"}},{"query":{"id":[{"timestamp_usec":"1437558711149162"}],"query_text":"franklin indiana town orandse law stating that people can not sleep in there car"}},{"query":{"id":[{"timestamp_usec":"1437430274907650"}],"query_text":"johnson county health department in franklin indiana"}},{"query":{"id":[{"timestamp_usec":"1437232289854152"}],"query_text":"1400 S Center Ln, Franklin, IN"}},{"query":{"id":[{"timestamp_usec":"1436420156183000"}],"query_text":"downhill racing"}},{"query":{"id":[{"timestamp_usec":"1436399247384273"}],"query_text":"Wendy's in Franklin Indiana"}},{"query":{"id":[{"timestamp_usec":"1436399179318104"}],"query_text":"Wendy's menu"}},{"query":{"id":[{"timestamp_usec":"1436384118554772"}],"query_text":"phone number to the food stamp office in Franklin Indiana"}},{"query":{"id":[{"timestamp_usec":"1436368027086072"}],"query_text":"can't swallow food sometimes and feels like my throat is closed"}},{"query":{"id":[{"timestamp_usec":"1436367991401109"}],"query_text":"61 South Hougham Street, Franklin, IN -> 3310 Centerline Rd, Franklin, IN 46131"}},{"query":{"id":[{"timestamp_usec":"1436367655479865"}],"query_text":"3310 Center Street Franklin Indiana"}},{"query":{"id":[{"timestamp_usec":"1436367643407943"}],"query_text":"3310 South Street Franklin Indiana"}},{"query":{"id":[{"timestamp_usec":"1436363162766859"}],"query_text":"gerd"}},{"query":{"id":[{"timestamp_usec":"1436362665687485"}],"query_text":"can't swallow food sometimes and feels like my throat is closed"}},{"query":{"id":[{"timestamp_usec":"1436362415093262"}],"query_text":"pill finder"}},{"query":{"id":[{"timestamp_usec":"1436360640685124"}],"query_text":"paula deen"}},{"query":{"id":[{"timestamp_usec":"1436357149467330"}],"query_text":"He hasn't paid court ordered child support in 8 weeks"}},{"query":{"id":[{"timestamp_usec":"1436311407598327"}],"query_text":"x 103 website"}},{"query":{"id":[{"timestamp_usec":"1436311378682266"}],"query_text":"X 103's website Pic A Part"}},{"query":{"id":[{"timestamp_usec":"1436281335113808"}],"query_text":"probino lawyers that do renters rights Johnson county Indiana"}},{"query":{"id":[{"timestamp_usec":"1436281197067445"}],"query_text":"probino lawyers that do renters rights"}},{"query":{"id":[{"timestamp_usec":"1436272200258053"}],"query_text":"pics of doug cox in franklin in"}},{"query":{"id":[{"timestamp_usec":"1436266739655466"}],"query_text":"i just ate 15 minute ago, then i vomit but no food came up only yellow acid stuff a and feels like it's coming from my throat not my stomach"}},{"query":{"id":[{"timestamp_usec":"1436266650059156"}],"query_text":"pics of Doug Cox in Franklin in"}},{"query":{"id":[{"timestamp_usec":"1436227648521094"}],"query_text":"McDonald's in Franklin Indiana on"}},{"query":{"id":[{"timestamp_usec":"1436226992569251"}],"query_text":"I just ate 15 minute ago, then I vomit but no food came up only yellow acid stuff a and feels like it's coming from my throat not my stomach"}},{"query":{"id":[{"timestamp_usec":"1436225631206065"}],"query_text":"feels like my throat is clamped shut"}},{"query":{"id":[{"timestamp_usec":"1436216919650345"}],"query_text":"single mom with 2 kids, n my landlord is trying to kick us out"}},{"query":{"id":[{"timestamp_usec":"1436215356416299"}],"query_text":"I'm up to date with my rent but my landlord is kicking me out , no lease ,I'm single nom 2 kids"}},{"query":{"id":[{"timestamp_usec":"1436215279260197"}],"query_text":"I'm up to date with my rent but my landlord is kicking me out I'm single nom 2 kids"}},{"query":{"id":[{"timestamp_usec":"1436202798751375"}],"query_text":"jobs in or near Franklin in"}},{"query":{"id":[{"timestamp_usec":"1436196357593292"}],"query_text":"places in Franklin Indiana that will help me get a place to live"}},{"query":{"id":[{"timestamp_usec":"1436150256886862"}],"query_text":"unlock code for Droid Razr Maxx"}},{"query":{"id":[{"timestamp_usec":"1436146607863950"}],"query_text":"dominos in franklin indiana"}},{"query":{"id":[{"timestamp_usec":"1436130931442936"}],"query_text":"can I use AT&T service with my Droid Razr Maxx"}},{"query":{"id":[{"timestamp_usec":"1436074954735168"}],"query_text":"screen replacement for htc one m7"}},{"query":{"id":[{"timestamp_usec":"1436059098787897"}],"query_text":"what kind of punshment should a 14 year old boy get for stealing money out of cars"}},{"query":{"id":[{"timestamp_usec":"1436050561184000"}],"query_text":"ki.omrrmrjtr.bw.ejrmym..nwri.ftu"}},{"query":{"id":[{"timestamp_usec":"1436050377092000"}],"query_text":"m"}},{"query":{"id":[{"timestamp_usec":"1436021476399514"}],"query_text":"what kind of punshment should a 14 year old boy get for stealing money out of cars"}},{"query":{"id":[{"timestamp_usec":"1436018136123015"}],"query_text":"it always feels like bugs are crawling on me"}},{"query":{"id":[{"timestamp_usec":"1435985537059275"}],"query_text":"it feels like i have a tampon in but i dont,"}},{"query":{"id":[{"timestamp_usec":"1435970065914223"},{"timestamp_usec":"1435970076879579"}],"query_text":"bail bond agencies in Franklin Indiana"}},{"query":{"id":[{"timestamp_usec":"1435966237668275"}],"query_text":"bail bond agencies in Franklin Indiana"}},{"query":{"id":[{"timestamp_usec":"1435966218217186"}],"query_text":"Al bondsman's in Franklin Indiana"}},{"query":{"id":[{"timestamp_usec":"1435966154710495"}],"query_text":"Franklin Bail Bonds agencies"}},{"query":{"id":[{"timestamp_usec":"1435945898298000"}],"query_text":"flashlight app"}},{"query":{"id":[{"timestamp_usec":"1435933581486864"}],"query_text":"it feels like somri is stuck in my throat but nothing is there"}},{"query":{"id":[{"timestamp_usec":"1435933522927276"}],"query_text":"it always feels like somebody's watching me"}},{"query":{"id":[{"timestamp_usec":"1435929501310455"}],"query_text":"how do I change the screen and digitizer out on a HTC One M7"}},{"query":{"id":[{"timestamp_usec":"1435891321518831"}],"query_text":"pictures of a HTC One"}},{"query":{"id":[{"timestamp_usec":"1435888570846000"}],"query_text":"ifixit app"}},{"query":{"id":[{"timestamp_usec":"1435861589817441"}],"query_text":"Bail Bonds agencies in Franklin Indiana"}},{"query":{"id":[{"timestamp_usec":"1435853776890792"}],"query_text":"Bail Bonds in Franklin Indiana"}},{"query":{"id":[{"timestamp_usec":"1435849616367321"}],"query_text":"Johnson County Health Department"}},{"query":{"id":[{"timestamp_usec":"1435765769385260"}],"query_text":"liquor store"}},{"query":{"id":[{"timestamp_usec":"1435763946939842"},{"timestamp_usec":"1435764040698903"}],"query_text":"a1 bail bonds franklin indiana"}},{"query":{"id":[{"timestamp_usec":"1435763022948824"},{"timestamp_usec":"1435763134785830"}],"query_text":"White Castle on Keystone near my location"}},{"query":{"id":[{"timestamp_usec":"1435751902906652"}],"query_text":"Shawn foster Franklin Indiana"}},{"query":{"id":[{"timestamp_usec":"1435751301694995"},{"timestamp_usec":"1435751512890569"}],"query_text":"juvenile detention center"}},{"query":{"id":[{"timestamp_usec":"1435713695985911"},{"timestamp_usec":"1435715372828686"}],"query_text":"motion sick pills"}}]}