{"event":[{"query":{"id":[{"timestamp_usec":"1435619502833024"}],"query_text":"rooms for rent in Franklin Indiana"}},{"query":{"id":[{"timestamp_usec":"1435619363499422"}],"query_text":"Sheriff's Department in Franklin Indiana inmate"}},{"query":{"id":[{"timestamp_usec":"1435619267829456"}],"query_text":"Police Department in Franklin Indiana"}},{"query":{"id":[{"timestamp_usec":"1435585303053488"}],"query_text":"who is Nostradamus and what did he predict"}},{"query":{"id":[{"timestamp_usec":"1435452282030129"}],"query_text":"sign in for Gmail"}},{"query":{"id":[{"timestamp_usec":"1435448022459319"}],"query_text":"can i hook car speakers up in my house what is the difference"}},{"query":{"id":[{"timestamp_usec":"1435416682231584"}],"query_text":"where do i put transmission fluid in a 2000 suzuki vitara"}},{"query":{"id":[{"timestamp_usec":"1435415820660908"}],"query_text":"where do I put transmission fluid in a 2000 Suzuki Vitara"}},{"query":{"id":[{"timestamp_usec":"1435414870373008"}],"query_text":"crai"}},{"query":{"id":[{"timestamp_usec":"1435408254228753"}],"query_text":"can I get a network lock off of a Sprint cell phone"}},{"query":{"id":[{"timestamp_usec":"1435408032692605"}],"query_text":"how do I get a network lock off of an LG flex from sprint sprint"}},{"query":{"id":[{"timestamp_usec":"1435407960615977"}],"query_text":"can i unlock an LG flex"}},{"query":{"id":[{"timestamp_usec":"1435386572202000"}],"query_text":"ifixit app"}},{"query":{"id":[{"timestamp_usec":"1435383341992565"},{"timestamp_usec":"1435383507299362"}],"query_text":"what do you do if somebody is overdosing on glass"}},{"query":{"id":[{"timestamp_usec":"1435382230489424"}],"query_text":"Pandora"}},{"query":{"id":[{"timestamp_usec":"1435379967414000"}],"query_text":"free music download"}},{"query":{"id":[{"timestamp_usec":"1435377196824538"}],"query_text":"wand curls"}},{"query":{"id":[{"timestamp_usec":"1435285199169012"}],"query_text":"thortuans gas station close to Greenwood Indiana"}},{"query":{"id":[{"timestamp_usec":"1435275725370000"},{"timestamp_usec":"1435275726502543"},{"timestamp_usec":"1435276101337348"}],"query_text":"taco bell Franklin Indiana"}},{"query":{"id":[{"timestamp_usec":"1435229803073838"}],"query_text":"local weather for Franklin Indiana"}},{"query":{"id":[{"timestamp_usec":"1435179265686409"}],"query_text":"9072687765"}},{"query":{"id":[{"timestamp_usec":"1435179165829195"}],"query_text":"907268 area code"}},{"query":{"id":[{"timestamp_usec":"1435179049341295"}],"query_text":"907 area code"}},{"query":{"id":[{"timestamp_usec":"1435108801288332"}],"query_text":"Instax digital camera"}},{"query":{"id":[{"timestamp_usec":"1435102847531374"},{"timestamp_usec":"1435102883789726"}],"query_text":"Johnson County Sheriff's Department in Franklin Indiana"}},{"query":{"id":[{"timestamp_usec":"1435072684271151"},{"timestamp_usec":"1435074224681666"}],"query_text":"squatters law"}},{"query":{"id":[{"timestamp_usec":"1435056309607000"}],"query_text":"clean master"}},{"query":{"id":[{"timestamp_usec":"1435019596737657"}],"query_text":"(Current Location) -> 1300 Graham Rd, Franklin, IN 46131"}},{"query":{"id":[{"timestamp_usec":"1435019589119708"}],"query_text":"1300 North Graham Road Franklin Indiana"}},{"query":{"id":[{"timestamp_usec":"1435018873588904"}],"query_text":"(Current Location) -> Indianapolis International Airport, 7800 Col. H. Weir Cook Memorial Drive, Indianapolis, IN"}},{"query":{"id":[{"timestamp_usec":"1435018817898428"}],"query_text":"(Current Location) -> 739 S 100 W, Franklin, IN"}},{"query":{"id":[{"timestamp_usec":"1435018814337896"}],"query_text":"(Current Location) -> 1966 Bluff Rd, Indianapolis, IN"}},{"query":{"id":[{"timestamp_usec":"1435018789725085"}],"query_text":"7544 E 175 N, Franklin, IN"}},{"query":{"id":[{"timestamp_usec":"1435001670975015"}],"query_text":"quality lawn care in Amity Indiana"}},{"query":{"id":[{"timestamp_usec":"1435001659281592"}],"query_text":"what are you doing"}},{"query":{"id":[{"timestamp_usec":"1434997466395319"}],"query_text":"medicaid"}},{"query":{"id":[{"timestamp_usec":"1434996384790033"},{"timestamp_usec":"1434996398476272"},{"timestamp_usec":"1434996400888945"},{"timestamp_usec":"1434996401989121"},{"timestamp_usec":"1434996534597554"}],"query_text":"totally krossed out"}},{"query":{"id":[{"timestamp_usec":"1434996180592816"}],"query_text":"kris kross"}},{"query":{"id":[{"timestamp_usec":"1434990266111926"}],"query_text":"(Current Location) -> N Keystone Ave & E 46th St, Indianapolis, IN 46205"}},{"query":{"id":[{"timestamp_usec":"1434990262101302"}],"query_text":"46th and Keystone in Indianapolis Indiana"}},{"query":{"id":[{"timestamp_usec":"1434988553869783"},{"timestamp_usec":"1434988602941210"},{"timestamp_usec":"1434988684296214"}],"query_text":"(Current Location) -> 1966 Bluff Rd, Indianapolis, IN 46225"}},{"query":{"id":[{"timestamp_usec":"1434988551205579"}],"query_text":"1966 Bluff Road Indianapolis Indiana"}},{"query":{"id":[{"timestamp_usec":"1434987786994542"}],"query_text":"core buyers in Indianapolis Indiana"}},{"query":{"id":[{"timestamp_usec":"1434987359820057"}],"query_text":"OmniSource in Indianapolis Indiana"}},{"query":{"id":[{"timestamp_usec":"1434986954211606"}],"query_text":"core buyers on the Eastside of Indianapolis"}},{"query":{"id":[{"timestamp_usec":"1434986917134011"}],"query_text":"catalytic converter buyers in Indianapolis Indiana"}},{"query":{"id":[{"timestamp_usec":"1434983087530042"}],"query_text":"epp"}},{"query":{"id":[{"timestamp_usec":"1434872114595220"}],"query_text":"free tv show episodes"}},{"query":{"id":[{"timestamp_usec":"1434866687352257"}],"query_text":"(Current Location) -> 739 S 100 W, Franklin, IN 46131"}},{"query":{"id":[{"timestamp_usec":"1434866684791465"}],"query_text":"739 S 100 W, Franklin, IN"}},{"query":{"id":[{"timestamp_usec":"1434864248902000"},{"timestamp_usec":"1434864277192000"}],"query_text":"barcode scanner"}},{"query":{"id":[{"timestamp_usec":"1434856791020595"}],"query_text":"jjajangmyeon recipe"}},{"query":{"id":[{"timestamp_usec":"1434833012044920"}],"query_text":"core buyers in Franklin Indiana"}},{"query":{"id":[{"timestamp_usec":"1434826360758203"}],"query_text":"core buyers in edinburgh indiana"}},{"query":{"id":[{"timestamp_usec":"1434826312295736"}],"query_text":"core capital edinburgh indiana"}},{"query":{"id":[{"timestamp_usec":"1434824078603803"}],"query_text":"core buyers in edinburgh indiana"}},{"query":{"id":[{"timestamp_usec":"1434823971302076"}],"query_text":"core buyers in Edinburgh Indiana"}},{"query":{"id":[{"timestamp_usec":"1434823592499042"}],"query_text":"core capital edinburgh indiana"}},{"query":{"id":[{"timestamp_usec":"1434822546173340"}],"query_text":"core buyers in edinburgh in"}},{"query":{"id":[{"timestamp_usec":"1434785297149999"}],"query_text":"epp"}},{"query":{"id":[{"timestamp_usec":"1434758516828144"}],"query_text":"Straight Talk customer service"}},{"query":{"id":[{"timestamp_usec":"1434741012376150"}],"query_text":"Sheriff's Department Franklin Indiana"}},{"query":{"id":[{"timestamp_usec":"1434730026686757"}],"query_text":"plumbers in Franklin Indiana"}},{"query":{"id":[{"timestamp_usec":"1434721230199334"}],"query_text":"mouth cancer"}},{"query":{"id":[{"timestamp_usec":"1434594604988662"}],"query_text":"inmate finder for franklin indiana"}},{"query":{"id":[{"timestamp_usec":"1434590481018166"}],"query_text":"inmate finder for franklin indiana"}},{"query":{"id":[{"timestamp_usec":"1434581592583460"}],"query_text":"inmate finder for Franklin Indiana"}},{"query":{"id":[{"timestamp_usec":"1434581526771530"}],"query_text":"Johnson County inmate finder"}},{"query":{"id":[{"timestamp_usec":"1434574673244277"}],"query_text":"in the state of Indiana can a landlord evict me in 24 hours with no lease"}},{"query":{"id":[{"timestamp_usec":"1434572766728193"}],"query_text":"sheriff's department in franklin indiana"}},{"query":{"id":[{"timestamp_usec":"1434563930218761"}],"query_text":"Sheriff's Department in Franklin Indiana"}},{"query":{"id":[{"timestamp_usec":"1434563918637711"}],"query_text":"Rihanna"}},{"query":{"id":[{"timestamp_usec":"1434561921492708"}],"query_text":"landlord regulatory agency in Indianapolis Indiana"}},{"query":{"id":[{"timestamp_usec":"1434560645103671"}],"query_text":"landlord tenant attorneys in Franklin Indiana"}},{"query":{"id":[{"timestamp_usec":"1434558974625287"}],"query_text":"phone number to the local sheriff in Franklin Indiana"}},{"query":{"id":[{"timestamp_usec":"1434558934338149"}],"query_text":"to the local sheriff"}},{"query":{"id":[{"timestamp_usec":"1434558541489827"}],"query_text":"can my landlord throw me out in 24 hours if I do not have a lease"}},{"query":{"id":[{"timestamp_usec":"1434558202561245"}],"query_text":"can my landlord kick me out in 24 hours"}},{"query":{"id":[{"timestamp_usec":"1434556228749966"}],"query_text":"what rites do I have as a renter with one kid but no lease"}},{"query":{"id":[{"timestamp_usec":"1434555994591663"}],"query_text":"why are my heels itchy"}},{"query":{"id":[{"timestamp_usec":"1434515012437198"}],"query_text":"why are my heels itchy"}},{"query":{"id":[{"timestamp_usec":"1434497663100008"}],"query_text":"is there a squatting law in Indianapolis Indiana"}},{"query":{"id":[{"timestamp_usec":"1434488602812836"}],"query_text":"energy Duke Energy in Franklin Indiana"}},{"query":{"id":[{"timestamp_usec":"1434467380525121"}],"query_text":"slept with my ex"}},{"query":{"id":[{"timestamp_usec":"1434442944171440"}],"query_text":"DARPA future weapons"}},{"query":{"id":[{"timestamp_usec":"1434375061560706"}],"query_text":"anna"}},{"query":{"id":[{"timestamp_usec":"1434330682058002"}],"query_text":"renters rights indiana"}},{"query":{"id":[{"timestamp_usec":"1434330665823723"}],"query_text":"Anna"}},{"query":{"id":[{"timestamp_usec":"1434304342893516"}],"query_text":"what is my gas mixture on my stihl 032av"}},{"query":{"id":[{"timestamp_usec":"1434304312749147"}],"query_text":"what is my gas mixture on my stihl"}},{"query":{"id":[{"timestamp_usec":"1434304289383726"}],"query_text":"what is my gas mixture on my Stihl"}},{"query":{"id":[{"timestamp_usec":"1434304196847226"}],"query_text":"what type of 2 cycle oil can I run in my Stihl chainsaw"}},{"query":{"id":[{"timestamp_usec":"1434207589000441"}],"query_text":"why won't my fan control work in my 2001 chevy blazer"}},{"query":{"id":[{"timestamp_usec":"1434200194664887"}],"query_text":"(Current Location) -> 7544 E 175 N, Franklin, IN"}},{"query":{"id":[{"timestamp_usec":"1434199520044893"}],"query_text":"(Current Location) -> 7544 E 175 N, Franklin, IN 46131"}},{"query":{"id":[{"timestamp_usec":"1434199504062197"}],"query_text":"7544 East 175 North, Franklin, IN"}},{"query":{"id":[{"timestamp_usec":"1434190645451898"}],"query_text":"Johnson County Jail inmate search"}},{"query":{"id":[{"timestamp_usec":"1434170185542694"}],"query_text":"what's the best way to scuff up hardwood floors clear coat"}},{"query":{"id":[{"timestamp_usec":"1434146913229330"}],"query_text":"local weather for Franklin Indiana"}},{"query":{"id":[{"timestamp_usec":"1434123007743185"}],"query_text":"local plumbers in Franklin Indiana"}},{"query":{"id":[{"timestamp_usec":"1434087870212540"}],"query_text":"how can i lookup my coins and see how much their worth"}},{"query":{"id":[{"timestamp_usec":"1434083612543098"}],"query_text":"how much are my coins worth"}},{"query":{"id":[{"timestamp_usec":"1434082446233338"}],"query_text":"Walgreens in Franklin Indiana"}},{"query":{"id":[{"timestamp_usec":"1434060933155297"},{"timestamp_usec":"1434061092885746"},{"timestamp_usec":"1434061276735237"},{"timestamp_usec":"1434061444796293"}],"query_text":"pictures of homemade trailers"}},{"query":{"id":[{"timestamp_usec":"1434039180072343"}],"query_text":"local plumbers in Franklin Indiana"}},{"query":{"id":[{"timestamp_usec":"1434038923751155"}],"query_text":"what does polarized mean"}},{"query":{"id":[{"timestamp_usec":"1434037748821289"},{"timestamp_usec":"1434037861171426"}],"query_text":"portfolio of work experience"}},{"query":{"id":[{"timestamp_usec":"1434037555867181"}],"query_text":"how to make the perfect portfolio for work"}},{"query":{"id":[{"timestamp_usec":"1434035797492731"}],"query_text":"corporate McDonald's phone number"}},{"query":{"id":[{"timestamp_usec":"1434035132241760"}],"query_text":"McDonald's in Indy Indiana"}},{"query":{"id":[{"timestamp_usec":"1434032376959224"}],"query_text":"heroin Highway in Indianapolis Indiana"}},{"query":{"id":[{"timestamp_usec":"1434027875990261"}],"query_text":"heroin Highway in Indianapolis Indiana"}},{"query":{"id":[{"timestamp_usec":"1433989672933000"}],"query_text":"100 doors"}},{"query":{"id":[{"timestamp_usec":"1433961887850840"}],"query_text":"Salvation Army in helping with"}},{"query":{"id":[{"timestamp_usec":"1433901090788213"}],"query_text":"Daily Journal classifieds in Franklin Indiana"}},{"query":{"id":[{"timestamp_usec":"1433883208619893"}],"query_text":"what do these symbols mean on my galaxy s3"}},{"query":{"id":[{"timestamp_usec":"1433882031993239"},{"timestamp_usec":"1433882072719468"},{"timestamp_usec":"1433882139320895"},{"timestamp_usec":"1433882192385598"},{"timestamp_usec":"1433882250350460"},{"timestamp_usec":"1433883114119308"},{"timestamp_usec":"1433883115743115"},{"timestamp_usec":"1433883123696308"}],"query_text":"pictures of Conair hair dryers and accessories"}},{"query":{"id":[{"timestamp_usec":"1433881934178304"}],"query_text":"classifieds in Franklin Indiana"}},{"query":{"id":[{"timestamp_usec":"1433877589823912"}],"query_text":"sylvania bulb guide who sells them"}},{"query":{"id":[{"timestamp_usec":"1433877578145532"}],"query_text":"sylvania bulb guide"}},{"query":{"id":[{"timestamp_usec":"1433861456640422"}],"query_text":"what is going on with all the cops on hwy 65 in Indy Indiana"}},{"query":{"id":[{"timestamp_usec":"1433858062360216"}],"query_text":"ranger rover truck stop in Greenwood Indiana"}},{"query":{"id":[{"timestamp_usec":"1433858035058936"},{"timestamp_usec":"1433858048250259"}],"query_text":"ranger rover in Greenwood Indiana"}},{"query":{"id":[{"timestamp_usec":"1433850581453190"}],"query_text":"Phillip ollmos Franklin Indiana"}},{"query":{"id":[{"timestamp_usec":"1433801099971092"}],"query_text":"Oster hair clippers model number 78950 - 101"}},{"query":{"id":[{"timestamp_usec":"1433801085643695"}],"query_text":"78"}},{"query":{"id":[{"timestamp_usec":"1433800995601206"}],"query_text":"Oster hair clippers"}},{"query":{"id":[{"timestamp_usec":"1433780818609013"}],"query_text":"(Current Location) -> Runyon Rd, Greenwood, IN"}},{"query":{"id":[{"timestamp_usec":"1433780811145420"}],"query_text":"Runyon Road in Greenwood Indiana"}},{"query":{"id":[{"timestamp_usec":"1433780031248617"}],"query_text":"(Current Location) -> State Rd 135 & W Smith Valley Rd, Greenwood, IN 46142"}},{"query":{"id":[{"timestamp_usec":"1433780029706369"}],"query_text":"Smith Valley and State Road 135 in Greenwood Indiana"}},{"query":{"id":[{"timestamp_usec":"1433775407272477"}],"query_text":"elbrow room bucks club other side bars in Missoula Montana"}},{"query":{"id":[{"timestamp_usec":"1433774753038684"}],"query_text":"BMV in Indianapolis Indiana that are open on Mondays"}},{"query":{"id":[{"timestamp_usec":"1433774406283328"}],"query_text":"(Current Location) -> Midtown License Branch"}},{"query":{"id":[{"timestamp_usec":"1433774381837338"}],"query_text":"BMV near my location"}},{"query":{"id":[{"timestamp_usec":"1433770300128249"}],"query_text":"how to connect my plantronics bluetooth"}},{"query":{"id":[{"timestamp_usec":"1433765246662233"}],"query_text":"(Current Location) -> S Brookville Rd & S Arlington Ave, Indianapolis, IN 46219"}},{"query":{"id":[{"timestamp_usec":"1433765244162916"}],"query_text":"South Arlington and Brookville Road in Indianapolis Indiana"}},{"query":{"id":[{"timestamp_usec":"1433731522349805"}],"query_text":"how many milligrams is in Tylenol"}},{"query":{"id":[{"timestamp_usec":"1433726640675338"}],"query_text":"soundtrack from the movie out of the furnace"}},{"query":{"id":[{"timestamp_usec":"1433716417131858"}],"query_text":"Walmart customer care"}},{"query":{"id":[{"timestamp_usec":"1433702258480174"}],"query_text":"rampage the movie true story"}},{"query":{"id":[{"timestamp_usec":"1433702218051918"}],"query_text":"rampage the movie"}},{"query":{"id":[{"timestamp_usec":"1433700094900740"},{"timestamp_usec":"1433700196225947"},{"timestamp_usec":"1433700446891649"}],"query_text":"Jeremy Meeks"}},{"query":{"id":[{"timestamp_usec":"1433699885602300"},{"timestamp_usec":"1433699931134333"}],"query_text":"the guy who's arresting picture went viral on Facebook"}},{"query":{"id":[{"timestamp_usec":"1433698697591697"}],"query_text":"Cassidy Harding from Franklin indiana"}},{"query":{"id":[{"timestamp_usec":"1433697613978593"}],"query_text":"indiana eppicard"}},{"query":{"id":[{"timestamp_usec":"1433563966790585"}],"query_text":"Troy Bilt"}},{"query":{"id":[{"timestamp_usec":"1433563297009939"}],"query_text":"replacement parts for Troy Bilt self propelled push mower"}},{"query":{"id":[{"timestamp_usec":"1433562809108255"},{"timestamp_usec":"1433562842805840"},{"timestamp_usec":"1433562969901594"},{"timestamp_usec":"1433563128625470"}],"query_text":"pictures of Troy Bilt self propelled lawn mowers"}},{"query":{"id":[{"timestamp_usec":"1433562735202185"}],"query_text":"replacement parts for Troy Bilt 5 & a half horsepower self propelled push mower"}},{"query":{"id":[{"timestamp_usec":"1433562717575677"}],"query_text":"Troy Bilt lawn"}},{"query":{"id":[{"timestamp_usec":"1433562302365631"}],"query_text":"replacement parts for Troy Bilt self propelled 5 and a half horsepower"}},{"query":{"id":[{"timestamp_usec":"1433562291344799"}],"query_text":"Troy Bilt 5 and a half horsepower self propelled lawn mower"}},{"query":{"id":[{"timestamp_usec":"1433562271399371"}],"query_text":"Troy Bilt 5 & a half horsepower 160 CC self propelled Troy Bilt"}},{"query":{"id":[{"timestamp_usec":"1433562248724441"}],"query_text":"Troy Bilt lawn mower parts"}},{"query":{"id":[{"timestamp_usec":"1433556258147133"}],"query_text":"pictures of Nissan sports cars"}},{"query":{"id":[{"timestamp_usec":"1433544032322177"}],"query_text":"how do i turn on my peerless shower knob in bathtub knob with no handle"}},{"query":{"id":[{"timestamp_usec":"1433543858848384"}],"query_text":"how do i turn my shower head on on my peerless bath"}},{"query":{"id":[{"timestamp_usec":"1433543738999984"}],"query_text":"how do i turn my shower on without the knob"}},{"query":{"id":[{"timestamp_usec":"1433542092216643"}],"query_text":"Sikh religion"}},{"query":{"id":[{"timestamp_usec":"1433512560998700"}],"query_text":"kateryn killed her baby at 7month old Indy"}},{"query":{"id":[{"timestamp_usec":"1433512469149352"}],"query_text":"kateryn baby killer"}},{"query":{"id":[{"timestamp_usec":"1433512449763312"}],"query_text":"kateryn baby killri"}},{"query":{"id":[{"timestamp_usec":"1433510415794608"}],"query_text":"how do I change the oil pan gasket in a 1999 chevy blazer"}},{"query":{"id":[{"timestamp_usec":"1433455673216049"}],"query_text":"pilot in Whiteland Indiana"}},{"query":{"id":[{"timestamp_usec":"1433398872791221"},{"timestamp_usec":"1433399321757321"},{"timestamp_usec":"1433399512921930"},{"timestamp_usec":"1433399646809252"}],"query_text":"use christmas lights decorate my room"}},{"query":{"id":[{"timestamp_usec":"1433381606673615"}],"query_text":"ways to get out of going to court"}},{"query":{"id":[{"timestamp_usec":"1433376045646157"}],"query_text":"my court date is one day away i"}},{"query":{"id":[{"timestamp_usec":"1433374952608523"}],"query_text":"phone number to Kroger in Franklin Indiana"}},{"query":{"id":[{"timestamp_usec":"1433349012952656"}],"query_text":"pictures of the McDonald's menu"}},{"query":{"id":[{"timestamp_usec":"1433340498651905"}],"query_text":"my court date is one day away I"}},{"query":{"id":[{"timestamp_usec":"1433340383150717"},{"timestamp_usec":"1433340399401065"}],"query_text":"how to get a court day continue the day before court"}},{"query":{"id":[{"timestamp_usec":"1433340211176495"}],"query_text":"how to get a court day continue in Indiana the day before court"}},{"query":{"id":[{"timestamp_usec":"1433340162643343"}],"query_text":"how to get a court day continue the day before court"}},{"query":{"id":[{"timestamp_usec":"1433339096541227"},{"timestamp_usec":"1433339122058932"}],"query_text":"hoover dam"}},{"query":{"id":[{"timestamp_usec":"1433339017578787"},{"timestamp_usec":"1433339089328926"}],"query_text":"grand canyon"}},{"query":{"id":[{"timestamp_usec":"1433338944604348"},{"timestamp_usec":"1433339009971578"}],"query_text":"president heads"}},{"query":{"id":[{"timestamp_usec":"1433338796779957"},{"timestamp_usec":"1433338834478236"},{"timestamp_usec":"1433338921867261"}],"query_text":"mount shasta"}},{"query":{"id":[{"timestamp_usec":"1433338789522513"}],"query_text":"mount"}},{"query":{"id":[{"timestamp_usec":"1433311193576802"}],"query_text":"pictures of bike racks that go from the ceiling to the floor"}},{"query":{"id":[{"timestamp_usec":"1433294370555860"},{"timestamp_usec":"1433294466491131"}],"query_text":"inside my mouth feels and looks like there's blisters all over"}},{"query":{"id":[{"timestamp_usec":"1433275620099001"}],"query_text":"battery saver"}},{"query":{"id":[{"timestamp_usec":"1433274408403019"}],"query_text":"what does the word coochie mean"}},{"query":{"id":[{"timestamp_usec":"1433265623934439"}],"query_text":"is there anyway I can delay a court date"}},{"query":{"id":[{"timestamp_usec":"1433206615143933"}],"query_text":"inside my mouth feels and looks like there's blisters all over"}},{"query":{"id":[{"timestamp_usec":"1433206556520776"}],"query_text":"600170263047"}},{"query":{"id":[{"timestamp_usec":"1433195261204551"}],"query_text":"inside my mouth feels and looks like there's blisters all over"}},{"query":{"id":[{"timestamp_usec":"1433194452109129"}],"query_text":"where do I sign up for the healthy Indiana plan"}},{"query":{"id":[{"timestamp_usec":"1433191290883554"}],"query_text":"600170263047"}},{"query":{"id":[{"timestamp_usec":"1433191234521000"}],"query_text":"barcode scanner"}},{"query":{"id":[{"timestamp_usec":"1433185935283796"}],"query_text":"(Current Location) -> Greenwood Laundromat, 518 N Meridian St, Greenwood, IN 46143"}},{"query":{"id":[{"timestamp_usec":"1433185897185313"}],"query_text":"laundromats in Greenwood Indiana"}},{"query":{"id":[{"timestamp_usec":"1433179121521036"}],"query_text":"woman who slept with 919 guys"}},{"query":{"id":[{"timestamp_usec":"1433123264322919"}],"query_text":"portage township schools"}},{"query":{"id":[{"timestamp_usec":"1433120239853950"}],"query_text":"what can I do if I bought a phone that is black booked"}},{"query":{"id":[{"timestamp_usec":"1433119218825207"}],"query_text":"pictures of a htc desire"}},{"query":{"id":[{"timestamp_usec":"1433089932572861"}],"query_text":"local weather for Franklin Indiana"}},{"query":{"id":[{"timestamp_usec":"1433085368898332"}],"query_text":"when is the next free dental day at Cedar Creek dentistry in Franklin Indiana"}},{"query":{"id":[{"timestamp_usec":"1433085332001906"}],"query_text":"when is the next free dental day at Cedar Creek dentistry"}},{"query":{"id":[{"timestamp_usec":"1433078922168578"}],"query_text":"can i unlock my lg flex if there's still money owed on the account"}},{"query":{"id":[{"timestamp_usec":"1433077906286171"}],"query_text":"Straight Talk customer service"}},{"query":{"id":[{"timestamp_usec":"1433077679683262"}],"query_text":"unlock code for Sprint flex"}},{"query":{"id":[{"timestamp_usec":"1433046842875515"}],"query_text":"pandora"}},{"query":{"id":[{"timestamp_usec":"1433043631343532"}],"query_text":"pandora"}},{"query":{"id":[{"timestamp_usec":"1433032864295535"}],"query_text":"how do I use the Rustoleum garage floor coating kit"}},{"query":{"id":[{"timestamp_usec":"1433031640910181"}],"query_text":"rustoleum garage floor coating kit"}},{"query":{"id":[{"timestamp_usec":"1433012205307225"}],"query_text":"pictures and prices of Troy Bilt self propelled bagger lawn mowers"}},{"query":{"id":[{"timestamp_usec":"1433012080690404"}],"query_text":"Troy Bilt self propelled lawn mowers"}},{"query":{"id":[{"timestamp_usec":"1433004649910790"}],"query_text":"Redbox customer service"}},{"query":{"id":[{"timestamp_usec":"1433003081854888"},{"timestamp_usec":"1433003281110552"}],"query_text":"AC DC back in black video"}},{"query":{"id":[{"timestamp_usec":"1433000620963977"}],"query_text":"RCA flat antennas"}},{"query":{"id":[{"timestamp_usec":"1433000434765998"}],"query_text":"pictures of a HTC phone charger model number CR m540"}},{"query":{"id":[{"timestamp_usec":"1432997679845936"}],"query_text":"(Current Location) -> First Call Temp Services"}},{"query":{"id":[{"timestamp_usec":"1432997670257753"}],"query_text":"first call staffing in Franklin Indiana directions"}},{"query":{"id":[{"timestamp_usec":"1432924463297161"}],"query_text":"Phone number 571"}},{"query":{"id":[{"timestamp_usec":"1432861015231881"}],"query_text":"PlayStation 3 model number 4201a what gigabyte is this system"}},{"query":{"id":[{"timestamp_usec":"1432849473359532"}],"query_text":"how do I replace a samsung galaxy s3 replacement screen"}},{"query":{"id":[{"timestamp_usec":"1432843713327086"}],"query_text":"geek in pink in Franklin Indiana"}},{"query":{"id":[{"timestamp_usec":"1432842495182846"}],"query_text":"how do I make my replacement screen stick on my galaxy s3"}},{"query":{"id":[{"timestamp_usec":"1432838246139882"}],"query_text":"screen replacement for samsung galaxy s3"}},{"query":{"id":[{"timestamp_usec":"1432698618442362"}],"query_text":"Vizio Tablet"}},{"query":{"id":[{"timestamp_usec":"1432696263605397"}],"query_text":"(Current Location) -> 7245 S U.S. 31, Indianapolis, IN 46227"}},{"query":{"id":[{"timestamp_usec":"1432683276543567"},{"timestamp_usec":"1432683513290660"}],"query_text":"boost customer service"}},{"query":{"id":[{"timestamp_usec":"1432683100397162"}],"query_text":"how do I replace the screen on a samsung galaxy s3"}},{"query":{"id":[{"timestamp_usec":"1432683064674988"}],"query_text":"vizio tablet"}},{"query":{"id":[{"timestamp_usec":"1432666009427222"}],"query_text":"Dollar Tree in Franklin Indiana"}},{"query":{"id":[{"timestamp_usec":"1432662807816049"}],"query_text":"Dollar Tree in Franklin Indiana"}},{"query":{"id":[{"timestamp_usec":"1432654655192390"}],"query_text":"how much is my Vizio vtab1008 model number tablet worth"}},{"query":{"id":[{"timestamp_usec":"1432649724253017"}],"query_text":"pawn shop on stop 11 and madison in greenwood indiana"}},{"query":{"id":[{"timestamp_usec":"1432649661694522"}],"query_text":"(Current Location) -> Madison Ave & E Stop 11 Rd, Indianapolis, IN 46227"}},{"query":{"id":[{"timestamp_usec":"1432649657097738"}],"query_text":"stop 11 and Madison in Greenwood Indiana"}},{"query":{"id":[{"timestamp_usec":"1432649550136652"}],"query_text":"(Current Location) -> Madison Ave & E Stop 11 Rd, Indianapolis, IN 46227"}},{"query":{"id":[{"timestamp_usec":"1432649540157884"}],"query_text":"stop 11 madison and greenwood indiana"}},{"query":{"id":[{"timestamp_usec":"1432647434796971"}],"query_text":"daily journal franklin indiana classifieds"}},{"query":{"id":[{"timestamp_usec":"1432647423110897"}],"query_text":"daily journal franklin indiana"}},{"query":{"id":[{"timestamp_usec":"1432644010602547"}],"query_text":"Pulaski County Courthouse"}},{"query":{"id":[{"timestamp_usec":"1432643071496574"}],"query_text":"daily journal franklin indiana"}},{"query":{"id":[{"timestamp_usec":"1432617220562138"}],"query_text":"4 month period"}},{"query":{"id":[{"timestamp_usec":"1432610053687838"}],"query_text":"how do I fix an update error on my xbox 360"}},{"query":{"id":[{"timestamp_usec":"1432600430127702"}],"query_text":"is there any way of going getting out of jail or sentencing"}},{"query":{"id":[{"timestamp_usec":"1432599569233671"}],"query_text":"Boost Mobile customer service"}},{"query":{"id":[{"timestamp_usec":"1432591668790590"}],"query_text":"sea shells crafts..decorate living room"}},{"query":{"id":[{"timestamp_usec":"1432579938095698"},{"timestamp_usec":"1432579955933024"},{"timestamp_usec":"1432580791901904"},{"timestamp_usec":"1432580800519917"},{"timestamp_usec":"1432580989141073"},{"timestamp_usec":"1432581933062217"}],"query_text":"sea shells crafts..decorate living room"}},{"query":{"id":[{"timestamp_usec":"1432567426644145"}],"query_text":"fight at McDonald's Indy by 46th street"}},{"query":{"id":[{"timestamp_usec":"1432567321553483"}],"query_text":"fight at McDonald's Indy"}},{"query":{"id":[{"timestamp_usec":"1432564106508949"}],"query_text":"kingsport tennessee news paper local accidents"}},{"query":{"id":[{"timestamp_usec":"1432564064075015"}],"query_text":"kingsport tennessee"}},{"query":{"id":[{"timestamp_usec":"1432563720084101"}],"query_text":"pulaski county indiana"}},{"query":{"id":[{"timestamp_usec":"1432563564563172"}],"query_text":"pulaski county indiana court"}},{"query":{"id":[{"timestamp_usec":"1432563535053210"}],"query_text":"pulaski county indiana"}},{"query":{"id":[{"timestamp_usec":"1432512803266344"}],"query_text":"Lowe's corporate office"}},{"query":{"id":[{"timestamp_usec":"1432512113418099"}],"query_text":"39.482158, -86.018981"}},{"query":{"id":[{"timestamp_usec":"1432479194652887"}],"query_text":"(Current Location) -> 1300 Graham Rd, Franklin, IN 46131"}},{"query":{"id":[{"timestamp_usec":"1432479192184943"}],"query_text":"1300 North Graham Road Franklin Indiana"}},{"query":{"id":[{"timestamp_usec":"1432478646410188"}],"query_text":"(Current Location) -> 599 Dunn St, Franklin, IN 46131"}},{"query":{"id":[{"timestamp_usec":"1432478645060351"}],"query_text":"599 Dunn Street Franklin Indiana"}},{"query":{"id":[{"timestamp_usec":"1432477795699513"},{"timestamp_usec":"1432477795729620"},{"timestamp_usec":"1432477797969226"}],"query_text":"Walmart near my location"}},{"query":{"id":[{"timestamp_usec":"1432477382433916"}],"query_text":"Murphy's gas station at 96th street and Keystone"}},{"query":{"id":[{"timestamp_usec":"1432477125000392"}],"query_text":"Walmart near my location"}},{"query":{"id":[{"timestamp_usec":"1432477000265832"}],"query_text":"Walmart in 96th street and Keystone"}},{"query":{"id":[{"timestamp_usec":"1432476924915605"}],"query_text":"Walmart at 96th and Keystone in Indianapolis Indiana"}},{"query":{"id":[{"timestamp_usec":"1432476831086814"}],"query_text":"(Current Location) -> Walmart Supercenter, North Keystone Avenue, Indianapolis, IN"}},{"query":{"id":[{"timestamp_usec":"1432476203003067"}],"query_text":"Walmart at 96th street and Keystone in Indianapolis Indiana"}},{"query":{"id":[{"timestamp_usec":"1432474545980288"}],"query_text":"Kingsport Jail in Kingsport Tennessee"}},{"query":{"id":[{"timestamp_usec":"1432473981701358"}],"query_text":"phone number to Holston Valley Medical Center in Tennessee"}},{"query":{"id":[{"timestamp_usec":"1432471335239689"}],"query_text":"Walmart Wilson attached gas station near my location"}},{"query":{"id":[{"timestamp_usec":"1432469497199671"}],"query_text":"walmart near my location"}},{"query":{"id":[{"timestamp_usec":"1432467785083953"}],"query_text":"(Current Location) -> 7325 N Keystone Ave, Indianapolis, IN 46240"}},{"query":{"id":[{"timestamp_usec":"1432467761594548"}],"query_text":"Walmart near my location"}},{"query":{"id":[{"timestamp_usec":"1432467743998557"}],"query_text":"Otto's Walmart near my location"}},{"query":{"id":[{"timestamp_usec":"1432467558773736"}],"query_text":"what time does autozone open"}},{"query":{"id":[{"timestamp_usec":"1432467236808398"}],"query_text":"walmart near my location"}},{"query":{"id":[{"timestamp_usec":"1432466794931184"}],"query_text":"Walmart near 46th and Keystone Indianapolis Indiana"}},{"query":{"id":[{"timestamp_usec":"1432463664899290"}],"query_text":"Walmart Gas Station in Franklin Indiana"}},{"query":{"id":[{"timestamp_usec":"1432434697357386"}],"query_text":"how do I fix my xbox 360 that won't read games"}},{"query":{"id":[{"timestamp_usec":"1432402741914345"}],"query_text":"how much is my Vizio Tablet model number vtab1008"}},{"query":{"id":[{"timestamp_usec":"1432355133156920"}],"query_text":"how many ounces is a half a cup of water"}},{"query":{"id":[{"timestamp_usec":"1432340131708343"}],"query_text":"how much does my echo 2100 SRM weed eater cost"}},{"query":{"id":[{"timestamp_usec":"1432339935376153"}],"query_text":"echo SRM 2100 weed eater"}},{"query":{"id":[{"timestamp_usec":"1432312324240374"},{"timestamp_usec":"1432312382585313"},{"timestamp_usec":"1432312617237854"},{"timestamp_usec":"1432312623052392"}],"query_text":"pictures of Alcatel One Touch"}},{"query":{"id":[{"timestamp_usec":"1432306747713624"}],"query_text":"Menards in Greenwood Indiana"}},{"query":{"id":[{"timestamp_usec":"1432219531632448"},{"timestamp_usec":"1432219722279262"},{"timestamp_usec":"1432219763820675"}],"query_text":"I have a bunch of health issues but doctors can't find anything wrong they tell me it's all in my head"}},{"query":{"id":[{"timestamp_usec":"1432190351978798"}],"query_text":"Angie Mardis Bail Bonds"}},{"query":{"id":[{"timestamp_usec":"1432166245683927"}],"query_text":"Angie Mardis Bail Bonds"}},{"query":{"id":[{"timestamp_usec":"1432158686975087"}],"query_text":"(Current Location) -> Dollar General, 358 S Madison Ave, Greenwood, IN 46142, United States"}},{"query":{"id":[{"timestamp_usec":"1432158680785011"}],"query_text":"dollar store near my location"}},{"query":{"id":[{"timestamp_usec":"1432156233585131"}],"query_text":"pictures of surefire flashlights"}},{"query":{"id":[{"timestamp_usec":"1432155851005331"},{"timestamp_usec":"1432155855113039"}],"query_text":"glass canisters"}},{"query":{"id":[{"timestamp_usec":"1432149217472459"}],"query_text":"pictures of RCA flat antennas"}},{"query":{"id":[{"timestamp_usec":"1432147795923145"}],"query_text":"how much is a Northwoods Belle Aire aluminum comfort series bicycle worth"}},{"query":{"id":[{"timestamp_usec":"1432138851216225"}],"query_text":"Christie's auction in Indianapolis Indiana"}},{"query":{"id":[{"timestamp_usec":"1432137960789296"}],"query_text":"(Current Location) -> Goodwill Outlet Store, 2900 North Shadeland Avenue, Indianapolis, IN 46219, United States"}},{"query":{"id":[{"timestamp_usec":"1432137917820837"}],"query_text":"goodwill near my location"}},{"query":{"id":[{"timestamp_usec":"1432135798668060"}],"query_text":"water pump replacement Dodge Dakota 4 7"}},{"query":{"id":[{"timestamp_usec":"1432135029024949"}],"query_text":"craftsman speed start weed eater"}},{"query":{"id":[{"timestamp_usec":"1432131272250583"}],"query_text":"why isn't my xbox 360 slim reading my games"}},{"query":{"id":[{"timestamp_usec":"1432129776656146"}],"query_text":"pro bono criminal attorneys in Indianapolis Indiana"}},{"query":{"id":[{"timestamp_usec":"1432102120727134"}],"query_text":"(Current Location) -> Shiloh church"}},{"query":{"id":[{"timestamp_usec":"1432102104447927"}],"query_text":"Shiloh church"}},{"query":{"id":[{"timestamp_usec":"1432100197210036"}],"query_text":"39.480453, -86.044219"}},{"query":{"id":[{"timestamp_usec":"1432080341801737"}],"query_text":"warrant search indiana"}},{"query":{"id":[{"timestamp_usec":"1432080157077244"},{"timestamp_usec":"1432080276551997"}],"query_text":"Angie Mardis Bail Bonds"}},{"query":{"id":[{"timestamp_usec":"1432059986274362"}],"query_text":"(Current Location) -> Archies Ct, Franklin, IN 46131"}},{"query":{"id":[{"timestamp_usec":"1432059977835434"}],"query_text":"Archie court in Franklin Indiana"}},{"query":{"id":[{"timestamp_usec":"1432059961511867"}],"query_text":"Artie Court in Franklin Indiana"}},{"query":{"id":[{"timestamp_usec":"1432044200647551"}],"query_text":"drowning pool step up"}},{"query":{"id":[{"timestamp_usec":"1432044198636955"},{"timestamp_usec":"1432044199757604"}],"query_text":"drowning pool songs"}},{"query":{"id":[{"timestamp_usec":"1432044155441857"}],"query_text":"drowning pool"}},{"query":{"id":[{"timestamp_usec":"1432044038942100"}],"query_text":"what songs on a blue CD with a spider on it ozzfest"}},{"query":{"id":[{"timestamp_usec":"1432043963196609"}],"query_text":"i'm taking you down with me"}},{"query":{"id":[{"timestamp_usec":"1432042316118202"}],"query_text":"take me under"}},{"query":{"id":[{"timestamp_usec":"1432041221250265"}],"query_text":"what band has a CD that is blue with a black spider"}},{"query":{"id":[{"timestamp_usec":"1432040249356686"}],"query_text":"who played at ozz fest 2003"}},{"query":{"id":[{"timestamp_usec":"1432039278331595"}],"query_text":"myspace"}},{"query":{"id":[{"timestamp_usec":"1432007481546000"}],"query_text":"police scanner"}},{"query":{"id":[{"timestamp_usec":"1431977398995866"}],"query_text":"(Current Location) -> 1862 Archies Ct, Franklin, IN 46131"}},{"query":{"id":[{"timestamp_usec":"1431977367060430"}],"query_text":"1862 Archies Ct, Franklin, IN"}},{"query":{"id":[{"timestamp_usec":"1431975081516314"},{"timestamp_usec":"1431975100868922"},{"timestamp_usec":"1431975114740874"}],"query_text":"porn"}},{"query":{"id":[{"timestamp_usec":"1431975016013890"}],"query_text":"por"}},{"query":{"id":[{"timestamp_usec":"1431973876360536"}],"query_text":"(Current Location) -> 1862 Archies Ct, Franklin, IN 46131"}},{"query":{"id":[{"timestamp_usec":"1431973873927037"}],"query_text":"1862 Archies Court Franklin Indiana"}},{"query":{"id":[{"timestamp_usec":"1431928757787627"}],"query_text":"how do I set my Emerson SmartSet clock"}},{"query":{"id":[{"timestamp_usec":"1431910803608652"}],"query_text":"where do I add the oil in my 2001 BMW 540i"}},{"query":{"id":[{"timestamp_usec":"1431910791794519"}],"query_text":"where do I put the oil in at on my 2001 BMW 325i"}},{"query":{"id":[{"timestamp_usec":"1431908492582634"},{"timestamp_usec":"1431908768577051"}],"query_text":"(Current Location) -> Bluebird Ln, Franklin, IN 46131"}},{"query":{"id":[{"timestamp_usec":"1431908491681500"}],"query_text":"Bluebird Lane Franklin Indiana"}},{"query":{"id":[{"timestamp_usec":"1431908274606955"}],"query_text":"(Current Location) -> 976 Canary Creek Ct, Franklin, IN 46131"}},{"query":{"id":[{"timestamp_usec":"1431908033810075"}],"query_text":"976 Canary Creek Court, Franklin, Indiana"}},{"query":{"id":[{"timestamp_usec":"1431907580764818"}],"query_text":"(Current Location) -> 976 Canary Creek Dr, Franklin, IN 46131"}},{"query":{"id":[{"timestamp_usec":"1431907544266090"}],"query_text":"976 canary Creek Drive Franklin Indiana"}},{"query":{"id":[{"timestamp_usec":"1431876451306027"}],"query_text":"where is the fuel sensor located on my 2003 Volkswagen Golf GTI"}},{"query":{"id":[{"timestamp_usec":"1431876237064851"}],"query_text":"why does my 2003 Volks"}},{"query":{"id":[{"timestamp_usec":"1431876227640596"}],"query_text":"why did my 2003 Volkswagen"}},{"query":{"id":[{"timestamp_usec":"1431866514110931"}],"query_text":"perfect circle"}},{"query":{"id":[{"timestamp_usec":"1431866490673743"}],"query_text":"perfect circle lyrics"}},{"query":{"id":[{"timestamp_usec":"1431864662136603"}],"query_text":"pill finder.com"}},{"query":{"id":[{"timestamp_usec":"1431828217025955"}],"query_text":"pill finder.com"}},{"query":{"id":[{"timestamp_usec":"1431816471852316"}],"query_text":"how do I replace the screen and digitizer in my droid DNA"}},{"query":{"id":[{"timestamp_usec":"1431798305388394"}],"query_text":"Porter Cable Skil saws at the Home Depot"}},{"query":{"id":[{"timestamp_usec":"1431798258027205"}],"query_text":"how much does my Porter Cable Skil saw cost at the Home Depot"}},{"query":{"id":[{"timestamp_usec":"1431795516688805"}],"query_text":"AC DC back in black music video"}},{"query":{"id":[{"timestamp_usec":"1431789432540368"}],"query_text":"(Current Location) -> 1300 Graham Rd, Franklin, IN 46131"}},{"query":{"id":[{"timestamp_usec":"1431789431470037"}],"query_text":"1300 North Graham Road Franklin Indiana 46131"}},{"query":{"id":[{"timestamp_usec":"1431788091669259"}],"query_text":"hard bricked cell phone"}},{"query":{"id":[{"timestamp_usec":"1431787975547069"}],"query_text":"(Current Location) -> Indianapolis International Airport, 7800 Col. H. Weir Cook Memorial Dr, Indianapolis, IN 46241, United States"}},{"query":{"id":[{"timestamp_usec":"1431787968428810"}],"query_text":"Indianapolis International Airport, Col. H. Weir Cook Memorial Drive, Indianapolis, IN"}},{"query":{"id":[{"timestamp_usec":"1431787759720539"}],"query_text":"hard bricked cell phone"}},{"query":{"id":[{"timestamp_usec":"1431749510080228"}],"query_text":"fuck with me .com"}},{"query":{"id":[{"timestamp_usec":"1431654862651001"}],"query_text":"100 doors"}},{"query":{"id":[{"timestamp_usec":"1431640608758485"}],"query_text":"Kurt meth found in stark county Indiana in the 1990s"}},{"query":{"id":[{"timestamp_usec":"1431640468069098"},{"timestamp_usec":"1431640544481556"}],"query_text":"meth lab in north Judson indiana Kurt spikes"}},{"query":{"id":[{"timestamp_usec":"1431640255851940"}],"query_text":"meth lab in north Judson indiana on hwy 30"}},{"query":{"id":[{"timestamp_usec":"1431640245634635"}],"query_text":"meth lab in north Judson indiana on hey 30"}},{"query":{"id":[{"timestamp_usec":"1431620585692566"}],"query_text":"559 Dunn St, Franklin, IN -> Harbor Freight Tools"}},{"query":{"id":[{"timestamp_usec":"1431566372545718"}],"query_text":"tiffany paint Chicago Illinois"}},{"query":{"id":[{"timestamp_usec":"1431560609969822"}],"query_text":"twins joined at the head"}},{"query":{"id":[{"timestamp_usec":"1431560149208216"}],"query_text":"woman with no arms"}},{"query":{"id":[{"timestamp_usec":"1431541780614962"}],"query_text":"criminal law attorneys in Franklin Indiana"}},{"query":{"id":[{"timestamp_usec":"1431541761214400"}],"query_text":"local criminal law attorneys"}},{"query":{"id":[{"timestamp_usec":"1431533295647826"}],"query_text":"warrant search indiana"}},{"query":{"id":[{"timestamp_usec":"1431532692155007"}],"query_text":"mike bohn attorney"}},{"query":{"id":[{"timestamp_usec":"1431528246562499"}],"query_text":"violations of probation in Johnson county Indiana"}},{"query":{"id":[{"timestamp_usec":"1431470477939944"}],"query_text":"can I offer a public defender money to have a warrant taken away"}},{"query":{"id":[{"timestamp_usec":"1431467373428619"}],"query_text":"how do I remove just the glass screen on an iPhone 5c"}},{"query":{"id":[{"timestamp_usec":"1431451119698536"}],"query_text":"habitual traffic offender law in the state of Indiana"}},{"query":{"id":[{"timestamp_usec":"1431450960669699"}],"query_text":"how much time can I get for being a habitual driver"}},{"query":{"id":[{"timestamp_usec":"1431450918792986"}],"query_text":"how much time does a bitch while driving offences carry in the state of Indiana"}},{"query":{"id":[{"timestamp_usec":"1431450618547466"}],"query_text":"if I miss a court date what can I do to get the warrant taken off"}},{"query":{"id":[{"timestamp_usec":"1431443308206581"}],"query_text":"(Current Location) -> 300 N Graham Rd, Greenwood, IN 46143"}},{"query":{"id":[{"timestamp_usec":"1431443303760186"}],"query_text":"300 North Graham Road Franklin Indiana"}},{"query":{"id":[{"timestamp_usec":"1431441293955124"}],"query_text":"(Current Location) -> 5999 Crawfordsville Rd, Speedway, IN 46224"}},{"query":{"id":[{"timestamp_usec":"1431441291209868"}],"query_text":"5999 Crawfordsville Rd, Speedway, IN"}},{"query":{"id":[{"timestamp_usec":"1431362848048983"}],"query_text":"probation office in Franklin Indiana"}},{"query":{"id":[{"timestamp_usec":"1431326652021443"}],"query_text":"best fighter jets of the future"}},{"query":{"id":[{"timestamp_usec":"1431314264657446"}],"query_text":"how do I replace the screen in a LS 620"}},{"query":{"id":[{"timestamp_usec":"1431314194703260"}],"query_text":"LS 620 replacement screen and digitizer"}},{"query":{"id":[{"timestamp_usec":"1431313930540162"}],"query_text":"ambition"}},{"query":{"id":[{"timestamp_usec":"1431312456831387"}],"query_text":"(Current Location) -> 903 Duane St, Franklin, IN 46131"}},{"query":{"id":[{"timestamp_usec":"1431312454458494"}],"query_text":"903 Duane Street Franklin Indiana 46131"}},{"query":{"id":[{"timestamp_usec":"1431269435823154"}],"query_text":"how hard is it to replace the screen and digitizer on htc droid DNA"}},{"query":{"id":[{"timestamp_usec":"1431269117142765"}],"query_text":"what kind of phone is a htc 6435 lVW"}},{"query":{"id":[{"timestamp_usec":"1431265888786130"}],"query_text":"what can I use to keep ants out of my mulch"}},{"query":{"id":[{"timestamp_usec":"1431261381216298"}],"query_text":"free acdc music videos"}},{"query":{"id":[{"timestamp_usec":"1431259872207000"}],"query_text":"free music download apps for android"}},{"query":{"id":[{"timestamp_usec":"1431221295146366"},{"timestamp_usec":"1431221296830428"},{"timestamp_usec":"1431221297704528"}],"query_text":"99 Kawasaki Vulcan 750"}},{"query":{"id":[{"timestamp_usec":"1431124336353387"}],"query_text":"(Current Location) -> Main Street Tattoo, 221 West Main Street, Greenwood, IN 46142"}},{"query":{"id":[{"timestamp_usec":"1431124331478368"}],"query_text":"Main Street tattoo in Greenwood Indiana"}},{"query":{"id":[{"timestamp_usec":"1431112249903893"}],"query_text":"Dewalt repair shop on Crawfordsville Road Indianapolis Indiana"}},{"query":{"id":[{"timestamp_usec":"1431110961967341"}],"query_text":"Dollar Tree in Franklin Indiana"}},{"query":{"id":[{"timestamp_usec":"1431107881479505"}],"query_text":"how do I replace just the screen on my iPhone 5c"}},{"query":{"id":[{"timestamp_usec":"1431100604666803"}],"query_text":"how do I replace just my glass screen on my iPhone 5c"}},{"query":{"id":[{"timestamp_usec":"1431098288464519"}],"query_text":"(Current Location) -> 559 Dunn St, Franklin, IN 46131"}},{"query":{"id":[{"timestamp_usec":"1431098286710622"}],"query_text":"559 Dunn Street Franklin Indiana 46131"}},{"query":{"id":[{"timestamp_usec":"1431098041180151"}],"query_text":"(Current Location) -> Tuxedo Brothers Event Management, 6265 Boone Ridge, Zionsville, IN 46077, United States"}},{"query":{"id":[{"timestamp_usec":"1431098039183866"}],"query_text":"61/2 Hogan Street Franklin Indiana 46131"}},{"query":{"id":[{"timestamp_usec":"1431095612101180"}],"query_text":"(Current Location) -> 5999 Crawfordsville Rd, Speedway, IN 46224"}},{"query":{"id":[{"timestamp_usec":"1431095607563382"}],"query_text":"5999 Crawfordsville Road Indianapolis Indiana"}},{"query":{"id":[{"timestamp_usec":"1431095537792009"}],"query_text":"address of the Dewalt repair center in Indianapolis Indiana on Crawfordsville Road"}},{"query":{"id":[{"timestamp_usec":"1431044860866333"}],"query_text":"lgl34c touch screen phone"}},{"query":{"id":[{"timestamp_usec":"1431019862229541"}],"query_text":"cash america pawn greenwood indiana"}},{"query":{"id":[{"timestamp_usec":"1431017681922838"}],"query_text":"Johnson County inmate search"}},{"query":{"id":[{"timestamp_usec":"1431015794388262"}],"query_text":"Dewalt customer service"}},{"query":{"id":[{"timestamp_usec":"1430968552888251"}],"query_text":"Rug Doctor pictures"}},{"query":{"id":[{"timestamp_usec":"1430963603867681"}],"query_text":"daily journal Franklin Indiana"}},{"query":{"id":[{"timestamp_usec":"1430963576713064"}],"query_text":"rooms for rent or efficiencies for rent in Franklin Indiana"}},{"query":{"id":[{"timestamp_usec":"1430963468491016"}],"query_text":"apartments for rent in Franklin Indiana"}},{"query":{"id":[{"timestamp_usec":"1430961698475139"}],"query_text":"how much is a HP Pavilion g6 worth"}},{"query":{"id":[{"timestamp_usec":"1430950351085265"},{"timestamp_usec":"1430950382243981"}],"query_text":"pictures of fester on The Addams Family"}},{"query":{"id":[{"timestamp_usec":"1430932949235532"}],"query_text":"how much is a HP Pavilion g6 worth"}},{"query":{"id":[{"timestamp_usec":"1430886837035562"}],"query_text":"iPhone identification"}},{"query":{"id":[{"timestamp_usec":"1430879719385056"}],"query_text":"when is Mother's Day"}},{"query":{"id":[{"timestamp_usec":"1430849904914116"}],"query_text":"Bradley Chevrolet in Franklin Indiana"}},{"query":{"id":[{"timestamp_usec":"1430835808598845"}],"query_text":"probation office in Franklin Indiana"}},{"query":{"id":[{"timestamp_usec":"1430791452079475"}],"query_text":"l"}},{"query":{"id":[{"timestamp_usec":"1430781218622511"}],"query_text":"pictures of a 2003 Hyundai Tiburon"}},{"query":{"id":[{"timestamp_usec":"1430757933849140"}],"query_text":"why does my samsung rear projection TV keeps shutting off after"}},{"query":{"id":[{"timestamp_usec":"1430751462512540"}],"query_text":"BMV in Franklin Indiana"}},{"query":{"id":[{"timestamp_usec":"1430620045293000"}],"query_text":"voice recorder"}},{"query":{"id":[{"timestamp_usec":"1430598691000000"}],"query_text":"iFixit"}},{"query":{"id":[{"timestamp_usec":"1430598571487000"}],"query_text":"flashlight"}},{"query":{"id":[{"timestamp_usec":"1430566830069277"}],"query_text":"Straight Talk Billings"}},{"query":{"id":[{"timestamp_usec":"1430522579778067"}],"query_text":"what would keep blowing my fuel pump fuses on my 1999 Suzuki Grand Vitara"}},{"query":{"id":[{"timestamp_usec":"1430522244369811"}],"query_text":"is there a fuel pump relay on my 1999 Suzuki Grand Vitara"}},{"query":{"id":[{"timestamp_usec":"1430522001015581"}],"query_text":"why am I not getting no power to my fuel pump on my 1999 Suzuki Grand Vitara"}},{"query":{"id":[{"timestamp_usec":"1430518260069311"}],"query_text":"is a 1999 Suzuki Grand Vitara an obd2 vehicle"}},{"query":{"id":[{"timestamp_usec":"1430516592911850"}],"query_text":"picture of where my map sensor is located on my 1999 Suzuki Grand Vitara"}},{"query":{"id":[{"timestamp_usec":"1430515508639892"}],"query_text":"sensor diagram for a 1999 Grand Vitara Suzuki"}},{"query":{"id":[{"timestamp_usec":"1430515473860369"}],"query_text":"what is the name of the sensor that is located on the top of the motor on my 1999 Suzuki Grand Vitara with the v6"}},{"query":{"id":[{"timestamp_usec":"1430515273525253"},{"timestamp_usec":"1430515361938289"},{"timestamp_usec":"1430515458764962"}],"query_text":"sensor diagram for a 1999 Grand Vitara Suzuki"}},{"query":{"id":[{"timestamp_usec":"1430514895763175"}],"query_text":"does my 1999 Grand Vitara Suzuki have a fuel shut off switch"}},{"query":{"id":[{"timestamp_usec":"1430514364695478"}],"query_text":"why won't my odometer come on on my 1999 Grand Vitara"}},{"query":{"id":[{"timestamp_usec":"1430513761779241"}],"query_text":"where is my fuse box located on my 1999 Grand Vitara Vitara Suzuki"}},{"query":{"id":[{"timestamp_usec":"1430513501529193"}],"query_text":"why wont my 1999 Grand Vitara Suzuki 4 wheel drive not start"}},{"query":{"id":[{"timestamp_usec":"1430492714280449"}],"query_text":"laundromat Franklin Indiana"}},{"query":{"id":[{"timestamp_usec":"1430492062988050"}],"query_text":"travis hopkins daily journal Franklin indiana"}},{"query":{"id":[{"timestamp_usec":"1430408690500848"}],"query_text":"walmart.com"}},{"query":{"id":[{"timestamp_usec":"1430408649910143"}],"query_text":"pictures and prices of 3 drawer carts at Walmart"}},{"query":{"id":[{"timestamp_usec":"1430408619594442"},{"timestamp_usec":"1430408635767658"}],"query_text":"prices of storage totes at Walmart"}},{"query":{"id":[{"timestamp_usec":"1430408593074382"}],"query_text":"chaos chaos fs20 bicycle"}},{"query":{"id":[{"timestamp_usec":"1430408548798768"}],"query_text":"hyper bike company Mike spinner pro model bicycle"}},{"query":{"id":[{"timestamp_usec":"1430402099042617"}],"query_text":"suzuki dealers in greenwood indiana"}},{"query":{"id":[{"timestamp_usec":"1430399493666464"}],"query_text":"Suzuki dealers in Greenwood Indiana"}},{"query":{"id":[{"timestamp_usec":"1430394779028845"}],"query_text":"1999 suzuki grand vitara clutch replacement"}},{"query":{"id":[{"timestamp_usec":"1430394145513484"}],"query_text":"how do i install a clutch on 1999 suzuki grand vitara row site:www.suzuki-forums.com"}},{"query":{"id":[{"timestamp_usec":"1430394135656024"}],"query_text":"how do i install a clutch on 1999 suzuki grand vitara row"}},{"query":{"id":[{"timestamp_usec":"1430393924785915"}],"query_text":"zukiworld"}},{"query":{"id":[{"timestamp_usec":"1430393331611208"}],"query_text":"how do i install a clutch on 1999 suzuki grand vitara row"}},{"query":{"id":[{"timestamp_usec":"1430343087530912"}],"query_text":"library in Franklin Indiana"}},{"query":{"id":[{"timestamp_usec":"1430343055352052"}],"query_text":"Johnson County Library"}},{"query":{"id":[{"timestamp_usec":"1430329614156946"}],"query_text":"how do I install a clutch on 1999 Suzuki Grand Vitara row"}},{"query":{"id":[{"timestamp_usec":"1430320098010719"}],"query_text":"(Current Location) -> Circle City Flea Market, Felbram Shopping Center, 3825 S East St, Indianapolis, IN 46227, United States"}},{"query":{"id":[{"timestamp_usec":"1430319496429719"}],"query_text":"why are all the cops pulling every one over on interstate 65 Indianapolis indiana"}},{"query":{"id":[{"timestamp_usec":"1430319357382601"}],"query_text":"why are all the cops pulling everyone over on interstate 65 Indianapolis indiana"}},{"query":{"id":[{"timestamp_usec":"1430319223356465"}],"query_text":"why are all the cops pulling every one over on interstate 65 Indianapolis indiana"}},{"query":{"id":[{"timestamp_usec":"1430279937441948"}],"query_text":"how do I change the lamp in my samsung rear projection TV"}},{"query":{"id":[{"timestamp_usec":"1430258082881922"}],"query_text":"bicycle shops in Greenwood Indiana"}},{"query":{"id":[{"timestamp_usec":"1430235468366469"}],"query_text":"pictures of a htc droid DNA"}},{"query":{"id":[{"timestamp_usec":"1430231287131070"}],"query_text":"roadside assistance in Indianapolis Indiana"}},{"query":{"id":[{"timestamp_usec":"1430178719651340"},{"timestamp_usec":"1430178924534416"}],"query_text":"Golden Corral Greenwood Indiana"}},{"query":{"id":[{"timestamp_usec":"1430155483011702"}],"query_text":"is there any kind of chemical that will get cat urine up"}},{"query":{"id":[{"timestamp_usec":"1430136952779787"}],"query_text":"is there any kind of chemical that will get cat urine up"}},{"query":{"id":[{"timestamp_usec":"1430098268318299"}],"query_text":"how do I run PEX in my home"}},{"query":{"id":[{"timestamp_usec":"1430098241186146"}],"query_text":"how do I run text"}},{"query":{"id":[{"timestamp_usec":"1430096271262193"}],"query_text":"Fazoli's in Franklin Indiana"}},{"query":{"id":[{"timestamp_usec":"1430096264189070"}],"query_text":"Golden Corral in Greenwood Indiana"}},{"query":{"id":[{"timestamp_usec":"1430083855315401"}],"query_text":"Jensen TV antenna"}},{"query":{"id":[{"timestamp_usec":"1430076364956709"}],"query_text":"how much does a Bissell grab and go vacuum cost"}},{"query":{"id":[{"timestamp_usec":"1430068860246390"}],"query_text":"yard sales in Franklin Indiana"}},{"query":{"id":[{"timestamp_usec":"1430061252244803"}],"query_text":"outdoor lighting kit"}},{"query":{"id":[{"timestamp_usec":"1429980370616036"}],"query_text":"outdoor lighting kit"}},{"query":{"id":[{"timestamp_usec":"1429937330947069"}],"query_text":"waffle and steak in Franklin Indiana"}},{"query":{"id":[{"timestamp_usec":"1429926623283161"}],"query_text":"Milwaukee tool sets"}},{"query":{"id":[{"timestamp_usec":"1429829837914001"}],"query_text":"cordless Milwaukee sets at Home Depot"}},{"query":{"id":[{"timestamp_usec":"1429812615263716"}],"query_text":"Home Depot and Greenwood Indiana"}},{"query":{"id":[{"timestamp_usec":"1429800244057655"}],"query_text":"Liberty Tax Service in Franklin Indiana"}},{"query":{"id":[{"timestamp_usec":"1429800220225925"}],"query_text":"Liberty Tax Service"}},{"query":{"id":[{"timestamp_usec":"1429799522742013"}],"query_text":"liberty tax service in franklin indiana"}},{"query":{"id":[{"timestamp_usec":"1429739029717852"}],"query_text":"Liberty Tax Service in Franklin Indiana"}},{"query":{"id":[{"timestamp_usec":"1429736879216812"}],"query_text":"Millie's bar in Amity Indiana"}},{"query":{"id":[{"timestamp_usec":"1429736872157696"}],"query_text":"Hoosier bar and Amity Indiana"}},{"query":{"id":[{"timestamp_usec":"1429736605876569"}],"query_text":"Hoosier bar in Amity Indiana"}},{"query":{"id":[{"timestamp_usec":"1429736349657575"}],"query_text":"Hoosier bar and Amity Indiana"}},{"query":{"id":[{"timestamp_usec":"1429723620504794"},{"timestamp_usec":"1429723629780520"}],"query_text":"my cat was on my chest starring at me when I woke up, why would cats do that"}},{"query":{"id":[{"timestamp_usec":"1429723504179429"}],"query_text":"when i woke up my cat was on my chest starring at me why would cats do that"}},{"query":{"id":[{"timestamp_usec":"1429723478421466"}],"query_text":"when i woke up my cat was on my chest starring at me"}},{"query":{"id":[{"timestamp_usec":"1429723452035545"}],"query_text":"when I woke up my cat was on my chest starring at me"}},{"query":{"id":[{"timestamp_usec":"1429630435270234"}],"query_text":"Liberty Tax Service in Franklin Indiana"}},{"query":{"id":[{"timestamp_usec":"1429623389110935"}],"query_text":"butterfly theam for kitchen"}},{"query":{"id":[{"timestamp_usec":"1429462974414523"}],"query_text":"butterfly theam for kitchen"}},{"query":{"id":[{"timestamp_usec":"1429462868958493"},{"timestamp_usec":"1429462940383004"}],"query_text":"butterfly thyme for kitchen"}},{"query":{"id":[{"timestamp_usec":"1429462253793096"},{"timestamp_usec":"1429462434639327"}],"query_text":"stacked washer n dryer for my upstairs apartment with no waher or dryer"}},{"query":{"id":[{"timestamp_usec":"1429461703835755"}],"query_text":"washer and dryer I can use in a upstairs apartment with no washer or dryer hook up"}},{"query":{"id":[{"timestamp_usec":"1429461646046477"}],"query_text":"I have a upstairs apartment with no washer or dryer hook ups...what kind of washer and dryer can I use"}},{"query":{"id":[{"timestamp_usec":"1429459776941682"}],"query_text":"Indiana irs.com"}},{"query":{"id":[{"timestamp_usec":"1429408281907747"}],"query_text":"pill finder"}},{"query":{"id":[{"timestamp_usec":"1429373280782001"}],"query_text":"dialer app"}},{"query":{"id":[{"timestamp_usec":"1429364786250337"}],"query_text":"why did my dialer and contact app disappear from my galaxy s3"}},{"query":{"id":[{"timestamp_usec":"1429322151250062"}],"query_text":"39.494888, -86.055480"}},{"query":{"id":[{"timestamp_usec":"1429301505386019"}],"query_text":"boss 7300 series"}},{"query":{"id":[{"timestamp_usec":"1429269081843036"}],"query_text":"liberty tax service in franklin indiana"}},{"query":{"id":[{"timestamp_usec":"1429225758352721"}],"query_text":"liberty tax service in franklin indiana"}},{"query":{"id":[{"timestamp_usec":"1429081105741000"}],"query_text":"caller id"}},{"query":{"id":[{"timestamp_usec":"1429042722818318"}],"query_text":"boost Aquarius cell phone"}},{"query":{"id":[{"timestamp_usec":"1429032308617076"}],"query_text":"Milwaukee cordless tool set at Harbor Freight"}},{"query":{"id":[{"timestamp_usec":"1429031766166976"}],"query_text":"Milwaukee cordless tool sets"}},{"query":{"id":[{"timestamp_usec":"1429030866809536"},{"timestamp_usec":"1429031340296123"}],"query_text":"harborfreight.com"}},{"query":{"id":[{"timestamp_usec":"1429029942750241"}],"query_text":"(Current Location) -> Main Street Tattoo, 221 West Main Street, Greenwood, IN 46142"}},{"query":{"id":[{"timestamp_usec":"1429029895934542"}],"query_text":"221 1/2 main st greenwood in"}},{"query":{"id":[{"timestamp_usec":"1429029130233025"}],"query_text":"long's furniture amity indiana"}},{"query":{"id":[{"timestamp_usec":"1429019361777622"}],"query_text":"liberty tax service in franklin indiana"}},{"query":{"id":[{"timestamp_usec":"1428975693870649"}],"query_text":"boss bv7300"}},{"query":{"id":[{"timestamp_usec":"1428972649071138"}],"query_text":"boss bv7300"}},{"query":{"id":[{"timestamp_usec":"1428960148106300"}],"query_text":"franklin police department indiana"}},{"query":{"id":[{"timestamp_usec":"1428955224825519"}],"query_text":"Johnson County Sheriff's Department non emergency calls"}},{"query":{"id":[{"timestamp_usec":"1428954449445437"},{"timestamp_usec":"1428954856792798"}],"query_text":"boss bv7300"}},{"query":{"id":[{"timestamp_usec":"1428951676889922"},{"timestamp_usec":"1428951743545925"}],"query_text":"lie detector test in Franklin Indiana"}},{"query":{"id":[{"timestamp_usec":"1428884759796359"}],"query_text":"4444"}},{"query":{"id":[{"timestamp_usec":"1428879088968587"}],"query_text":"4444"}},{"query":{"id":[{"timestamp_usec":"1428876501412000"},{"timestamp_usec":"1428876509336000"}],"query_text":"barcode scanner"}},{"query":{"id":[{"timestamp_usec":"1428776559187995"}],"query_text":"library in Franklin Indiana"}},{"query":{"id":[{"timestamp_usec":"1428719674932372"}],"query_text":"Taco Bell in Franklin Indiana"}},{"query":{"id":[{"timestamp_usec":"1428672512932255"}],"query_text":"first song Justin bieber sang on YouTube before he was famous"}},{"query":{"id":[{"timestamp_usec":"1428672184313101"},{"timestamp_usec":"1428672383900706"}],"query_text":"im to sexy my party"}},{"query":{"id":[{"timestamp_usec":"1428669028728711"}],"query_text":"Johnson County Jail inmate search"}},{"query":{"id":[{"timestamp_usec":"1428613420146020"}],"query_text":"franklin license branch phone number"}},{"query":{"id":[{"timestamp_usec":"1428550067691362"},{"timestamp_usec":"1428550151528056"}],"query_text":"what is ignatia amara"}},{"query":{"id":[{"timestamp_usec":"1428533758503502"}],"query_text":"pill finder"}},{"query":{"id":[{"timestamp_usec":"1428533730143127"}],"query_text":"pics of chasm in lake berryessa california"}},{"query":{"id":[{"timestamp_usec":"1428507473274560"}],"query_text":"Johnson County sales on Facebook"}},{"query":{"id":[{"timestamp_usec":"1428507419296442"}],"query_text":"Johnson County yard sales"}},{"query":{"id":[{"timestamp_usec":"1428498764963953"}],"query_text":"Grace United Church of God in Whiteland Indiana"}},{"query":{"id":[{"timestamp_usec":"1428498494924691"}],"query_text":"long's furniture amity indiana"}},{"query":{"id":[{"timestamp_usec":"1428494556194158"}],"query_text":"criminal lawyer in Indianapolis indiana"}},{"query":{"id":[{"timestamp_usec":"1428493671122795"}],"query_text":"pics of chasm in lake berryessa california"}},{"query":{"id":[{"timestamp_usec":"1428469821279843"},{"timestamp_usec":"1428470378307117"}],"query_text":"pics of chasm in lake berryessa california"}},{"query":{"id":[{"timestamp_usec":"1428469758872418"}],"query_text":"pics of chasme badoor"}},{"query":{"id":[{"timestamp_usec":"1428466672765184"}],"query_text":"(Current Location) -> 870 Yandes St, Franklin, IN 46131"}},{"query":{"id":[{"timestamp_usec":"1428466210748962"}],"query_text":"(Current Location) -> 67 Yandes St, Franklin, IN 46131"}},{"query":{"id":[{"timestamp_usec":"1428466200376593"}],"query_text":"67 Yandes Street, Franklin, IN"}},{"query":{"id":[{"timestamp_usec":"1428438620073177"}],"query_text":"longs furniture in Amity Indiana"}},{"query":{"id":[{"timestamp_usec":"1428430542871856"}],"query_text":"2008 magnum scooter"}},{"query":{"id":[{"timestamp_usec":"1428371825710360"}],"query_text":"pill finder"}},{"query":{"id":[{"timestamp_usec":"1428367123568333"}],"query_text":"(Current Location) -> 4078 Dogwood Ct, Franklin, IN 46131"}},{"query":{"id":[{"timestamp_usec":"1428367122324524"}],"query_text":"4078 Dogwood Ct, Franklin, IN"}},{"query":{"id":[{"timestamp_usec":"1428363408675899"}],"query_text":"(Current Location) -> 4078 Dogwood Ct, Franklin, IN 46131"}},{"query":{"id":[{"timestamp_usec":"1428363080278281"}],"query_text":"pill finder"}},{"query":{"id":[{"timestamp_usec":"1428362651402665"}],"query_text":"Johnson County classifieds"}},{"query":{"id":[{"timestamp_usec":"1428356258779772"}],"query_text":"pictures of modified Hyundai Tiburons"}},{"query":{"id":[{"timestamp_usec":"1428356031122876"}],"query_text":"pictures of Hyundai Tiburons"}},{"query":{"id":[{"timestamp_usec":"1428354070957689"}],"query_text":"how much is a Stevens model 107 16 gauge single shot shotgun worth"}},{"query":{"id":[{"timestamp_usec":"1428353496544007"}],"query_text":"whats a 1913 Stevens 16 gauge shotgun worth"}},{"query":{"id":[{"timestamp_usec":"1428341965342705"}],"query_text":"how do I change the combination my schwinn combo lock"}},{"query":{"id":[{"timestamp_usec":"1428341952626084"}],"query_text":"how do I change the conbinationon my schwinn combo lock"}},{"query":{"id":[{"timestamp_usec":"1428338189547453"}],"query_text":"Indiana water company for Johnson County"}},{"query":{"id":[{"timestamp_usec":"1428330653489941"}],"query_text":"Indiana water company"}},{"query":{"id":[{"timestamp_usec":"1428330406195187"}],"query_text":"water and sewer in Franklin Indiana"}},{"query":{"id":[{"timestamp_usec":"1428326051004572"}],"query_text":"(Current Location) -> Harbor Freight Tools, 4200 S East ST, STE 12A, Southern Plaza Shopping Center, Indianapolis, IN 46227"}},{"query":{"id":[{"timestamp_usec":"1428325472663579"}],"query_text":"(Current Location) -> Harbor Freight Tools"}},{"query":{"id":[{"timestamp_usec":"1428276741920556"}],"query_text":"for 2 days my cat sounds like he just woke up, and sluggish"}},{"query":{"id":[{"timestamp_usec":"1428274530065257"}],"query_text":"how would a cat react if he drank antifreez"}},{"query":{"id":[{"timestamp_usec":"1428238002121555"}],"query_text":"pick a part in Indianapolis Indiana"}},{"query":{"id":[{"timestamp_usec":"1428231326899305"}],"query_text":"pics of electronis safes"}},{"query":{"id":[{"timestamp_usec":"1428226778053809"},{"timestamp_usec":"1428226876161298"},{"timestamp_usec":"1428227698762960"}],"query_text":"pics of electronic safes"}},{"query":{"id":[{"timestamp_usec":"1428226348802894"},{"timestamp_usec":"1428226467752620"},{"timestamp_usec":"1428226548993089"}],"query_text":"pics of electronis safes"}},{"query":{"id":[{"timestamp_usec":"1428225604695549"}],"query_text":"how do I open an eltronic safe if I forgot my password"}},{"query":{"id":[{"timestamp_usec":"1428204236422689"}],"query_text":"how do I adjust my belt drive on my yerf dog go kart"}},{"query":{"id":[{"timestamp_usec":"1428203914942119"}],"query_text":"Hyundai Tiburon ground effect kits"}},{"query":{"id":[{"timestamp_usec":"1428177081575805"}],"query_text":"GMR Corps Edinburgh Indiana"}},{"query":{"id":[{"timestamp_usec":"1428177007355182"}],"query_text":"GMR Edinburgh Indiana"}},{"query":{"id":[{"timestamp_usec":"1428176978779582"}],"query_text":"GMR Corps Edinburgh Indiana"}},{"query":{"id":[{"timestamp_usec":"1428176840218254"},{"timestamp_usec":"1428176876848897"}],"query_text":"core capital Edinburgh Indiana"}},{"query":{"id":[{"timestamp_usec":"1428169997522162"}],"query_text":"garage sales in franklin indiana"}},{"query":{"id":[{"timestamp_usec":"1428169907803210"}],"query_text":"spears in Franklin Indiana"}},{"query":{"id":[{"timestamp_usec":"1428169902689877"}],"query_text":"garage sales in franklin indiana"}},{"query":{"id":[{"timestamp_usec":"1428168051334621"}],"query_text":"garage sales in Franklin Indiana"}},{"query":{"id":[{"timestamp_usec":"1428113132586381"}],"query_text":"jack pizza in franklin indiana"}},{"query":{"id":[{"timestamp_usec":"1428101513534350"}],"query_text":"pictures of a galaxy note 3"}},{"query":{"id":[{"timestamp_usec":"1428079337132547"}],"query_text":"how much meth do u get for 30"}},{"query":{"id":[{"timestamp_usec":"1428079320115131"}],"query_text":"how do you make crystal meth"}},{"query":{"id":[{"timestamp_usec":"1428079180337756"}],"query_text":"how much meth do u get for 30"}},{"query":{"id":[{"timestamp_usec":"1428076403152132"}],"query_text":"how do I completely wipe my ipod touch out without my password"}},{"query":{"id":[{"timestamp_usec":"1428069794220367"},{"timestamp_usec":"1428069883995328"}],"query_text":"kurt allen sikes born in 1955"}},{"query":{"id":[{"timestamp_usec":"1428069638182800"}],"query_text":"kurt a sikes criminal records"}},{"query":{"id":[{"timestamp_usec":"1428069407173792"}],"query_text":"death of christana sikes in indiana"}},{"query":{"id":[{"timestamp_usec":"1428069242796148"}],"query_text":"murder case on Christian Sikes indiana"}},{"query":{"id":[{"timestamp_usec":"1428069141985994"}],"query_text":"murder case on Christian Sikes"}},{"query":{"id":[{"timestamp_usec":"1427995775314656"}],"query_text":"Duke Energy in Franklin Indiana"}},{"query":{"id":[{"timestamp_usec":"1427988105264243"}],"query_text":"Chevy dealer in Franklin Indiana"}},{"query":{"id":[{"timestamp_usec":"1427960473008860"}],"query_text":"(Current Location) -> Denny's, 8901 N us 31, Indianapolis, IN 46227, United States"}},{"query":{"id":[{"timestamp_usec":"1427959753558930"}],"query_text":"restaurant open 24 hours in Greenwood indiana"}},{"query":{"id":[{"timestamp_usec":"1427897479652207"}],"query_text":"Toltec impact protection science cases from Verizon Wireless how much are they"}},{"query":{"id":[{"timestamp_usec":"1427897438581888"}],"query_text":"Verizon Wireless phone accessories"}},{"query":{"id":[{"timestamp_usec":"1427894518370761"}],"query_text":"water bill for Franklin indiana"}}]}