{"event":[{"query":{"id":[{"timestamp_usec":"1467322106134535"},{"timestamp_usec":"1467322141236228"}],"query_text":"Okay Google"}},{"query":{"id":[{"timestamp_usec":"1467313046203206"}],"query_text":"how much are roller derby 5500 speed skates"}},{"query":{"id":[{"timestamp_usec":"1467308396388788"}],"query_text":"facebook"}},{"query":{"id":[{"timestamp_usec":"1467307421392770"}],"query_text":"mywirelesshotspot"}},{"query":{"id":[{"timestamp_usec":"1467305067657536"}],"query_text":"two-part epoxy I can not hear metal to plastic"}},{"query":{"id":[{"timestamp_usec":"1467305058363876"}],"query_text":"two-part epoxy"}},{"query":{"id":[{"timestamp_usec":"1467304839397189"}],"query_text":"Culligan in Franklin Indiana phone number"}},{"query":{"id":[{"timestamp_usec":"1467304663966656"}],"query_text":"why is my Culligan water softener bringing up anyone code and flashing"}},{"query":{"id":[{"timestamp_usec":"1467294334360788"}],"query_text":"rooftop in bloomington indiana"}},{"query":{"id":[{"timestamp_usec":"1467293162833007"}],"query_text":"what does rooting do to your phone"}},{"query":{"id":[{"timestamp_usec":"1467275998459472"}],"query_text":"what does rooting do to your phone"}},{"query":{"id":[{"timestamp_usec":"1467265644130250"}],"query_text":"what kind of phone is a model# opcv1"}},{"query":{"id":[{"timestamp_usec":"1467245418078165"}],"query_text":"listen to this and you know just what i want not so"}},{"query":{"id":[{"timestamp_usec":"1467231354307784"}],"query_text":"listen to this and you know just what I want not so"}},{"query":{"id":[{"timestamp_usec":"1467228466819453"}],"query_text":"eppicard indiana"}},{"query":{"id":[{"timestamp_usec":"1467227936462798"}],"query_text":"facebook"}},{"query":{"id":[{"timestamp_usec":"1467219586062248"}],"query_text":"facebook"}},{"query":{"id":[{"timestamp_usec":"1467208770054860"}],"query_text":"eppicard indiana"}},{"query":{"id":[{"timestamp_usec":"1467180566577089"}],"query_text":"is that here anyway to unlock WiFi"}},{"query":{"id":[{"timestamp_usec":"1467165552774314"}],"query_text":"mes"}},{"query":{"id":[{"timestamp_usec":"1467165313662717"}],"query_text":"facebook"}},{"query":{"id":[{"timestamp_usec":"1467164984872799"}],"query_text":"Bushnell trkrt140l"}},{"query":{"id":[{"timestamp_usec":"1467160014935632"}],"query_text":"39.482711, -86.080078"}},{"query":{"id":[{"timestamp_usec":"1467155758576681"}],"query_text":"sure fire flashlight"}},{"query":{"id":[{"timestamp_usec":"1467155582637435"}],"query_text":"Bushnell trkrt140l"}},{"query":{"id":[{"timestamp_usec":"1467152772414199"}],"query_text":"Nike 5.0 312279-231"}},{"query":{"id":[{"timestamp_usec":"1467152662573899"},{"timestamp_usec":"1467152667952075"},{"timestamp_usec":"1467152711821854"}],"query_text":"Nike 5.0 old style"}},{"query":{"id":[{"timestamp_usec":"1467152612474577"},{"timestamp_usec":"1467152632187044"}],"query_text":"Nike 5.0 not running shoes"}},{"query":{"id":[{"timestamp_usec":"1467152468380321"},{"timestamp_usec":"1467152510369808"},{"timestamp_usec":"1467152512305801"},{"timestamp_usec":"1467152540248397"},{"timestamp_usec":"1467152555140156"},{"timestamp_usec":"1467152578171234"}],"query_text":"Nike 5.0"}},{"query":{"id":[{"timestamp_usec":"1467150594972990"}],"query_text":"eppicard indiana"}},{"query":{"id":[{"timestamp_usec":"1467141628713862"}],"query_text":"Verizon Wireless customer service"}},{"query":{"id":[{"timestamp_usec":"1467140559117205"}],"query_text":"National Automotive in Shelbyville Indiana"}},{"query":{"id":[{"timestamp_usec":"1467138882462442"}],"query_text":"Appointment"}},{"query":{"id":[{"timestamp_usec":"1467137002961217"}],"query_text":"j36v"}},{"query":{"id":[{"timestamp_usec":"1467133291126389"}],"query_text":"www.in.gov/fssa"}},{"query":{"id":[{"timestamp_usec":"1467131994304637"}],"query_text":"phone number to the Medicaid office in Franklin Indiana"}},{"query":{"id":[{"timestamp_usec":"1467124607922009"}],"query_text":"facebook"}},{"query":{"id":[{"timestamp_usec":"1467124176594000"},{"timestamp_usec":"1467124206755347"}],"query_text":"eppicard indiana"}},{"query":{"id":[{"timestamp_usec":"1467109701075159"}],"query_text":"facebook"}},{"query":{"id":[{"timestamp_usec":"1467106600054137"}],"query_text":"facebook"}},{"query":{"id":[{"timestamp_usec":"1467091620291927"}],"query_text":"eppicard indiana"}},{"query":{"id":[{"timestamp_usec":"1467088472518420"}],"query_text":"eppicard indiana"}},{"query":{"id":[{"timestamp_usec":"1467084718016448"}],"query_text":"johnson county jail inmate check"}},{"query":{"id":[{"timestamp_usec":"1467074492972695"}],"query_text":"what is the Bible saying out of the movie Pulp Fiction"}},{"query":{"id":[{"timestamp_usec":"1467061135165362"}],"query_text":"Johnson County Jail inmate check"}},{"query":{"id":[{"timestamp_usec":"1467053541955457"}],"query_text":"(Current Location) -> 200 E Washington St, Indianapolis, IN 46204"}},{"query":{"id":[{"timestamp_usec":"1467051614200289"}],"query_text":"(Current Location) -> 200 E Washington St, Indianapolis, IN 46204"}},{"query":{"id":[{"timestamp_usec":"1467051607962662"}],"query_text":"200 East Washington Street Indianapolis Indiana"}},{"query":{"id":[{"timestamp_usec":"1467038391864469"}],"query_text":"3920 Madison Avenue"}},{"query":{"id":[{"timestamp_usec":"1466980797764949"}],"query_text":"Nfc"}},{"query":{"id":[{"timestamp_usec":"1466972855901465"}],"query_text":"weather"}},{"query":{"id":[{"timestamp_usec":"1466969403532288"}],"query_text":"l"}},{"query":{"id":[{"timestamp_usec":"1466969260681789"}],"query_text":"eccentric definition"}},{"query":{"id":[{"timestamp_usec":"1466967437970698"},{"timestamp_usec":"1466968247506635"}],"query_text":"weather"}},{"query":{"id":[{"timestamp_usec":"1466960550295428"}],"query_text":"weather"}},{"query":{"id":[{"timestamp_usec":"1466917925001355"}],"query_text":"pain starts from above right eye and goes back 5 inches e"}},{"query":{"id":[{"timestamp_usec":"1466904924877962"}],"query_text":"10 best free music download app that I can download to my phone"}},{"query":{"id":[{"timestamp_usec":"1466904864701203"}],"query_text":"what is the best free music download app I can get"}},{"query":{"id":[{"timestamp_usec":"1466903726447407"}],"query_text":"htc secret codes"}},{"query":{"id":[{"timestamp_usec":"1466902570804630"}],"query_text":"free music downloads limewire"}},{"query":{"id":[{"timestamp_usec":"1466899934286286"},{"timestamp_usec":"1466900379588357"}],"query_text":"htc secret codes"}},{"query":{"id":[{"timestamp_usec":"1466897507544495"}],"query_text":"zip code for Plainfield Indiana"}},{"query":{"id":[{"timestamp_usec":"1466896291274687"}],"query_text":"Marco's Pizza in Franklin Indiana"}},{"query":{"id":[{"timestamp_usec":"1466896283851391"}],"query_text":"over here"}},{"query":{"id":[{"timestamp_usec":"1466896024279818"}],"query_text":"Marco's Pizza in Franklin Indiana"}},{"query":{"id":[{"timestamp_usec":"1466895010969104"}],"query_text":"jpay"}},{"query":{"id":[{"timestamp_usec":"1466894943464914"}],"query_text":"jpaycom"}},{"query":{"id":[{"timestamp_usec":"1466894902035195"}],"query_text":"jpay card"}},{"query":{"id":[{"timestamp_usec":"1466894859689500"}],"query_text":"jpay card balance"}},{"query":{"id":[{"timestamp_usec":"1466894700171439"}],"query_text":"jaypay balance"}},{"query":{"id":[{"timestamp_usec":"1466894037906184"}],"query_text":"pizza hut"}},{"query":{"id":[{"timestamp_usec":"1466893832083600"}],"query_text":"cafe racer bike pics"}},{"query":{"id":[{"timestamp_usec":"1466893784524000"}],"query_text":"headache on right side of head behind eye"}},{"query":{"id":[{"timestamp_usec":"1466879331933159"}],"query_text":"39.483902, -86.051612"}},{"query":{"id":[{"timestamp_usec":"1466879328565463"}],"query_text":"hemicrania continua"}},{"query":{"id":[{"timestamp_usec":"1466879326500786"}],"query_text":"39.483902, -86.051612"}},{"query":{"id":[{"timestamp_usec":"1466879278141302"},{"timestamp_usec":"1466879279249148"}],"query_text":"hemicrania continua"}},{"query":{"id":[{"timestamp_usec":"1466879278110539"}],"query_text":"headache on right side of head behind eye"}},{"query":{"id":[{"timestamp_usec":"1466879267739936"}],"query_text":"pain starts from above right eye and goes back 5 inches e"}},{"query":{"id":[{"timestamp_usec":"1466876118784268"}],"query_text":"Cafe Racer bike pics"}},{"query":{"id":[{"timestamp_usec":"1466865702597035"}],"query_text":"my car wont shift into high gear"}},{"query":{"id":[{"timestamp_usec":"1466865684185706"}],"query_text":"transmission wont shift into high gear manual"}},{"query":{"id":[{"timestamp_usec":"1466865684161243"}],"query_text":"my car wont shift into high gear"}},{"query":{"id":[{"timestamp_usec":"1466808852009209"}],"query_text":"what does ward of the state mean in Indiana"}},{"query":{"id":[{"timestamp_usec":"1466595062668434"}],"query_text":"(Current Location) -> Greenwood Park Dr S, Greenwood, IN 46142, USA"}},{"query":{"id":[{"timestamp_usec":"1466529306374000"},{"timestamp_usec":"1466529391050000"}],"query_text":"google play"}},{"query":{"id":[{"timestamp_usec":"1466493892369000"},{"timestamp_usec":"1466493895520000"}],"query_text":"google play"}},{"query":{"id":[{"timestamp_usec":"1466493620929172"}],"query_text":"fa"}},{"query":{"id":[{"timestamp_usec":"1466492197149000"},{"timestamp_usec":"1466492229297000"},{"timestamp_usec":"1466492254369000"},{"timestamp_usec":"1466492256502001"},{"timestamp_usec":"1466492264262001"},{"timestamp_usec":"1466492273669000"}],"query_text":"zedge"}},{"query":{"id":[{"timestamp_usec":"1466457117981000"}],"query_text":"8 pm settings for straight talk service"}},{"query":{"id":[{"timestamp_usec":"1466454971530000"}],"query_text":"codes"}},{"query":{"id":[{"timestamp_usec":"1466424386929000"},{"timestamp_usec":"1466424392982000"}],"query_text":"8 pm settings for straight talk service"}},{"query":{"id":[{"timestamp_usec":"1466422822495000"},{"timestamp_usec":"1466422825089000"},{"timestamp_usec":"1466422859973000"},{"timestamp_usec":"1466422874638000"},{"timestamp_usec":"1466422892196000"},{"timestamp_usec":"1466422899661000"},{"timestamp_usec":"1466423029798001"},{"timestamp_usec":"1466423033692000"},{"timestamp_usec":"1466423053314000"},{"timestamp_usec":"1466423064476000"}],"query_text":"free wifi anywhere"}},{"query":{"id":[{"timestamp_usec":"1466418119501000"},{"timestamp_usec":"1466418132735000"}],"query_text":"app killer"}},{"query":{"id":[{"timestamp_usec":"1466412317322000"},{"timestamp_usec":"1466412334384000"}],"query_text":"icloud drive"}},{"query":{"id":[{"timestamp_usec":"1466390145052258"}],"query_text":"epp"}},{"query":{"id":[{"timestamp_usec":"1466390122581071"},{"timestamp_usec":"1466390122614099"}],"query_text":"e"}},{"query":{"id":[{"timestamp_usec":"1466385989318371"},{"timestamp_usec":"1466385989364398"},{"timestamp_usec":"1466386081726038"}],"query_text":"f"}},{"query":{"id":[{"timestamp_usec":"1466381348060420"}],"query_text":"http myaccount google security sign options two step verification enroll welcome"}},{"query":{"id":[{"timestamp_usec":"1466370977247000"}],"query_text":"app killer"}},{"query":{"id":[{"timestamp_usec":"1466367807708000"}],"query_text":"app killer"}},{"query":{"id":[{"timestamp_usec":"1466343698340832"}],"query_text":"http://http//myaccount.google.com/security/signinoptions/two-step-verification/enroll-welcome?hl=en"}},{"query":{"id":[{"timestamp_usec":"1466322244881294"}],"query_text":"f"}},{"query":{"id":[{"timestamp_usec":"1466320824871116"}],"query_text":"gma"}},{"query":{"id":[{"timestamp_usec":"1466319453542663"},{"timestamp_usec":"1466319746111203"}],"query_text":"meth bust in Johnson county Indiana"}},{"query":{"id":[{"timestamp_usec":"1466316438119000"},{"timestamp_usec":"1466316440586000"}],"query_text":"pname:com.facebook.orca"}},{"query":{"id":[{"timestamp_usec":"1466314132531995"},{"timestamp_usec":"1466314135144588"},{"timestamp_usec":"1466314144471009"}],"query_text":"facebook login sign"}},{"query":{"id":[{"timestamp_usec":"1466305316321090"},{"timestamp_usec":"1466306603668584"}],"query_text":"facebook login sign"}},{"query":{"id":[{"timestamp_usec":"1466292404009000"},{"timestamp_usec":"1466292405485000"}],"query_text":"pname:com.facebook.orca"}},{"query":{"id":[{"timestamp_usec":"1466275456366140"},{"timestamp_usec":"1466275456470162"},{"timestamp_usec":"1466275729626182"}],"query_text":"gm"}},{"query":{"id":[{"timestamp_usec":"1466260100468414"}],"query_text":"44 junkyard in Franklin Indiana"}},{"query":{"id":[{"timestamp_usec":"1466259827708778"}],"query_text":"tire shops in Franklin Indiana"}},{"query":{"id":[{"timestamp_usec":"1466259465014128"}],"query_text":"crai"}},{"query":{"id":[{"timestamp_usec":"1466258939193339"}],"query_text":"chumbleys in Franklin Indiana phone number"}},{"query":{"id":[{"timestamp_usec":"1466249077028834"}],"query_text":"how to know if a phone is encrypted"}},{"query":{"id":[{"timestamp_usec":"1466248039402012"}],"query_text":"circle with with 3 dots down the middle"}},{"query":{"id":[{"timestamp_usec":"1466247402343127"}],"query_text":"do"}},{"query":{"id":[{"timestamp_usec":"1466246040331022"},{"timestamp_usec":"1466247278820301"}],"query_text":"pain starts from above right eye and goes back 5 inches e"}},{"query":{"id":[{"timestamp_usec":"1466229634080041"}],"query_text":"doxp"}},{"query":{"id":[{"timestamp_usec":"1466220950362468"}],"query_text":"jpay login"}},{"query":{"id":[{"timestamp_usec":"1466220449312150"},{"timestamp_usec":"1466220476628100"},{"timestamp_usec":"1466220478244841"},{"timestamp_usec":"1466220599802585"},{"timestamp_usec":"1466220603710251"},{"timestamp_usec":"1466220802373333"},{"timestamp_usec":"1466220909722471"},{"timestamp_usec":"1466220910516810"},{"timestamp_usec":"1466220923074089"},{"timestamp_usec":"1466220923748135"}],"query_text":"generic network failure"}},{"query":{"id":[{"timestamp_usec":"1466214917119845"},{"timestamp_usec":"1466214924715445"},{"timestamp_usec":"1466214925096387"},{"timestamp_usec":"1466214927217230"},{"timestamp_usec":"1466214957156333"}],"query_text":"mifi unlocked"}},{"query":{"id":[{"timestamp_usec":"1466212371649413"}],"query_text":"lu00"}},{"query":{"id":[{"timestamp_usec":"1466211498379076"},{"timestamp_usec":"1466211498390090"}],"query_text":"gma"}},{"query":{"id":[{"timestamp_usec":"1466202891123000"}],"query_text":"fixya"}},{"query":{"id":[{"timestamp_usec":"1466202850612066"}],"query_text":"te"}},{"query":{"id":[{"timestamp_usec":"1466198986483423"}],"query_text":"mifi unlocked"}},{"query":{"id":[{"timestamp_usec":"1466198890169540"}],"query_text":"mifi"}},{"query":{"id":[{"timestamp_usec":"1466198118474944"},{"timestamp_usec":"1466198164491195"}],"query_text":"straight talk"}},{"query":{"id":[{"timestamp_usec":"1466197660737115"}],"query_text":"por"}},{"query":{"id":[{"timestamp_usec":"1466191450530777"}],"query_text":"pnc bank"}},{"query":{"id":[{"timestamp_usec":"1466132995220133"}],"query_text":"straight talk"}},{"query":{"id":[{"timestamp_usec":"1466066017508000"},{"timestamp_usec":"1466066021815000"},{"timestamp_usec":"1466066124642000"}],"query_text":"flashlight"}},{"query":{"id":[{"timestamp_usec":"1466043127148147"},{"timestamp_usec":"1466043154929701"}],"query_text":"talking dog"}},{"query":{"id":[{"timestamp_usec":"1466031185852050"}],"query_text":"ebay"}},{"query":{"id":[{"timestamp_usec":"1466029120986620"},{"timestamp_usec":"1466029134341798"},{"timestamp_usec":"1466029146085785"},{"timestamp_usec":"1466029159385816"}],"query_text":"if my cat broke his tail will it grow back right"}},{"query":{"id":[{"timestamp_usec":"1466029091782930"}],"query_text":"can a kid grow out of a cat's tail"}},{"query":{"id":[{"timestamp_usec":"1466029043078895"}],"query_text":"can a tank grow out of a cat's tail"}},{"query":{"id":[{"timestamp_usec":"1466028998467912"}],"query_text":"can a kid grow out of a cat's tail"}},{"query":{"id":[{"timestamp_usec":"1466028043784101"}],"query_text":"drug bust in franklin in"}},{"query":{"id":[{"timestamp_usec":"1466026310732232"}],"query_text":"marco's pizza"}},{"query":{"id":[{"timestamp_usec":"1466014646794916"}],"query_text":"marco's pizza"}},{"query":{"id":[{"timestamp_usec":"1466010822288246"},{"timestamp_usec":"1466012018776772"}],"query_text":"marco's pizza"}},{"query":{"id":[{"timestamp_usec":"1465872164926548"}],"query_text":"(Current Location) -> 835 S Old US Highway 31, Franklin, IN 46131"}},{"query":{"id":[{"timestamp_usec":"1465871904830569"}],"query_text":"facebook"}},{"query":{"id":[{"timestamp_usec":"1465868294005000"},{"timestamp_usec":"1465868298223000"}],"query_text":"ifixit repair manual"}},{"query":{"id":[{"timestamp_usec":"1465857155821000"},{"timestamp_usec":"1465857161433000"}],"query_text":"text message recovery"}},{"query":{"id":[{"timestamp_usec":"1465855283397000"}],"query_text":"text message recovery"}},{"query":{"id":[{"timestamp_usec":"1465854980296132"}],"query_text":"how do i recover erased text messages from straight talk"}},{"query":{"id":[{"timestamp_usec":"1465854954423795"},{"timestamp_usec":"1465854968307806"}],"query_text":"how do I recover erased text messages from straight talk"}},{"query":{"id":[{"timestamp_usec":"1465837739453716"}],"query_text":"facebook"}},{"query":{"id":[{"timestamp_usec":"1465834395336534"}],"query_text":"Facebook"}},{"query":{"id":[{"timestamp_usec":"1465831298612000"},{"timestamp_usec":"1465831302601000"},{"timestamp_usec":"1465831316348000"}],"query_text":"task killer"}},{"query":{"id":[{"timestamp_usec":"1465828669633050"}],"query_text":"ebay"}},{"query":{"id":[{"timestamp_usec":"1465824869709018"}],"query_text":"phone number to Medicaid office in Franklin Indiana"}},{"query":{"id":[{"timestamp_usec":"1465824809727056"}],"query_text":"food stamp eligibility"}},{"query":{"id":[{"timestamp_usec":"1465824467011320"}],"query_text":"today's weather in temperatures"}},{"query":{"id":[{"timestamp_usec":"1465821548178991"}],"query_text":"docpox"}},{"query":{"id":[{"timestamp_usec":"1465821183395493"}],"query_text":"tim chitwood fairhaven church"}},{"query":{"id":[{"timestamp_usec":"1465821015721928"}],"query_text":"tim chitwood columbus"}},{"query":{"id":[{"timestamp_usec":"1465820940811794"}],"query_text":"tim chitwood"}},{"query":{"id":[{"timestamp_usec":"1465820479275143"}],"query_text":"arrests in johnson county indiana"}},{"query":{"id":[{"timestamp_usec":"1465786278909176"},{"timestamp_usec":"1465786294799637"},{"timestamp_usec":"1465786311083314"}],"query_text":"how do I rebuild struts on a Chevy Cobalt"}},{"query":{"id":[{"timestamp_usec":"1465786259998863"},{"timestamp_usec":"1465786267968819"}],"query_text":"how do I change out struts on a Chevy Cobalt"}},{"query":{"id":[{"timestamp_usec":"1465779711469329"},{"timestamp_usec":"1465779755374341"}],"query_text":"ebay"}},{"query":{"id":[{"timestamp_usec":"1465777166689030"},{"timestamp_usec":"1465777524412987"},{"timestamp_usec":"1465777528280360"},{"timestamp_usec":"1465777531896953"},{"timestamp_usec":"1465777544718461"}],"query_text":"facebook"}},{"query":{"id":[{"timestamp_usec":"1465775757101804"},{"timestamp_usec":"1465776682638021"}],"query_text":"facebook login sign"}},{"query":{"id":[{"timestamp_usec":"1465773745004297"}],"query_text":"facebook login sign"}},{"query":{"id":[{"timestamp_usec":"1465773625521132"},{"timestamp_usec":"1465773631526539"},{"timestamp_usec":"1465773643103008"},{"timestamp_usec":"1465773644145322"}],"query_text":"Facebook"}},{"query":{"id":[{"timestamp_usec":"1465766920476451"},{"timestamp_usec":"1465767088406798"}],"query_text":"vl orion paintball assembly diagram"}},{"query":{"id":[{"timestamp_usec":"1465766893056962"},{"timestamp_usec":"1465766908536404"}],"query_text":"VL Orion paintball assembly diagram"}},{"query":{"id":[{"timestamp_usec":"1465766880042597"}],"query_text":"how does my paintball gun go back together"}},{"query":{"id":[{"timestamp_usec":"1465766352062291"}],"query_text":"how does Mario Orion paintball gun go back together"}},{"query":{"id":[{"timestamp_usec":"1465766292047782"}],"query_text":"how does my paintball gun go back together"}},{"query":{"id":[{"timestamp_usec":"1465760620394533"}],"query_text":"att.cim my wireless"}},{"query":{"id":[{"timestamp_usec":"1465755256007085"},{"timestamp_usec":"1465755264197405"}],"query_text":"how do i replace the speaker on my htc one m7"}},{"query":{"id":[{"timestamp_usec":"1465755227691714"},{"timestamp_usec":"1465755234258674"}],"query_text":"weather"}},{"query":{"id":[{"timestamp_usec":"1465755220031062"}],"query_text":"how do i replace the speaker on my htc one m7"}},{"query":{"id":[{"timestamp_usec":"1465752161798874"},{"timestamp_usec":"1465752184715969"}],"query_text":"how do i replace the speaker on my htc one m7"}},{"query":{"id":[{"timestamp_usec":"1465751049163137"}],"query_text":"how do I replace the speaker on my HTC One M7"}},{"query":{"id":[{"timestamp_usec":"1465745713160398"},{"timestamp_usec":"1465745731683079"},{"timestamp_usec":"1465745742508195"}],"query_text":"think fast game"}},{"query":{"id":[{"timestamp_usec":"1465738835808759"}],"query_text":"how can i root my htc one m7"}},{"query":{"id":[{"timestamp_usec":"1465738812309376"}],"query_text":"how can I root my HTC One M7"}},{"query":{"id":[{"timestamp_usec":"1465738583029351"}],"query_text":"on the go mifi ea41 what do they cost"}},{"query":{"id":[{"timestamp_usec":"1465738570766033"}],"query_text":"on the go mifi what do they cost"}},{"query":{"id":[{"timestamp_usec":"1465738534078366"},{"timestamp_usec":"1465738548706161"}],"query_text":"on the go MiFi what do they cost"}},{"query":{"id":[{"timestamp_usec":"1465734053495685"}],"query_text":"goodwill franklin"}},{"query":{"id":[{"timestamp_usec":"1465734007758183"}],"query_text":"goodwill Franklin"}},{"query":{"id":[{"timestamp_usec":"1465729321604452"}],"query_text":"eBay"}},{"query":{"id":[{"timestamp_usec":"1465727889593620"}],"query_text":"daily journal classifieds franklin indiana"}},{"query":{"id":[{"timestamp_usec":"1465716327185942"},{"timestamp_usec":"1465718094726317"}],"query_text":"facebook"}},{"query":{"id":[{"timestamp_usec":"1465709587595039"},{"timestamp_usec":"1465709589222786"},{"timestamp_usec":"1465711000071019"},{"timestamp_usec":"1465711000101581"}],"query_text":"how do i take apart my htc one m7"}},{"query":{"id":[{"timestamp_usec":"1465709183005071"}],"query_text":"how do I take apart my HTC One M7"}},{"query":{"id":[{"timestamp_usec":"1465707154955000"},{"timestamp_usec":"1465707160062000"},{"timestamp_usec":"1465707189193000"},{"timestamp_usec":"1465707196342000"},{"timestamp_usec":"1465707208826000"},{"timestamp_usec":"1465707213807000"},{"timestamp_usec":"1465707230877000"},{"timestamp_usec":"1465707236504000"},{"timestamp_usec":"1465707259590000"},{"timestamp_usec":"1465707267276000"}],"query_text":"Facebook"}},{"query":{"id":[{"timestamp_usec":"1465704190293184"}],"query_text":"Facebook"}},{"query":{"id":[{"timestamp_usec":"1465702494946000"},{"timestamp_usec":"1465702497585000"},{"timestamp_usec":"1465702514292000"},{"timestamp_usec":"1465702516516000"},{"timestamp_usec":"1465702517431000"},{"timestamp_usec":"1465702540662000"}],"query_text":"dope wars"}},{"query":{"id":[{"timestamp_usec":"1465681124797046"}],"query_text":"address to Land O nod in Franklin Indiana"}},{"query":{"id":[{"timestamp_usec":"1465669697771353"}],"query_text":"Jimmy John's menu in Franklin Indiana"}},{"query":{"id":[{"timestamp_usec":"1465669285362032"}],"query_text":"Long River Chinese Restaurant Franklin, IN"}},{"query":{"id":[{"timestamp_usec":"1465669208099433"}],"query_text":"places that deliver in Franklin"}},{"query":{"id":[{"timestamp_usec":"1465661742441000"},{"timestamp_usec":"1465661754654000"},{"timestamp_usec":"1465662073318000"},{"timestamp_usec":"1465662077374000"}],"query_text":"Messenger"}},{"query":{"id":[{"timestamp_usec":"1465661449516106"}],"query_text":"Facebook"}},{"query":{"id":[{"timestamp_usec":"1465661390151726"}],"query_text":"places in Indianapolis Indiana to take lie detector test"}},{"query":{"id":[{"timestamp_usec":"1465649666107821"}],"query_text":"chevy cobalt sunroof drain problems"}},{"query":{"id":[{"timestamp_usec":"1465648725977213"}],"query_text":"Facebook"}},{"query":{"id":[{"timestamp_usec":"1465646286356518"}],"query_text":"Chevy Cobalt sunroof drain problems"}},{"query":{"id":[{"timestamp_usec":"1465646125310793"}],"query_text":"2006 Chevy Cobalt"}},{"query":{"id":[{"timestamp_usec":"1465585135460086"}],"query_text":"places in Indianapolis Indiana to take lie detector test"}},{"query":{"id":[{"timestamp_usec":"1465583468744961"}],"query_text":"federal grants that the government is giving out in the state of indiana for $9,000"}},{"query":{"id":[{"timestamp_usec":"1465583206947080"}],"query_text":"federal grants that the government is giving out in the state of Indiana for $9,000"}},{"query":{"id":[{"timestamp_usec":"1465517246698608"}],"query_text":"dominoes pizza Edinburgh"}},{"query":{"id":[{"timestamp_usec":"1465514241773523"}],"query_text":"dominoes pizza Franklin"}},{"query":{"id":[{"timestamp_usec":"1465502159239049"}],"query_text":"epp"}},{"query":{"id":[{"timestamp_usec":"1465425222342214"}],"query_text":"Facebook"}},{"query":{"id":[{"timestamp_usec":"1465419831238945"}],"query_text":"volume codes for htc one m7"}},{"query":{"id":[{"timestamp_usec":"1465418475118206"}],"query_text":"s"}},{"query":{"id":[{"timestamp_usec":"1465346447237046"}],"query_text":"yo"}},{"query":{"id":[{"timestamp_usec":"1465341230286214"}],"query_text":"volume codes for HTC One M7"}},{"query":{"id":[{"timestamp_usec":"1465339621550706"}],"query_text":"Facebook"}},{"query":{"id":[{"timestamp_usec":"1465331383276099"}],"query_text":"pictures of a Metal Mulisha symbol"}},{"query":{"id":[{"timestamp_usec":"1465322583800870"}],"query_text":"how do I replace the Cradle on a 2014 Kia Soul"}},{"query":{"id":[{"timestamp_usec":"1465319330726665"}],"query_text":"pics of future fighter planes"}},{"query":{"id":[{"timestamp_usec":"1465317296004759"}],"query_text":"AT&T customer service"}},{"query":{"id":[{"timestamp_usec":"1465316458919652"}],"query_text":"(Current Location) -> 835 S Old US Highway 31, Franklin, IN 46131"}},{"query":{"id":[{"timestamp_usec":"1465306871431421"}],"query_text":"HTC One M7 customer service"}},{"query":{"id":[{"timestamp_usec":"1465306693032633"}],"query_text":"how do I fix my earpiece on my HTC One M7"}},{"query":{"id":[{"timestamp_usec":"1465305526232873"}],"query_text":"places to do community service in Marion County Indiana"}},{"query":{"id":[{"timestamp_usec":"1465304988202145"}],"query_text":"craigslist"}},{"query":{"id":[{"timestamp_usec":"1465304751505553"}],"query_text":"mechanic jobs in Franklin Indiana"}},{"query":{"id":[{"timestamp_usec":"1465303442395374"}],"query_text":"youtube military plane crash"}},{"query":{"id":[{"timestamp_usec":"1465303409537861"}],"query_text":"how can I receive a special driver's license in my County"}},{"query":{"id":[{"timestamp_usec":"1465302518210635"}],"query_text":"special driving privileges in franklin indiana"}},{"query":{"id":[{"timestamp_usec":"1465302030405063"}],"query_text":"pro bono lawyers in indiana"}},{"query":{"id":[{"timestamp_usec":"1465301968694958"}],"query_text":"special driving privileges in Franklin Indiana"}},{"query":{"id":[{"timestamp_usec":"1465301900651908"}],"query_text":"christian attorneys in indianapolis"}},{"query":{"id":[{"timestamp_usec":"1465301531793803"}],"query_text":"special driving privileges in Franklin Indiana"}},{"query":{"id":[{"timestamp_usec":"1465301513538896"}],"query_text":"how can I receive a special driver's license in my County"}},{"query":{"id":[{"timestamp_usec":"1465290122929198"}],"query_text":"Facebook"}},{"query":{"id":[{"timestamp_usec":"1465290108202992"}],"query_text":"39°25'44.5\"N 86°00'10.8\"W"}},{"query":{"id":[{"timestamp_usec":"1465286896005928"}],"query_text":"Facebook"}},{"query":{"id":[{"timestamp_usec":"1465286328249028"}],"query_text":"you"}},{"query":{"id":[{"timestamp_usec":"1465285120490993"}],"query_text":"Facebook"}},{"query":{"id":[{"timestamp_usec":"1465282666348797"}],"query_text":"Facebook"}},{"query":{"id":[{"timestamp_usec":"1465276100843312"}],"query_text":"Facebook"}},{"query":{"id":[{"timestamp_usec":"1465274772406866"}],"query_text":"how do i get my license back if i'm suspended for life in indiana"}},{"query":{"id":[{"timestamp_usec":"1465272106136404"},{"timestamp_usec":"1465272754696722"},{"timestamp_usec":"1465272755284529"}],"query_text":"how do I get my license back if I'm suspended for life in Indiana"}},{"query":{"id":[{"timestamp_usec":"1465272079651623"}],"query_text":"how do I file a motion to receive my license to the courts"}},{"query":{"id":[{"timestamp_usec":"1465266048170240"}],"query_text":"ussd blocker"}},{"query":{"id":[{"timestamp_usec":"1465265596990198"}],"query_text":"yealink"}},{"query":{"id":[{"timestamp_usec":"1465264197567468"}],"query_text":"htc secret codes"}},{"query":{"id":[{"timestamp_usec":"1465252330559601"}],"query_text":"39.429043,-86.002998"}},{"query":{"id":[{"timestamp_usec":"1465197215242098"}],"query_text":"fa"}},{"query":{"id":[{"timestamp_usec":"1465189570668000"},{"timestamp_usec":"1465189570980001"}],"query_text":"docpop.com"}},{"query":{"id":[{"timestamp_usec":"1465189138946508"}],"query_text":"HTC secret codes"}},{"query":{"id":[{"timestamp_usec":"1465170174749000"}],"query_text":"root explorer"}},{"query":{"id":[{"timestamp_usec":"1465137320301000"}],"query_text":"offer up"}},{"query":{"id":[{"timestamp_usec":"1465137192805000"}],"query_text":"flashlight"}},{"query":{"id":[{"timestamp_usec":"1465132028115000"}],"query_text":"app killer"}},{"query":{"id":[{"timestamp_usec":"1465131978162000"},{"timestamp_usec":"1465131984148000"},{"timestamp_usec":"1465131988288000"}],"query_text":"hill climb racing"}},{"query":{"id":[{"timestamp_usec":"1465124874553001"}],"query_text":"flashlight"}},{"query":{"id":[{"timestamp_usec":"1465008381330028"}],"query_text":"39.497768,-86.068817"}},{"query":{"id":[{"timestamp_usec":"1465008264637365"},{"timestamp_usec":"1465008324919946"}],"query_text":"39.491333,-86.064102"}},{"query":{"id":[{"timestamp_usec":"1464939662963187"}],"query_text":"39.458366,-86.072754"}},{"query":{"id":[{"timestamp_usec":"1464939635038807"}],"query_text":"39.458447,-86.072754"}},{"query":{"id":[{"timestamp_usec":"1464930027676803"}],"query_text":"39.458447,-86.072754"}},{"query":{"id":[{"timestamp_usec":"1464929868799586"}],"query_text":"39.465874,-86.031639"}},{"query":{"id":[{"timestamp_usec":"1464929268987000"}],"query_text":"cute father daughter sayings"}},{"query":{"id":[{"timestamp_usec":"1464926966165000"}],"query_text":"free music download apps for android"}},{"query":{"id":[{"timestamp_usec":"1464926338408000"}],"query_text":"popular music download ringtones"}},{"query":{"id":[{"timestamp_usec":"1464926297240000"}],"query_text":"cool sayings and things"}},{"query":{"id":[{"timestamp_usec":"1464866052160079"},{"timestamp_usec":"1464866052168090"}],"query_text":"direct"}},{"query":{"id":[{"timestamp_usec":"1464860600113215"}],"query_text":"39.465874,-86.031639"}},{"query":{"id":[{"timestamp_usec":"1464860581226804"}],"query_text":"39.458363,-86.072670"}},{"query":{"id":[{"timestamp_usec":"1464860560002868"}],"query_text":"39.458447,-86.072754"}},{"query":{"id":[{"timestamp_usec":"1464860544116302"}],"query_text":"39.457596,-86.072380"}},{"query":{"id":[{"timestamp_usec":"1464860403515072"}],"query_text":"39.465923,-86.031601"}},{"query":{"id":[{"timestamp_usec":"1464860388925959"}],"query_text":"39.458282,-86.072670"}},{"query":{"id":[{"timestamp_usec":"1464860274346340"}],"query_text":"39.465923,-86.031601"}},{"query":{"id":[{"timestamp_usec":"1464860205934919"},{"timestamp_usec":"1464860231541682"},{"timestamp_usec":"1464860250588100"}],"query_text":"39.465874,-86.031639"}},{"query":{"id":[{"timestamp_usec":"1464843909783822"}],"query_text":"39.465923,-86.031601"}},{"query":{"id":[{"timestamp_usec":"1464837167152330"}],"query_text":"39.480419,-86.056267"}},{"query":{"id":[{"timestamp_usec":"1464820124062419"},{"timestamp_usec":"1464820126012769"}],"query_text":"(Current Location) -> 49 W Wayne St, Franklin, IN 46131"}},{"query":{"id":[{"timestamp_usec":"1464819848958124"}],"query_text":"49 West Wayne Street Franklin Indiana"}},{"query":{"id":[{"timestamp_usec":"1464819830432393"}],"query_text":"49 West Wayne Street"}},{"query":{"id":[{"timestamp_usec":"1464814667249544"}],"query_text":"39.458408,-86.072792"}},{"query":{"id":[{"timestamp_usec":"1464797722081111"}],"query_text":"used Snapper walk behind mower parts in Indianapolis Indiana"}},{"query":{"id":[{"timestamp_usec":"1464796939876960"}],"query_text":"used Snapper walk behind mower parts"}},{"query":{"id":[{"timestamp_usec":"1464796524252576"}],"query_text":"Snapper walk behind mower with a Kawasaki fc420v motor"}},{"query":{"id":[{"timestamp_usec":"1464796451156134"}],"query_text":"Snapper walk-behind replacement parts"}},{"query":{"id":[{"timestamp_usec":"1464792870273507"}],"query_text":"Marathon Gas Franklin, IN"}},{"query":{"id":[{"timestamp_usec":"1464792864653104"}],"query_text":"marathon gas station in franklin"}},{"query":{"id":[{"timestamp_usec":"1464792762200276"}],"query_text":"Marathon Gas Whiteland, IN"}},{"query":{"id":[{"timestamp_usec":"1464792747977155"}],"query_text":"marathon gas station in franklin"}},{"query":{"id":[{"timestamp_usec":"1464788935099450"}],"query_text":"(Current Location) -> 8400-8498 S Christian Dr, Princes Lakes, IN 46164"}},{"query":{"id":[{"timestamp_usec":"1464788197684817"}],"query_text":"local weather for Franklin Indiana"}},{"query":{"id":[{"timestamp_usec":"1464787424617089"}],"query_text":"jobs in Franklin in"}},{"query":{"id":[{"timestamp_usec":"1464780764519236"}],"query_text":"local weather for my location"}},{"query":{"id":[{"timestamp_usec":"1464759198563189"},{"timestamp_usec":"1464759238718522"},{"timestamp_usec":"1464759576089366"},{"timestamp_usec":"1464759814872844"},{"timestamp_usec":"1464760022830831"}],"query_text":"bad mother quotes"}},{"query":{"id":[{"timestamp_usec":"1464756276930031"}],"query_text":"free warrant check"}},{"query":{"id":[{"timestamp_usec":"1464756030619321"}],"query_text":"warrant check"}},{"query":{"id":[{"timestamp_usec":"1464752726723718"}],"query_text":"Angie Mardis Bail Bonds"}},{"query":{"id":[{"timestamp_usec":"1464741983450191"}],"query_text":"wheel spacers autozone"}},{"query":{"id":[{"timestamp_usec":"1464740639459424"}],"query_text":"HTC update"}},{"query":{"id":[{"timestamp_usec":"1464739978018655"}],"query_text":"Tractor Supply in Franklin Indiana"}},{"query":{"id":[{"timestamp_usec":"1464737481147032"}],"query_text":"how do I weld exhaust pipe with a wire feed welder flux"}},{"query":{"id":[{"timestamp_usec":"1464732767252968"}],"query_text":"Schumacher mig/flux welder model 90779 parts and diagram"}},{"query":{"id":[{"timestamp_usec":"1464732760349877"}],"query_text":"Schumacher mug/flux welder model 90779 parts and diagram"}},{"query":{"id":[{"timestamp_usec":"1464732607651443"}],"query_text":"Parts & diagram for a Schumacher wire Mig flux welder 105"}},{"query":{"id":[{"timestamp_usec":"1464732586554486"}],"query_text":"parts and diagram for a Schumacher"}},{"query":{"id":[{"timestamp_usec":"1464731052529024"},{"timestamp_usec":"1464732104793082"}],"query_text":"blown manifold gasket on 2004 Dodge Ram 1500 with 5.7 Hemi"}},{"query":{"id":[{"timestamp_usec":"1464730509952889"}],"query_text":"39.458366,-86.072754"}},{"query":{"id":[{"timestamp_usec":"1464729940061800"}],"query_text":"where to buy oxygen sensors go on my 04 Dodge Ram 1500 2004 with the five seven Hemi"}},{"query":{"id":[{"timestamp_usec":"1464713318185915"}],"query_text":"hip 2.0 providers"}},{"query":{"id":[{"timestamp_usec":"1464712526719490"},{"timestamp_usec":"1464712686579153"}],"query_text":"welding tips at tractor supply"}},{"query":{"id":[{"timestamp_usec":"1464712352966099"}],"query_text":"I don't care if you want it you better hurry"}},{"query":{"id":[{"timestamp_usec":"1464711392465052"}],"query_text":"what kind of wire should I use in my MIG welder to weld my exhaust"}},{"query":{"id":[{"timestamp_usec":"1464711320124462"}],"query_text":"what kind of welding wire do I need for my 90 AMP flux wire feed welder to weld exhaust for a car"}},{"query":{"id":[{"timestamp_usec":"1464698469122183"}],"query_text":"39.465706999999995,-86.032004 -> Indiana"}},{"query":{"id":[{"timestamp_usec":"1464698257559380"}],"query_text":"39°27'30.1\"N 86°04'22.2\"W"}},{"query":{"id":[{"timestamp_usec":"1464697614875018"}],"query_text":"39.458366,-86.072830"}},{"query":{"id":[{"timestamp_usec":"1464697574713029"},{"timestamp_usec":"1464697588544762"},{"timestamp_usec":"1464697602642669"}],"query_text":"39.458408,-86.072792"}},{"query":{"id":[{"timestamp_usec":"1464697462795178"}],"query_text":"39.475430,-86.062737"}},{"query":{"id":[{"timestamp_usec":"1464697427524076"}],"query_text":"39°28'31.6\"N 86°03'45.9\"W"}},{"query":{"id":[{"timestamp_usec":"1464697357434632"},{"timestamp_usec":"1464697408524496"}],"query_text":"39.475430,-86.062737"}},{"query":{"id":[{"timestamp_usec":"1464695473968734"},{"timestamp_usec":"1464695489563111"}],"query_text":"39.458328,-86.072105"}},{"query":{"id":[{"timestamp_usec":"1464695451892784"}],"query_text":"39.464016,-86.049934"}},{"query":{"id":[{"timestamp_usec":"1464695426383647"}],"query_text":"39.458443,-86.072670"}},{"query":{"id":[{"timestamp_usec":"1464695401925596"}],"query_text":"39.458385,-86.072105"}},{"query":{"id":[{"timestamp_usec":"1464686357811000"}],"query_text":"cell phone spy"}},{"query":{"id":[{"timestamp_usec":"1464686200381696"}],"query_text":"highster mobile review"}},{"query":{"id":[{"timestamp_usec":"1464685692623123"}],"query_text":"is there an app where i can receive my wife's text on my phone"}},{"query":{"id":[{"timestamp_usec":"1464685268540756"},{"timestamp_usec":"1464685301991986"},{"timestamp_usec":"1464685344433089"}],"query_text":"is there an app where I can receive my wife's text on my phone"}},{"query":{"id":[{"timestamp_usec":"1464683220507000"}],"query_text":"free people search free results info"}},{"query":{"id":[{"timestamp_usec":"1464682846514399"}],"query_text":"spoke"}},{"query":{"id":[{"timestamp_usec":"1464682776886728"}],"query_text":"look up people on facebook without an account"}},{"query":{"id":[{"timestamp_usec":"1464682660656306"}],"query_text":"is there anyway to get on to Facebook without making an account"}},{"query":{"id":[{"timestamp_usec":"1464682311558243"},{"timestamp_usec":"1464682371139254"},{"timestamp_usec":"1464682399635265"}],"query_text":"ta"}},{"query":{"id":[{"timestamp_usec":"1464682266287208"}],"query_text":"tvc"}},{"query":{"id":[{"timestamp_usec":"1464681901833519"}],"query_text":"Linda Kelly in Franklin Indiana"}},{"query":{"id":[{"timestamp_usec":"1464681854285546"}],"query_text":"linda duffy kelley facebook"}},{"query":{"id":[{"timestamp_usec":"1464681789844717"}],"query_text":"linda duffy kelley and deborah brown"}},{"query":{"id":[{"timestamp_usec":"1464681372248004"},{"timestamp_usec":"1464681751592531"}],"query_text":"linda duffy kelley facebook"}},{"query":{"id":[{"timestamp_usec":"1464681306101059"}],"query_text":"david kelly facebook"}},{"query":{"id":[{"timestamp_usec":"1464681220402992"}],"query_text":"kelly's lawn care princess lakes Indiana"}},{"query":{"id":[{"timestamp_usec":"1464681060969292"}],"query_text":"kelly's lawn care"}},{"query":{"id":[{"timestamp_usec":"1464680840001682"}],"query_text":"pics of Jim Kelly in princess lakes Indiana"}},{"query":{"id":[{"timestamp_usec":"1464680526547784"}],"query_text":"kelly's lawn care in princess lakes indiana"}},{"query":{"id":[{"timestamp_usec":"1464665135333566"}],"query_text":"39°27'29.0\"N 86°04'19.4\"W"}},{"query":{"id":[{"timestamp_usec":"1464664989294681"},{"timestamp_usec":"1464665004997791"}],"query_text":"39.458065,-86.072044"}},{"query":{"id":[{"timestamp_usec":"1464664969229073"}],"query_text":"39.475430,-86.062737"}},{"query":{"id":[{"timestamp_usec":"1464664909500289"}],"query_text":"39°27'30.4\"N 86°04'21.9\"W"}},{"query":{"id":[{"timestamp_usec":"1464664760730275"}],"query_text":"phone number to Straight Talk customer service"}},{"query":{"id":[{"timestamp_usec":"1464664377859948"}],"query_text":"how do i erase facebook"}},{"query":{"id":[{"timestamp_usec":"1464664171908309"}],"query_text":"39.458447,-86.072754"}},{"query":{"id":[{"timestamp_usec":"1464663804262209"}],"query_text":"39.475430,-86.062737"}},{"query":{"id":[{"timestamp_usec":"1464662741645111"},{"timestamp_usec":"1464663713093611"}],"query_text":"Kelly's lawn care in Princess Lakes Indiana"}},{"query":{"id":[{"timestamp_usec":"1464662678609211"}],"query_text":"Kelly's Lawn Care"}},{"query":{"id":[{"timestamp_usec":"1464656162353310"}],"query_text":"how do I fix the button on my welder"}},{"query":{"id":[{"timestamp_usec":"1464654423068520"}],"query_text":"2 7/16 exhaust flanges"}},{"query":{"id":[{"timestamp_usec":"1464653017207659"}],"query_text":"adult find gasket for 04 Dodge Ram 2500 2 wheel drive 5 7 Hemi"}},{"query":{"id":[{"timestamp_usec":"1464652992071514"}],"query_text":"adult find gasket for 04 Dodge Ram 2500 2 wheel drive 5.7 Hemi"}},{"query":{"id":[{"timestamp_usec":"1464652986358066"}],"query_text":"adult find gasket for 04 Dodge Ram 2500 2 wheel drive 5 7 Hemi"}},{"query":{"id":[{"timestamp_usec":"1464650938325641"}],"query_text":"pictures of donut gaskets for 2004 Dodge Ram 1500 V8 Hemi"}},{"query":{"id":[{"timestamp_usec":"1464650921729601"}],"query_text":"pictures of to hold donut gaskets for 2004 Dodge Ram 1500 V8 Hemi"}},{"query":{"id":[{"timestamp_usec":"1464648784943463"}],"query_text":"what is the part number for my donut gasket for my 2004 Dodge Ram hemi 2 wheel drive"}},{"query":{"id":[{"timestamp_usec":"1464648754229155"}],"query_text":"what kind of donut gasket does my 2004 Dodge Ram 1500 with a 5 7 Hemi motor 2 wheel drive take"}},{"query":{"id":[{"timestamp_usec":"1464648385856035"}],"query_text":"what kind of donut gasket does my 2004 Dodge Ram 1500 with a 5.7 Hemi motor 2 wheel drive take"}},{"query":{"id":[{"timestamp_usec":"1464648363806695"}],"query_text":"doughnut gasket for 2004 Dodge Ram"}},{"query":{"id":[{"timestamp_usec":"1464648342508299"}],"query_text":"exhaust donut gasket"}},{"query":{"id":[{"timestamp_usec":"1464648088113101"}],"query_text":"doughnut gasket for 2004 Dodge Ram"}},{"query":{"id":[{"timestamp_usec":"1464648075629191"}],"query_text":"diagram of exhaust for 2004 Dodge Ram 1500 2 wheel drive with a 5 7 Hemi motor"}},{"query":{"id":[{"timestamp_usec":"1464647467265025"},{"timestamp_usec":"1464647479517742"},{"timestamp_usec":"1464647600230248"},{"timestamp_usec":"1464647857713138"}],"query_text":"2004 dodge ram 1500 exhaust system diagram"}},{"query":{"id":[{"timestamp_usec":"1464647362328854"}],"query_text":"diagram of exhaust for 2004 Dodge Ram 1500 2 wheel drive with a 5 7 Hemi motor"}},{"query":{"id":[{"timestamp_usec":"1464646658639430"}],"query_text":"manifold flange for 2004 Dodge Ram 1500 with 5 7 Hemi liter motor 2 wheel drive"}},{"query":{"id":[{"timestamp_usec":"1464646594016591"}],"query_text":"manifold flange for 2004 Dodge Ram 1500 with 5.7 Hemi liter motor 2 wheel drive"}},{"query":{"id":[{"timestamp_usec":"1464646583542885"}],"query_text":"manifold flange for 2004 Dodge Ram 1500 with 5 7 Hemi liter motor 2 wheel drive"}},{"query":{"id":[{"timestamp_usec":"1464646569676987"}],"query_text":"man"}},{"query":{"id":[{"timestamp_usec":"1464645355671246"}],"query_text":"donut gasket for 04 Dodge Ram 1500 with a 5 7 Hemi motor"}},{"query":{"id":[{"timestamp_usec":"1464644649259178"}],"query_text":"donut gasket for pics of donut gasket for2004 Dodge Ram 1500 with a 5.7 Hemi motor"}},{"query":{"id":[{"timestamp_usec":"1464644605898099"}],"query_text":"donut gasket for 04 Dodge Ram 1500 with a 5.7 Hemi motor"}},{"query":{"id":[{"timestamp_usec":"1464644594252515"}],"query_text":"donut gasket for 04 Dodge Ram 1500 with a 5 7 Hemi motor"}},{"query":{"id":[{"timestamp_usec":"1464643714309406"}],"query_text":"picture of donut gaskets for 2004 Dodge Ram"}},{"query":{"id":[{"timestamp_usec":"1464639900407491"}],"query_text":"39.465881,-86.031647"}},{"query":{"id":[{"timestamp_usec":"1464639603116590"}],"query_text":"39.252419,-85.950424"}},{"query":{"id":[{"timestamp_usec":"1464639542518104"},{"timestamp_usec":"1464639562741895"}],"query_text":"39.083382,-86.433449"}},{"query":{"id":[{"timestamp_usec":"1464639500251729"}],"query_text":"39.067390,-86.508072"}},{"query":{"id":[{"timestamp_usec":"1464639468714728"}],"query_text":"39.081322,-86.436554"}},{"query":{"id":[{"timestamp_usec":"1464639453305670"}],"query_text":"39.083443,-86.433586"}},{"query":{"id":[{"timestamp_usec":"1464639434897555"}],"query_text":"39.083519,-86.433380"}},{"query":{"id":[{"timestamp_usec":"1464639410410003"}],"query_text":"39.083473,-86.433235"}},{"query":{"id":[{"timestamp_usec":"1464639329261786"}],"query_text":"39.465881,-86.031647"}},{"query":{"id":[{"timestamp_usec":"1464639297582626"},{"timestamp_usec":"1464639317718699"}],"query_text":"39.083515,-86.420784"}},{"query":{"id":[{"timestamp_usec":"1464639280539096"}],"query_text":"39.193459,-86.149071"}},{"query":{"id":[{"timestamp_usec":"1464639257430195"}],"query_text":"39.252419,-85.950424"}},{"query":{"id":[{"timestamp_usec":"1464639225273009"}],"query_text":"39.327251,-85.971443"}},{"query":{"id":[{"timestamp_usec":"1464639153406882"}],"query_text":"39.375088,-85.986176"}},{"query":{"id":[{"timestamp_usec":"1464638989465634"},{"timestamp_usec":"1464639044233386"}],"query_text":"39.416801,-85.998619"}},{"query":{"id":[{"timestamp_usec":"1464638958892224"}],"query_text":"39.458408,-86.072792"}},{"query":{"id":[{"timestamp_usec":"1464636529446458"}],"query_text":"does my 04 Dodge Ram 1500 2 wheel drive take donut gaskets"}},{"query":{"id":[{"timestamp_usec":"1464630386714502"}],"query_text":"(Current Location) -> Industrial Tool & Material Hdl, 11164 Old State Rd 67 N, Mooresville, IN 46158"}},{"query":{"id":[{"timestamp_usec":"1464630362078176"},{"timestamp_usec":"1464630382275461"}],"query_text":"Industrial Tool & Material Hdl, 11164 Old State Rd 67 N, Mooresville, IN 46158"}},{"query":{"id":[{"timestamp_usec":"1464630226177817"}],"query_text":"(Current Location) -> Industrial Tool & Material Hdl, 11164 Old State Rd 67 N, Mooresville, IN 46158"}},{"query":{"id":[{"timestamp_usec":"1464630197778680"}],"query_text":"material handling in Martinsville Indiana"}},{"query":{"id":[{"timestamp_usec":"1464630179906913"},{"timestamp_usec":"1464630179960302"},{"timestamp_usec":"1464630180624307"},{"timestamp_usec":"1464630184620814"}],"query_text":"Terrell handling in Martinsville Indiana"}},{"query":{"id":[{"timestamp_usec":"1464630146199065"}],"query_text":"Material Handling in Mooresville Indiana"}},{"query":{"id":[{"timestamp_usec":"1464630124703711"}],"query_text":"Material Handling Exchange, 1800 Churchman Ave, Indianapolis, IN 46203 -> (Current Location)"}},{"query":{"id":[{"timestamp_usec":"1464630024090798"}],"query_text":"(Current Location) -> Material Handling Exchange, 1800 Churchman Ave, Indianapolis, IN 46203"}},{"query":{"id":[{"timestamp_usec":"1464629985344185"}],"query_text":"material handler in Mooresville Indiana"}},{"query":{"id":[{"timestamp_usec":"1464628865768829"}],"query_text":"what's the fastest softball pitch ever made"}},{"query":{"id":[{"timestamp_usec":"1464628752135097"}],"query_text":"what is the fastest anyone has thrown a baseball"}},{"query":{"id":[{"timestamp_usec":"1464628314673954"}],"query_text":"craigslist bloomington"}},{"query":{"id":[{"timestamp_usec":"1464624770818042"}],"query_text":"craigslist bloomington"}},{"query":{"id":[{"timestamp_usec":"1464611960582661"}],"query_text":"how do I get my driver's license back after suspended for life for HPV in Johnson County Indiana"}},{"query":{"id":[{"timestamp_usec":"1464611230286186"}],"query_text":"craigslist bloomington"}},{"query":{"id":[{"timestamp_usec":"1464601315512707"}],"query_text":"Rooftop in Bloomington Indiana"}},{"query":{"id":[{"timestamp_usec":"1464582934890675"},{"timestamp_usec":"1464582996944537"},{"timestamp_usec":"1464583082393267"}],"query_text":"good sayings about bad girlfriends"}},{"query":{"id":[{"timestamp_usec":"1464582850688657"}],"query_text":"good sayings about Bad Girlfriend"}},{"query":{"id":[{"timestamp_usec":"1464572489196748"}],"query_text":"rooftop in bloomington indiana"}},{"query":{"id":[{"timestamp_usec":"1464572449844390"},{"timestamp_usec":"1464572470362990"}],"query_text":"Rooftop in Bloomington Indiana"}},{"query":{"id":[{"timestamp_usec":"1464569341286677"}],"query_text":"does DNR have the authority to arrest an FBI agent"}},{"query":{"id":[{"timestamp_usec":"1464564689240201"},{"timestamp_usec":"1464564992230585"}],"query_text":"craigslist bloomington"}},{"query":{"id":[{"timestamp_usec":"1464558155308470"}],"query_text":"phone number for hospital in Bloomington Indiana"}},{"query":{"id":[{"timestamp_usec":"1464544742065063"}],"query_text":"family saying downloads"}},{"query":{"id":[{"timestamp_usec":"1464543502253437"},{"timestamp_usec":"1464543812352601"},{"timestamp_usec":"1464544134413897"},{"timestamp_usec":"1464544734148148"}],"query_text":"cool saying"}},{"query":{"id":[{"timestamp_usec":"1464536545698875"}],"query_text":"will vegetable oil work for a suntan"}},{"query":{"id":[{"timestamp_usec":"1464521648430986"}],"query_text":"39.465851,-86.031715"}},{"query":{"id":[{"timestamp_usec":"1464520651014288"}],"query_text":"39°27'57.1\"N 86°01'53.9\"W"}},{"query":{"id":[{"timestamp_usec":"1464520612236470"}],"query_text":"39.465855,-86.031647"}},{"query":{"id":[{"timestamp_usec":"1464509686363034"}],"query_text":"39.447929,-86.029396"}},{"query":{"id":[{"timestamp_usec":"1464509611648335"}],"query_text":"39.067390,-86.508072"}},{"query":{"id":[{"timestamp_usec":"1464509564274585"}],"query_text":"39.465855,-86.031647"}},{"query":{"id":[{"timestamp_usec":"1464482433333433"}],"query_text":"39.458408,-86.072792"}},{"query":{"id":[{"timestamp_usec":"1464464911530511"},{"timestamp_usec":"1464464950585699"}],"query_text":"walmart near my location"}},{"query":{"id":[{"timestamp_usec":"1464464893230551"}],"query_text":"Park near my location"}},{"query":{"id":[{"timestamp_usec":"1464464747449000"}],"query_text":"phone tracker free"}},{"query":{"id":[{"timestamp_usec":"1464457106098025"}],"query_text":"local weather for my location"}},{"query":{"id":[{"timestamp_usec":"1464449605854102"}],"query_text":"(Current Location) -> Paynetown State Recreation Area, Bloomington, IN 47401"}},{"query":{"id":[{"timestamp_usec":"1464449605157903"}],"query_text":"paynetown Bloomington Indiana"}},{"query":{"id":[{"timestamp_usec":"1464448425335902"}],"query_text":"(Current Location) -> Paynetown State Recreation Area, Bloomington, IN 47401"}},{"query":{"id":[{"timestamp_usec":"1464448419506300"}],"query_text":"paynetown Bloomington Indiana"}},{"query":{"id":[{"timestamp_usec":"1464444877617471"}],"query_text":"(Current Location) -> Paynetown State Recreation Area, Bloomington, IN 47401"}},{"query":{"id":[{"timestamp_usec":"1464444870160768"}],"query_text":"paynetown Bloomington Indiana"}},{"query":{"id":[{"timestamp_usec":"1464430240929700"}],"query_text":"39°27'30.3\"N 86°04'22.1\"W"}},{"query":{"id":[{"timestamp_usec":"1464430221390421"}],"query_text":"39.458408,-86.072792"}},{"query":{"id":[{"timestamp_usec":"1464430205916743"}],"query_text":"39.458447,-86.072830"}},{"query":{"id":[{"timestamp_usec":"1464430172717950"}],"query_text":"39.458363,-86.072670"}},{"query":{"id":[{"timestamp_usec":"1464430126326138"},{"timestamp_usec":"1464430139267322"}],"query_text":"39.789772,-86.163460"}},{"query":{"id":[{"timestamp_usec":"1464417019562898"}],"query_text":"39.458408,-86.072792"}},{"query":{"id":[{"timestamp_usec":"1464416996500043"}],"query_text":"39.458431,-86.072372"}},{"query":{"id":[{"timestamp_usec":"1464416958823036"}],"query_text":"39.458431,-86.072388"}},{"query":{"id":[{"timestamp_usec":"1464416910519667"}],"query_text":"39.458363,-86.072670"}},{"query":{"id":[{"timestamp_usec":"1464414868559937"}],"query_text":"why is my protector sign coming up on my Sony home surround system"}},{"query":{"id":[{"timestamp_usec":"1464413700183111"},{"timestamp_usec":"1464413720298919"},{"timestamp_usec":"1464413819659014"},{"timestamp_usec":"1464413860776303"},{"timestamp_usec":"1464413905019723"},{"timestamp_usec":"1464413932926500"}],"query_text":"Gladiator tattoo pics"}},{"query":{"id":[{"timestamp_usec":"1464413581665436"}],"query_text":"tattoo apps"}},{"query":{"id":[{"timestamp_usec":"1464413242187939"},{"timestamp_usec":"1464413273954057"},{"timestamp_usec":"1464413298187322"},{"timestamp_usec":"1464413299156063"}],"query_text":"tribal tattoo pictures"}},{"query":{"id":[{"timestamp_usec":"1464413114668242"},{"timestamp_usec":"1464413166349111"},{"timestamp_usec":"1464413166419826"},{"timestamp_usec":"1464413212282216"},{"timestamp_usec":"1464413219512832"}],"query_text":"family tree tattoo pictures"}},{"query":{"id":[{"timestamp_usec":"1464412942566799"}],"query_text":"pictures of pyramid tattoos"}},{"query":{"id":[{"timestamp_usec":"1464412392618686"}],"query_text":"outlaw tattoo pics"}},{"query":{"id":[{"timestamp_usec":"1464405654169323"}],"query_text":"a"}},{"query":{"id":[{"timestamp_usec":"1464405457312673"}],"query_text":"local weather for Franklin Indiana"}},{"query":{"id":[{"timestamp_usec":"1464402575192472"}],"query_text":"pictures of MV Agusta"}},{"query":{"id":[{"timestamp_usec":"1464401231404045"}],"query_text":"pictures of cool Bible tattoos"}},{"query":{"id":[{"timestamp_usec":"1464400748885736"},{"timestamp_usec":"1464401107475617"}],"query_text":"pictures of tattoos with meaning"}},{"query":{"id":[{"timestamp_usec":"1464400645244135"}],"query_text":"picture of Metal Mulisha tattoo"}},{"query":{"id":[{"timestamp_usec":"1464399938990227"}],"query_text":"Aries symbol tattoos"}},{"query":{"id":[{"timestamp_usec":"1464399912376171"}],"query_text":"cool tattoo sayings"}},{"query":{"id":[{"timestamp_usec":"1464399542955964"},{"timestamp_usec":"1464399554504907"},{"timestamp_usec":"1464399618490244"},{"timestamp_usec":"1464399660785422"},{"timestamp_usec":"1464399711325265"},{"timestamp_usec":"1464399719711611"}],"query_text":"pictures of tribal tattoos"}},{"query":{"id":[{"timestamp_usec":"1464399347722148"},{"timestamp_usec":"1464399520734080"},{"timestamp_usec":"1464399537728728"}],"query_text":"tribal tattoo on Dusk Till Dawn George Clooney"}},{"query":{"id":[{"timestamp_usec":"1464399331046512"}],"query_text":"tribal tattoos pictures"}},{"query":{"id":[{"timestamp_usec":"1464399175889375"}],"query_text":"cool tattoos"}},{"query":{"id":[{"timestamp_usec":"1464399073331465"}],"query_text":"how to tattoo"}},{"query":{"id":[{"timestamp_usec":"1464369943191000"}],"query_text":"camping checklist"}},{"query":{"id":[{"timestamp_usec":"1464358273971474"}],"query_text":"pawn shop in Whiteland Indiana"}},{"query":{"id":[{"timestamp_usec":"1464354317766348"}],"query_text":"can I do my Marion County"}},{"query":{"id":[{"timestamp_usec":"1464354253877499"}],"query_text":"can I do my Marion County community service in Johnson County"}},{"query":{"id":[{"timestamp_usec":"1464354244544520"}],"query_text":"can I do my Marion County"}},{"query":{"id":[{"timestamp_usec":"1464354135037865"}],"query_text":"fire station 30 indianapolis"}},{"query":{"id":[{"timestamp_usec":"1464354037921335"}],"query_text":"places I can do community service for Marion county in"}},{"query":{"id":[{"timestamp_usec":"1464322034009423"}],"query_text":"how can i make my internet signal stronger"}},{"query":{"id":[{"timestamp_usec":"1464314566028000"}],"query_text":"root explorer"}},{"query":{"id":[{"timestamp_usec":"1464312926129691"}],"query_text":"can I link two phones together"}},{"query":{"id":[{"timestamp_usec":"1464312853000000"}],"query_text":"link flash"}},{"query":{"id":[{"timestamp_usec":"1464305742871254"}],"query_text":"what kind of battery does my 1999 Kawasaki Vulcan 750"}},{"query":{"id":[{"timestamp_usec":"1464263116476532"}],"query_text":"Samsung sgh-917"}},{"query":{"id":[{"timestamp_usec":"1464188591726893"}],"query_text":"Millie's in Amity Indiana"}},{"query":{"id":[{"timestamp_usec":"1464143805820000"}],"query_text":"daily planner and scheduler calendar"}},{"query":{"id":[{"timestamp_usec":"1464137327660530"}],"query_text":"warrant check"}},{"query":{"id":[{"timestamp_usec":"1464134396947659"}],"query_text":"warrant check"}},{"query":{"id":[{"timestamp_usec":"1464134261140666"}],"query_text":"Angie Mardis Bail Bonds"}},{"query":{"id":[{"timestamp_usec":"1464116965078601"}],"query_text":"geek in pink in Franklin Indiana"}},{"query":{"id":[{"timestamp_usec":"1464109385666057"}],"query_text":"face"}},{"query":{"id":[{"timestamp_usec":"1464056448180000"}],"query_text":"cell phone repair"}},{"query":{"id":[{"timestamp_usec":"1464054837832000"},{"timestamp_usec":"1464056404211000"}],"query_text":"google earth"}},{"query":{"id":[{"timestamp_usec":"1464053305846000"}],"query_text":"flashlight"}},{"query":{"id":[{"timestamp_usec":"1464042960144114"}],"query_text":"University of Kentucky hospital"}},{"query":{"id":[{"timestamp_usec":"1464042871858026"}],"query_text":"valle vista in greenwood indiana"}},{"query":{"id":[{"timestamp_usec":"1464042860907405"}],"query_text":"Bella Vista in Greenwood Indiana"}},{"query":{"id":[{"timestamp_usec":"1464042788821002"}],"query_text":"Valle Vista in Greenwood Indiana"}},{"query":{"id":[{"timestamp_usec":"1464023266085905"}],"query_text":"Johnson County inmate lookup"}},{"query":{"id":[{"timestamp_usec":"1464020065268109"},{"timestamp_usec":"1464020110288255"}],"query_text":"geek in pink in Franklin Indiana"}},{"query":{"id":[{"timestamp_usec":"1464020064300973"}],"query_text":"Clymer, NY 1"}},{"query":{"id":[{"timestamp_usec":"1464017981702757"}],"query_text":"(Current Location) -> N Meridian St, Indiana"}},{"query":{"id":[{"timestamp_usec":"1464017855379263"}],"query_text":"Meridian Street in Indianapolis Indiana"}},{"query":{"id":[{"timestamp_usec":"1464017827395838"}],"query_text":"Meridian Street Indianapolis Indiana"}},{"query":{"id":[{"timestamp_usec":"1464006406799000"}],"query_text":"app killer"}},{"query":{"id":[{"timestamp_usec":"1464004065343477"},{"timestamp_usec":"1464004103298476"}],"query_text":"(Current Location) -> MARION COUNTY CLERK'S OFFICE, 200 E Washington St W122, Indianapolis, IN 46204"}},{"query":{"id":[{"timestamp_usec":"1464003876591340"}],"query_text":"Marion County Probation building"}},{"query":{"id":[{"timestamp_usec":"1464003858094508"}],"query_text":"president obama visit vietnam"}},{"query":{"id":[{"timestamp_usec":"1463958775284000"}],"query_text":"intelius"}},{"query":{"id":[{"timestamp_usec":"1463043635476000"}],"query_text":"Coin dozer"}},{"query":{"id":[{"timestamp_usec":"1463042386174000"},{"timestamp_usec":"1463042386641000"}],"query_text":"pname:com.svox.langpack.installer"}},{"query":{"id":[{"timestamp_usec":"1463042101576000"}],"query_text":"claw machine"}},{"query":{"id":[{"timestamp_usec":"1463011768768070"}],"query_text":"daily journal franklin in april 27 2016"}},{"query":{"id":[{"timestamp_usec":"1463011699917794"}],"query_text":"daily journal franklin in april 28th"}},{"query":{"id":[{"timestamp_usec":"1463011678530763"}],"query_text":"daily journal franklin in april 28th david brown"}},{"query":{"id":[{"timestamp_usec":"1463011657913196"}],"query_text":"daily journal franklin in apri"}},{"query":{"id":[{"timestamp_usec":"1463011653142419"}],"query_text":"daily journal franklin in"}},{"query":{"id":[{"timestamp_usec":"1462992020266912"}],"query_text":"walmart"}},{"query":{"id":[{"timestamp_usec":"1462938572644736"}],"query_text":"text now cell phone"}},{"query":{"id":[{"timestamp_usec":"1462928490680473"}],"query_text":"text now cell phone"}},{"query":{"id":[{"timestamp_usec":"1462925172812312"}],"query_text":"text now cell motorolla"}},{"query":{"id":[{"timestamp_usec":"1462925110347689"}],"query_text":"text now cell phone"}},{"query":{"id":[{"timestamp_usec":"1462920894252031"}],"query_text":"indiana i◀nmate search"}},{"query":{"id":[{"timestamp_usec":"1462920604309227"}],"query_text":"Decatur County Sheriff's Department Greensburg, IN"}},{"query":{"id":[{"timestamp_usec":"1462920596868668"}],"query_text":"greensburg indiana jail"}},{"query":{"id":[{"timestamp_usec":"1462920586708836"}],"query_text":"greensburg indiana"}},{"query":{"id":[{"timestamp_usec":"1462918843765889"},{"timestamp_usec":"1462918848980568"}],"query_text":"beanie facbook"}},{"query":{"id":[{"timestamp_usec":"1462681368421163"}],"query_text":"pintrest"}},{"query":{"id":[{"timestamp_usec":"1462681300941381"},{"timestamp_usec":"1462681308927353"}],"query_text":"pic of the symbol that means tainted"}},{"query":{"id":[{"timestamp_usec":"1462680601014646"}],"query_text":"tainted definition urban dictionary"}},{"query":{"id":[{"timestamp_usec":"1462680597756541"}],"query_text":"tainted definition the crucible"}},{"query":{"id":[{"timestamp_usec":"1462680202962985"},{"timestamp_usec":"1462680215289378"},{"timestamp_usec":"1462680225769248"},{"timestamp_usec":"1462680278571472"},{"timestamp_usec":"1462680309375615"},{"timestamp_usec":"1462680318348308"},{"timestamp_usec":"1462680331469651"}],"query_text":"Symbol that means tainted"}},{"query":{"id":[{"timestamp_usec":"1462680175921168"}],"query_text":"Symble that means tainted"}},{"query":{"id":[{"timestamp_usec":"1462680046200746"},{"timestamp_usec":"1462680077407427"},{"timestamp_usec":"1462680097841244"},{"timestamp_usec":"1462680116800449"},{"timestamp_usec":"1462680143758431"},{"timestamp_usec":"1462680149023228"}],"query_text":"Tribal tattoo x and o"}},{"query":{"id":[{"timestamp_usec":"1462679928938795"},{"timestamp_usec":"1462679950753301"},{"timestamp_usec":"1462679964481076"},{"timestamp_usec":"1462679986975923"},{"timestamp_usec":"1462679999806116"},{"timestamp_usec":"1462680024003491"}],"query_text":"Tribal tattoo on fingers share same tattoo as friends"}},{"query":{"id":[{"timestamp_usec":"1462679819823764"},{"timestamp_usec":"1462679845515758"},{"timestamp_usec":"1462679861876845"},{"timestamp_usec":"1462679880010594"},{"timestamp_usec":"1462679907619422"}],"query_text":"Tribal tattoo on fingers"}},{"query":{"id":[{"timestamp_usec":"1462679689943687"}],"query_text":"Trible tatto on fingers"}},{"query":{"id":[{"timestamp_usec":"1462679336849404"},{"timestamp_usec":"1462679363463166"},{"timestamp_usec":"1462679381143465"},{"timestamp_usec":"1462679395021687"},{"timestamp_usec":"1462679409885017"},{"timestamp_usec":"1462679431118005"},{"timestamp_usec":"1462679462754781"},{"timestamp_usec":"1462679477249296"},{"timestamp_usec":"1462679487052429"},{"timestamp_usec":"1462679496356732"},{"timestamp_usec":"1462679509270310"},{"timestamp_usec":"1462679531800208"},{"timestamp_usec":"1462679542408713"},{"timestamp_usec":"1462679548737167"},{"timestamp_usec":"1462679553372514"},{"timestamp_usec":"1462679623314180"},{"timestamp_usec":"1462679628362580"},{"timestamp_usec":"1462679633062266"},{"timestamp_usec":"1462679639702874"},{"timestamp_usec":"1462679662716066"},{"timestamp_usec":"1462679668485055"}],"query_text":"tribal x n o"}},{"query":{"id":[{"timestamp_usec":"1462679287548679"},{"timestamp_usec":"1462679317904174"}],"query_text":"trible x n o"}},{"query":{"id":[{"timestamp_usec":"1462676362146593"}],"query_text":"tattoo supplies"}},{"query":{"id":[{"timestamp_usec":"1462674375211662"},{"timestamp_usec":"1462674423742534"}],"query_text":"plainfield prison stop"}},{"query":{"id":[{"timestamp_usec":"1462674103284449"},{"timestamp_usec":"1462674229596732"}],"query_text":"uk hospital"}},{"query":{"id":[{"timestamp_usec":"1462672825471197"}],"query_text":"162 Lynhurst St, Franklin, IN 46131 -> UK Albert B. Chandler Hospital"}},{"query":{"id":[{"timestamp_usec":"1462671233259771"},{"timestamp_usec":"1462672816268655"}],"query_text":"uk hospital"}},{"query":{"id":[{"timestamp_usec":"1462236397951850"}],"query_text":"lost boy"}},{"query":{"id":[{"timestamp_usec":"1462157348424712"}],"query_text":"39.492046,-86.058533"}},{"query":{"id":[{"timestamp_usec":"1462157308140272"}],"query_text":"39.492260,-86.064072"}},{"query":{"id":[{"timestamp_usec":"1462157296544163"}],"query_text":"39°29'55.1\"N 86°04'09.0\"W"}},{"query":{"id":[{"timestamp_usec":"1462157166312530"}],"query_text":"39.498650,-86.069176"}},{"query":{"id":[{"timestamp_usec":"1462083505279452"}],"query_text":"JOIN EMAIL LIST"}},{"query":{"id":[{"timestamp_usec":"1462082549755825"}],"query_text":"branchville"}},{"query":{"id":[{"timestamp_usec":"1462066905383858"}],"query_text":"branchville"}},{"query":{"id":[{"timestamp_usec":"1462062957791400"}],"query_text":"dustin fletcher"}},{"query":{"id":[{"timestamp_usec":"1462053562767078"}],"query_text":"dustin fletcher he is 22 years old"}},{"query":{"id":[{"timestamp_usec":"1462053533899171"}],"query_text":"dustin fletcher"}},{"query":{"id":[{"timestamp_usec":"1462052374219880"}],"query_text":"dustin fletcher 22 years old"}},{"query":{"id":[{"timestamp_usec":"1462052325681141"}],"query_text":"dustin fletcher"}},{"query":{"id":[{"timestamp_usec":"1461967207542826"}],"query_text":"tyrl"}},{"query":{"id":[{"timestamp_usec":"1461930295744781"}],"query_text":"what if you didn't know"}},{"query":{"id":[{"timestamp_usec":"1461930042201683"},{"timestamp_usec":"1461930070133769"},{"timestamp_usec":"1461930074123461"}],"query_text":"child support card indiana"}},{"query":{"id":[{"timestamp_usec":"1461930037616064"}],"query_text":"childsuport card indiana"}},{"query":{"id":[{"timestamp_usec":"1461928286216931"},{"timestamp_usec":"1461928292675887"}],"query_text":"thislifeilive.com"}},{"query":{"id":[{"timestamp_usec":"1461928283704651"}],"query_text":"This life i live. Com"}},{"query":{"id":[{"timestamp_usec":"1461928249135670"}],"query_text":"joey feek cancer"}},{"query":{"id":[{"timestamp_usec":"1461928178077712"},{"timestamp_usec":"1461928183246025"}],"query_text":"joy feek"}},{"query":{"id":[{"timestamp_usec":"1461928178064815"}],"query_text":"eccentric definition"}},{"query":{"id":[{"timestamp_usec":"1461922216619025"}],"query_text":"eccentric definition"}},{"query":{"id":[{"timestamp_usec":"1461919218192522"}],"query_text":"how do i dry burn and change my wick in my vape tank"}},{"query":{"id":[{"timestamp_usec":"1461918778529143"},{"timestamp_usec":"1461918999324442"}],"query_text":"i cleaned my vape tank and the wicks are still wet can i add the juice to it nd it be ok"}},{"query":{"id":[{"timestamp_usec":"1461918736741245"}],"query_text":"whats"}},{"query":{"id":[{"timestamp_usec":"1461918642505825"}],"query_text":"4 mg is equal to how many ml"}},{"query":{"id":[{"timestamp_usec":"1461918584550652"}],"query_text":"4mg is what in %"}},{"query":{"id":[{"timestamp_usec":"1461918188072447"}],"query_text":"cleaning vape tank"}},{"query":{"id":[{"timestamp_usec":"1461918034533429"}],"query_text":"eccentric definition"}},{"query":{"id":[{"timestamp_usec":"1461917851550060"}],"query_text":"jester names"}},{"query":{"id":[{"timestamp_usec":"1461917846294414"}],"query_text":"jester in a sentence"}},{"query":{"id":[{"timestamp_usec":"1461917746352892"}],"query_text":"jester"}},{"query":{"id":[{"timestamp_usec":"1461917464684713"}],"query_text":"mahovie desert"}},{"query":{"id":[{"timestamp_usec":"1461916818634183"}],"query_text":"how to clean my vape tank"}},{"query":{"id":[{"timestamp_usec":"1461916784740522"}],"query_text":"7 little words"}},{"query":{"id":[{"timestamp_usec":"1461916567139958"}],"query_text":"carole king opus"}},{"query":{"id":[{"timestamp_usec":"1461916542999441"}],"query_text":"carole king"}},{"query":{"id":[{"timestamp_usec":"1461916182767695"},{"timestamp_usec":"1461916235934743"}],"query_text":"3176662411"}},{"query":{"id":[{"timestamp_usec":"1461916144298923"}],"query_text":"316662411"}},{"query":{"id":[{"timestamp_usec":"1461915158383537"}],"query_text":"mobile operating system"}},{"query":{"id":[{"timestamp_usec":"1461915090827854"}],"query_text":"404"}},{"query":{"id":[{"timestamp_usec":"1461914980815372"}],"query_text":"cnet"}},{"query":{"id":[{"timestamp_usec":"1461914923766728"}],"query_text":"softonic review"}},{"query":{"id":[{"timestamp_usec":"1461914819933938"},{"timestamp_usec":"1461914890367628"}],"query_text":"mobile operating system"}},{"query":{"id":[{"timestamp_usec":"1461914520119398"}],"query_text":"mobile application software"}},{"query":{"id":[{"timestamp_usec":"1461914445085080"}],"query_text":"softonic mobile"}},{"query":{"id":[{"timestamp_usec":"1461914387370329"}],"query_text":"softonic"}},{"query":{"id":[{"timestamp_usec":"1461913986728883"}],"query_text":"404"}},{"query":{"id":[{"timestamp_usec":"1461913834502845"}],"query_text":"inmate in a indiana prison"}},{"query":{"id":[{"timestamp_usec":"1461912690121510"},{"timestamp_usec":"1461912759760795"}],"query_text":"http://ryfrawi.eu/"}},{"query":{"id":[{"timestamp_usec":"1461279346300841"}],"query_text":"open diary"}},{"query":{"id":[{"timestamp_usec":"1461279295312486"}],"query_text":"The Haunting in Connecticut: Unrated"}},{"query":{"id":[{"timestamp_usec":"1461279285923769"}],"query_text":"haunting in connecticut"}},{"query":{"id":[{"timestamp_usec":"1461276387079670"}],"query_text":"9s"}},{"query":{"id":[{"timestamp_usec":"1461265971226803"}],"query_text":"jimmy johns"}},{"query":{"id":[{"timestamp_usec":"1461262830255524"}],"query_text":"jimmy johns"}},{"query":{"id":[{"timestamp_usec":"1461219351364637"}],"query_text":"taco bell franklin in"}},{"query":{"id":[{"timestamp_usec":"1461219341709992"}],"query_text":"taco bell"}},{"query":{"id":[{"timestamp_usec":"1461217685697836"}],"query_text":"connect internet server"}},{"query":{"id":[{"timestamp_usec":"1461217660390873"}],"query_text":"connect computer server"}},{"query":{"id":[{"timestamp_usec":"1461217473975357"}],"query_text":"how do i connect to a server"}},{"query":{"id":[{"timestamp_usec":"1461216768108127"}],"query_text":"branchville inmate lookup"}},{"query":{"id":[{"timestamp_usec":"1461216697892676"}],"query_text":"halfway house valparaiso indiana"}},{"query":{"id":[{"timestamp_usec":"1460791137717245"}],"query_text":"lone survivor"}},{"query":{"id":[{"timestamp_usec":"1460790516355109"}],"query_text":"and then I say whatever whatever"}},{"query":{"id":[{"timestamp_usec":"1460785290247165"}],"query_text":"and then I say whatever whatever"}},{"query":{"id":[{"timestamp_usec":"1460780123928881"}],"query_text":"how do i use my NFC setting on my kyocera boost with my windows lumina cell phone"}},{"query":{"id":[{"timestamp_usec":"1460776947110758"}],"query_text":"how do i use my NFC setting on my kyocera boost with my windows lumina cell phone"}}]}