{"event":[{"query":{"id":[{"timestamp_usec":"1458397233913573"},{"timestamp_usec":"1458397285887912"}],"query_text":"movies 8"}},{"query":{"id":[{"timestamp_usec":"1454715135600205"}],"query_text":"franklin indiana high.school"}},{"query":{"id":[{"timestamp_usec":"1454715130597097"}],"query_text":"franklin indiana high.sxhool"}},{"query":{"id":[{"timestamp_usec":"1454666841478612"}],"query_text":"octopus"}},{"query":{"id":[{"timestamp_usec":"1454658141916302"}],"query_text":"Kenyon's Creations Indianapolis, IN"}},{"query":{"id":[{"timestamp_usec":"1454656875111359"},{"timestamp_usec":"1454658083290292"},{"timestamp_usec":"1454658093873509"}],"query_text":"blown glass"}},{"query":{"id":[{"timestamp_usec":"1454656551134405"}],"query_text":"Hot Blown Glass Clayton, IN"}},{"query":{"id":[{"timestamp_usec":"1454656498556470"}],"query_text":"blown glass"}},{"query":{"id":[{"timestamp_usec":"1454602045144350"}],"query_text":"youtube"}},{"query":{"id":[{"timestamp_usec":"1453911142320340"}],"query_text":"craigslist"}},{"query":{"id":[{"timestamp_usec":"1453855580796700"}],"query_text":"( ͡° ͜ʖ ͡°)"}},{"query":{"id":[{"timestamp_usec":"1453816507746664"},{"timestamp_usec":"1453816539903793"},{"timestamp_usec":"1453816551414364"},{"timestamp_usec":"1453816551442862"}],"query_text":"105 Lancelot Drive, Franklin, IN -> 882 S State Rd 135, Greenwood, IN 46143"}},{"query":{"id":[{"timestamp_usec":"1453816399275572"}],"query_text":"walmart in greenwood indiana"}},{"query":{"id":[{"timestamp_usec":"1453811782069867"}],"query_text":"pill idenifer"}},{"query":{"id":[{"timestamp_usec":"1451799347136087"}],"query_text":"my google drive"}},{"query":{"id":[{"timestamp_usec":"1451793232983382"}],"query_text":"my google drive"}},{"query":{"id":[{"timestamp_usec":"1451792471259205"}],"query_text":"gma"}}]}